200
0.738838 0.940576 0.844348 0.68301 0.494251 0.881773 0.49546 0.949608 0.308547 0.0169955 0.538545 0.438149 0.0872254 0.87727 0.605587 0.0272172 0.460042 0.219176 0.526498 0.676911 0.172253 0.981248 0.883402 0.299872 0.451057 0.10058 0.740154 0.716598 0.366743 0.411913 0.928195 0.742701 0.553401 0.523525 0.219755 0.383695 0.922111 0.337976 0.400799 0.406196 0.0545455 0.279883 0.751347 0.629383 0.648536 0.923687 0.75898 0.860014 0.852741 0.531653 0.569648 0.899399 0.619568 0.41417 0.330304 0.0181859 0.347509 0.0916787 0.808587 0.782593 0.0995313 0.631168 0.448962 0.196782 0.532385 0.63107 0.843429 0.44243 0.368154 0.362931 0.431959 0.390139 0.160256 0.0194928 0.794061 0.68913 0.75982 0.0588374 0.279935 0.838197 0.569107 0.573545 0.0134343 0.152572 0.931714 0.657393 0.552519 0.0496987 0.691052 0.285388 0.0188805 0.940859 0.789383 0.311958 0.7505 0.67524 0.960668 0.221699 0.035139 0.0861996 0.107513 0.553744 0.867046 0.0229371 0.319931 0.632361 0.187475 0.530364 0.429732 0.900473 0.970617 0.831841 0.488971 0.353567 0.708521 0.267712 0.631753 0.649561 0.445045 0.949015 0.625905 0.789698 0.45983 0.223295 0.596652 0.564118 0.300237 0.512053 0.902424 0.61676 0.211422 0.559388 0.900203 0.500683 0.698015 0.82988 0.968734 0.943619 0.643512 0.579483 0.229735 0.701056 0.998437 0.900808 0.611374 0.673445 0.911003 0.925342 0.767845 0.275335 0.346317 0.988467 0.904466 0.0283951 0.251852 0.411571 0.777844 0.271697 0.813201 0.828326 0.87863 0.5356 0.90939 0.384405 0.388604 0.430919 0.419434 0.123133 0.0988119 0.567617 0.467212 0.23684 0.530743 0.810586 0.647956 0.658238 0.926418 0.0197351 0.172814 0.624451 0.807892 0.527919 0.944403 0.877473 0.111168 0.0801682 0.668687 0.710641 0.770096 0.95326 0.0707135 0.539435 0.917966 0.775992 0.301435 0.0571791 0.552808 0.944816 0.456048 0.247908
0.413449 0.0197502 0.0460332 0.866297 0.572072 0.361134 0.372476 0.690454 0.954225 0.803297 0.727552 0.86527 0.502218 0.172003 0.54084 0.0842739 0.954147 0.581944 0.00277872 0.823655 0.304528 0.017644 0.894953 0.747248 0.103485 0.602846 0.686032 0.727673 0.265804 0.923694 0.155203 0.322777 0.0461417 0.889629 0.775005 0.110384 0.553058 0.138663 0.533185 0.844614 0.721054 0.40231 0.574065 0.110685 0.360708 0.964331 0.308067 0.610609 0.80824 0.986306 0.234906 0.256591 0.159136 0.855762 0.591063 0.672705 0.0216822 0.915059 0.567425 0.467819 0.0677674 0.746229 0.0916019 0.464034 0.168967 0.449931 0.747485 0.471367 0.362499 0.815412 0.613429 0.950942 0.675882 0.613749 0.556034 0.414481 0.329863 0.90488 0.513106 0.769992 0.685119 0.682544 0.789995 0.648526 0.409939 0.334011 0.557187 0.152145 0.80252 0.767904 0.653551 0.684611 0.407438 0.568538 0.378654 0.72341 0.896938 0.198091 0.881456 0.759721 0.890419 0.754542 0.89887 0.789797 0.145082 0.905847 0.618082 0.425388 0.943237 0.206149 0.260056 0.106206 0.320081 0.367611 0.248336 0.306304 0.142645 0.957938 0.775092 0.902175 0.137466 0.504745 0.857131 0.385492 0.419533 0.464003 0.356295 0.488836 0.408831 0.0273454 0.361189 0.641016 0.040793 0.762902 0.579917 0.00761557 0.449464 0.30296 0.858513 0.863453 0.949308 0.693985 0.877528 0.734092 0.0829374 0.496796 0.878563 0.939681 0.474324 0.967931 0.879488 0.65556 0.257014 0.990728 0.805236 0.0445725 0.456653 0.332363 0.664317 0.342127 0.595026 0.64858 0.151734 0.894492 0.0866701 0.368944 0.638241 0.335832 0.138127 0.698667 0.0213031 0.706243 0.360111 0.895347 0.17556 0.652331 0.0982871 0.212572 0.995077 0.959209 0.100473 0.239804 0.235866 0.679474 0.277184 0.749508 0.0984646 0.576232 0.51681 0.628937 0.351829 0.95604 0.0106284 0.363974 0.685255 0.831298 0.545404 0.065968 0.0189455 0.333212
0.933528 0.470715 0.449848 0.24681 0.203308 0.233011 0.0591477 0.269772 0.926471 0.270615 0.911321 0.15076 0.305483 0.499407 0.791245 0.540115 0.181315 0.458565 0.00408063 0.21474 0.948627 0.922013 0.888737 0.149493 0.438496 0.916067 0.812452 0.0947528 0.232849 0.915884 0.220161 0.742227 0.178621 0.819205 0.621502 0.133002 0.64127 0.500477 0.0717243 0.423869 0.225911 0.627676 0.448809 0.423143 0.392459 0.218448 0.1221 0.552758 0.209407 0.140317 0.587275 0.342218 0.358099 0.0358359 0.127618 0.946911 0.0124124 0.353148 0.490119 0.51603 0.958132 0.881483 0.272757 0.016231 0.674462 0.635237 0.744964 0.539817 0.320615 0.775772 0.502931 0.436678 0.438078 0.252484 0.538202 0.0267104 0.474313 0.314329 0.460789 0.993389 0.745826 0.829672 0.158896 0.424323 0.13826 0.67489 0.732656 0.271461 0.421083 0.147535 0.689735 0.322658 0.280682 0.444398 0.493791 0.198345 0.912053 0.686755 0.225632 0.905208 0.20062 0.285556 0.950837 0.128611 0.732539 0.989394 0.678946 0.640711 0.847936 0.590801 0.371329 0.194796 0.711168 0.603595 0.697878 0.825293 0.639118 0.138749 0.247333 0.631106 0.0187632 0.860205 0.733738 0.0790592 0.193748 0.602107 0.254447 0.145027 0.859356 0.727488 0.625977 0.507976 0.64347 0.539996 0.864811 0.627833 0.829407 0.154565 0.625411 0.926397 0.0147383 0.127775 0.556621 0.512977 0.290564 0.0425175 0.778476 0.506998 0.0391593 0.639096 0.921737 0.0345094 0.643563 0.853932 0.585639 0.905049 0.727925 0.142376 0.846236 0.479263 0.427927 0.824361 0.316938 0.401388 0.712417 0.300672 0.956727 0.156737 0.474104 0.555015 0.400546 0.0277392 0.530331 0.513673 0.676643 0.276752 0.0566277 0.416339 0.716341 0.0490687 0.471423 0.778148 0.548163 0.714703 0.0380605 0.0309782 0.620652 0.400203 0.818354 0.807774 0.0442426 0.227254 0.897734 0.396731 0.0241959 0.544531 0.59108 0.602967 0.893018 0.139671
0.669869 0.531266 0.509304 0.516499 0.899318 0.734167 0.00268165 0.095997 0.717082 0.198033 0.36713 0.128505 0.174955 0.84363 0.47427 0.219677 0.970964 0.599124 0.065168 0.665032 0.0706899 0.912145 0.522285 0.0498758 0.479208 0.571634 0.678745 0.619166 0.641168 0.414724 0.622805 0.557933 0.57122 0.159813 0.221713 0.359433 0.74773 0.602099 0.901138 0.00242692 0.767364 0.0622222 0.341473 0.821853 0.261686 0.738364 0.736901 0.595045 0.225107 0.216065 0.666518 0.0670273 0.097148 0.28018 0.303007 0.942004 0.048623 0.892058 0.362686 0.00192281 0.644361 0.795121 0.174914 0.304597 0.438845 0.196283 0.947926 0.851706 0.0896033 0.535002 0.0984976 0.527723 0.854817 0.994173 0.0928098 0.912138 0.177781 0.153263 0.41368 0.5519 0.571276 0.473079 0.0112563 0.302548 0.886887 0.424883 0.388348 0.348572 0.602745 0.64284 0.44419 0.427928 0.600709 0.233528 0.352616 0.218359 0.649209 0.357849 0.690443 0.3878 0.835652 0.351246 0.863844 0.45113 0.75727 0.414695 0.348471 0.243121 0.185651 0.268922 0.553921 0.274756 0.838799 0.880292 0.928684 0.728668 0.461034 0.964177 0.789031 0.845548 0.226175 0.903612 0.154369 0.555026 0.209371 0.291224 0.46385 0.409892 0.770399 0.978609 0.746058 0.584057 0.7173 0.502164 0.358199 0.591126 0.476218 0.620506 0.495768 0.549022 0.112602 0.791076 0.372145 0.595589 0.885403 0.756135 0.0345449 0.506951 0.0797363 0.445906 0.484976 0.686422 0.901223 0.73883 0.582634 0.700097 0.972101 0.0362048 0.996437 0.86451 0.313474 0.17119 0.982538 0.403438 0.100992 0.355815 0.291876 0.256416 0.339944 0.189237 0.826206 0.976661 0.586858 0.754574 0.640447 0.323945 0.576952 0.868491 0.823106 0.970176 0.366983 0.641355 0.573999 0.556773 0.166141 0.419849 0.538598 0.202392 0.18789 0.482538 0.474515 0.119543 0.0817582 0.153712 0.435124 0.919273 0.886952 0.815237 0.426528 0.412622
0.822827 0.35033 0.895337 0.591851 0.0359807 0.445238 0.907992 0.774754 0.49815 0.557678 0.0885451 0.683889 0.23246 0.707409 0.507142 0.379535 0.515031 0.422197 0.0977376 0.0387404 0.465541 0.156717 0.0797891 0.814458 0.195503 0.595435 0.835537 0.0549462 0.997624 0.689049 0.874808 0.311029 0.870383 0.139569 0.103349 0.116827 0.660048 0.831132 0.14753 0.382425 0.808297 0.371811 0.715915 0.93445 0.466668 0.79358 0.763064 0.246627 0.81667 0.115702 0.587519 0.16657 0.638427 0.252683 0.815701 0.246506 0.662915 0.541758 0.00304515 0.181709 0.820936 0.492189 0.624565 0.490125 0.694016 0.403717 0.920159 0.943188 0.432984 0.528406 0.0778193 0.00333664 0.74249 0.0100034 0.467876 0.194372 0.767863 0.390517 0.189819 0.134473 0.99365 0.943531 0.0392185 0.518272 0.5846 0.69145 0.969235 0.996519 0.269563 0.733381 0.616754 0.589709 0.773698 0.885459 0.698773 0.199914 0.0594817 0.198841 0.494414 0.0733731 0.111606 0.835083 0.29597 0.0137584 0.278915 0.906803 0.602875 0.0380702 0.591541 0.502021 0.0290679 0.45714 0.415119 0.938249 0.187034 0.19874 0.069583 0.0945464 0.306972 0.378437 0.417795 0.583563 0.407164 0.0472155 0.168806 0.423965 0.362661 0.545011 0.186968 0.188333 0.744614 0.791012 0.403411 0.184496 0.152492 0.659828 0.0446419 0.929187 0.0378081 0.323768 0.681473 0.663 0.755452 0.421489 0.873579 0.170878 0.502372 0.608301 0.808433 0.568494 0.785808 0.359723 0.455474 0.560743 0.333578 0.839139 0.163159 0.555523 0.830166 0.185586 0.137826 0.00796153 0.580872 0.35241 0.5013 0.184329 0.180558 0.145034 0.406544 0.247812 0.548077 0.326446 0.315436 0.494377 0.586254 0.755509 0.803845 0.0832554 0.405017 0.29079 0.743767 0.136076 0.0765967 0.0626718 0.00259647 0.928257 0.701048 0.363407 0.867075 0.555545 0.947851 0.0652819 0.824648 0.555996 0.946222 0.0186426 0.953788 0.887085 0.835495 0.234553
0.991916 0.495426 0.139441 0.840767 0.258128 0.956157 0.454588 0.115565 0.0627446 0.761217 0.806161 0.607596 0.688429 0.25025 0.117783 0.562138 0.500398 0.556169 0.742099 0.739575 0.416023 0.311722 0.374444 0.653278 0.231328 0.71026 0.530801 0.37595 0.631015 0.87222 0.680918 0.818653 0.454369 0.751254 0.151423 0.849257 0.52169 0.650109 0.897551 0.607354 0.429116 0.72622 0.499706 0.882416 0.0513584 0.541816 0.376521 0.281332 0.0258718 0.921284 0.552992 0.276616 0.494528 0.95001 0.615748 0.428084 0.544256 0.633797 0.864471 0.112435 0.689242 0.823831 0.520237 0.727701 0.24219 0.603755 0.402703 0.139323 0.822901 0.217468 0.712594 0.950802 0.796695 0.327074 0.628234 0.0145376 0.601978 0.797452 0.0869394 0.506942 0.860605 0.271029 0.219622 0.2228 0.0517779 0.954253 0.147883 0.992402 0.84403 0.281552 0.607276 0.420201 0.198027 0.160788 0.931051 0.285235 0.0934556 0.358323 0.886564 0.941882 0.243922 0.13119 0.801468 0.130426 0.882296 0.780904 0.218176 0.498076 0.890456 0.0900182 0.775091 0.372566 0.815205 0.622197 0.716349 0.74006 0.316395 0.575849 0.560395 0.761369 0.774294 0.026294 0.870697 0.31532 0.551736 0.709313 0.728715 0.163812 0.954846 0.777531 0.249254 0.704721 0.336221 0.264858 0.575632 0.226678 0.735316 0.344111 0.994986 0.569077 0.282993 0.741209 0.48648 0.959238 0.10136 0.0825139 0.430005 0.829545 0.933445 0.466052 0.224247 0.659098 0.725833 0.0451412 0.156468 0.427759 0.450543 0.313617 0.726776 0.805523 0.629207 0.785705 0.596947 0.416577 0.195601 0.376304 0.511429 0.958557 0.00897139 0.174701 0.685154 0.531489 0.302938 0.974923 0.346952 0.804926 0.247939 0.00777913 0.753287 0.63294 0.799236 0.955754 0.27464 0.137222 0.664923 0.883872 0.561927 0.730657 0.352867 0.589928 0.239943 0.82346 0.918431 0.380647 0.630591 0.137724 0.996486 0.511288 0.17876 0.418936
0.578809 0.192872 0.446447 0.103469 0.542097 0.911592 0.83591 0.922955 0.648876 0.455484 0.0610421 0.745943 0.823035 0.154613 0.32277 0.306772 0.477128 0.633006 0.105569 0.577573 0.821484 0.625026 0.900729 0.129698 0.193607 0.258513 0.201965 0.676214 0.616715 0.165064 0.132624 0.344717 0.0938694 0.498207 0.0602803 0.411502 0.440233 0.128544 0.283507 0.769646 0.469469 0.305246 0.413042 0.388619 0.384407 0.992099 0.812723 0.101497 0.208795 0.229173 0.941388 0.980638 0.258848 0.475918 0.430849 0.0974631 0.86119 0.296911 0.043692 0.527015 0.806342 0.236077 0.11827 0.316951 0.372476 0.731729 0.887922 0.490207 0.636308 0.806628 0.696882 0.108809 0.463349 0.391107 0.0188333 0.517827 0.788981 0.101898 0.342782 0.574875 0.280864 0.288686 0.19926 0.97827 0.841455 0.0928736 0.999205 0.84342 0.420601 0.128829 0.409208 0.13816 0.890478 0.412316 0.823412 0.595534 0.592591 0.583985 0.354593 0.607062 0.844613 0.586663 0.983521 0.703238 0.258329 0.94197 0.390696 0.885239 0.232479 0.47382 0.445212 0.804302 0.835319 0.681908 0.774147 0.259357 0.53076 0.772047 0.786697 0.631931 0.679327 0.979042 0.151471 0.237281 0.0200937 0.372292 0.0374759 0.931068 0.5957 0.179817 0.536769 0.432966 0.555451 0.201949 0.236572 0.806805 0.281243 0.0720948 0.90436 0.809079 0.74743 0.787492 0.301228 0.39853 0.555253 0.421945 0.738217 0.959545 0.66233 0.604331 0.459647 0.571379 0.322417 0.12795 0.484461 0.648638 0.322882 0.423007 0.161556 0.395703 0.722614 0.438718 0.411674 0.540996 0.916838 0.69682 0.450334 0.929374 0.712953 0.406441 0.904611 0.273939 0.0575727 0.0882886 0.0429147 0.675388 0.733543 0.232647 0.951996 0.920153 0.0524055 0.275929 0.997242 0.752233 0.306686 0.0655774 0.306857 0.160789 0.799046 0.59844 0.126453 0.533233 0.374955 0.310515 0.969938 0.897653 0.917308 0.330145 0.512981 0.888049
0.0501289 0.615195 0.250507 0.710017 0.552529 0.871183 0.619086 0.590651 0.378666 0.339416 0.772818 0.835401 0.279146 0.382235 0.243713 0.674138 0.767043 0.918455 0.183677 0.308249 0.904586 0.774831 0.557769 0.0749349 0.214562 0.662857 0.466912 0.359225 0.6818 0.0434852 0.926717 0.708239 0.975921 0.954838 0.148944 0.178489 0.00500806 0.0681363 0.569197 0.918022 0.98626 0.619545 0.272376 0.560369 0.154166 0.969393 0.643472 0.0450773 0.377081 0.891007 0.945595 0.482859 0.182264 0.0415412 0.695457 0.410686 0.728764 0.358588 0.308367 0.827692 0.814396 0.418288 0.192747 0.153788 0.551646 0.341693 0.115851 0.316513 0.338314 0.0226064 0.32682 0.140175 0.994957 0.247466 0.630739 0.240672 0.0306968 0.755191 0.215072 0.98444 0.502986 0.171896 0.47856 0.792242 0.646575 0.190754 0.0100937 0.288346 0.413387 0.747877 0.132706 0.335205 0.805065 0.329218 0.41597 0.748687 0.777043 0.561741 0.269408 0.0251844 0.299082 0.175699 0.678702 0.0852798 0.752438 0.706278 0.378075 0.401026 0.0960723 0.404717 0.597012 0.117004 0.574082 0.574495 0.803644 0.41766 0.961931 0.0831105 0.778396 0.627408 0.899424 0.700161 0.757062 0.728173 0.663363 0.359938 0.0513611 0.546237 0.712217 0.229512 0.58012 0.971664 0.791876 0.690033 0.935445 0.259819 0.453144 0.185332 0.958245 0.0209402 0.864529 0.538881 0.031085 0.905988 0.834094 0.0148043 0.481359 0.653388 0.0626808 0.366472 0.607319 0.960886 0.618928 0.531913 0.859191 0.997131 0.10153 0.900003 0.915593 0.8543 0.667249 0.47609 0.303378 0.103837 0.913044 0.984367 0.794089 0.122507 0.554859 0.668251 0.605302 0.997307 0.966279 0.0517326 0.59551 0.963459 0.206637 0.890282 0.512853 0.745764 0.951692 0.639457 0.560097 0.0892247 0.584941 0.860708 0.909467 0.854431 0.00815273 0.620553 0.460386 0.491312 0.126356 0.482208 0.502877 0.163427 0.190457 0.676452 0.754915 0.966442
0.384743 0.209929 0.438444 0.253993 0.467473 0.621768 0.282874 0.106654 0.653174 0.361636 0.955015 0.604579 0.136416 0.268198 0.877255 0.610593 0.839546 0.481303 0.907735 0.180847 0.557282 0.0435542 0.740337 0.773776 0.261022 0.895648 0.958292 0.150583 0.0677668 0.0363636 0.829164 0.516213 0.323988 0.557409 0.705498 0.222962 0.888341 0.477076 0.750368 0.494208 0.707936 0.365684 0.911307 0.581714 0.671805 0.552752 0.168258 0.0650411 0.79441 0.0499252 0.340136 0.420468 0.302066 0.6042 0.957551 0.725526 0.0727433 0.179895 0.491659 0.826804 0.199754 0.911648 0.0526746 0.898844 0.101964 0.688539 0.209031 0.328248 0.956686 0.312551 0.757984 0.158868 0.232342 0.547999 0.308802 0.53522 0.657123 0.697218 0.958757 0.293642 0.364671 0.0688768 0.0747011 0.989896 0.225331 0.318463 0.897792 0.865667 0.878649 0.799164 0.100545 0.0457794 0.763316 0.447827 0.423873 0.756602 0.117487 0.818809 0.485807 0.171684 0.820521 0.418488 0.382382 0.579868 0.44719 0.513079 0.612247 0.463591 0.66844 0.184522 0.22721 0.929508 0.0586467 0.915056 0.724228 0.851137 0.765991 0.857718 0.816797 0.0739436 0.0422612 0.0425103 0.709586 0.62677 0.477787 0.203101 0.322267 0.114752 0.0870016 0.370607 0.519671 0.882007 0.845959 0.177681 0.0955948 0.380527 0.554763 0.968608 0.901733 0.768819 0.0882355 0.341915 0.20556 0.0923945 0.559438 0.0989814 0.147436 0.889321 0.958618 0.239463 0.274037 0.64348 0.332979 0.860704 0.607122 0.912116 0.935689 0.268288 0.0710858 0.430213 0.653408 0.176768 0.729409 0.474992 0.41807 0.0464265 0.417861 0.17571 0.594188 0.686817 0.202339 0.172383 0.296626 0.968638 0.699536 0.768039 0.946528 0.689337 0.752457 0.925972 0.898894 0.248763 0.978624 0.010679 0.472462 0.0692951 0.619336 0.179712 0.526001 0.976723 0.441712 0.587422 0.900257 0.766845 0.0395495 0.222681 0.979077 0.0231707 0.243837 0.411927
0.655823 0.744623 0.851567 0.697864 0.547868 0.936847 0.7216 0.231581 0.673651 0.343525 0.300593 0.487535 0.448259 0.183709 0.795376 0.419861 0.893804 0.464989 0.960179 0.230463 0.994387 0.982206 0.339164 0.777027 0.242455 0.592654 0.383504 0.0517674 0.0976219 0.572235 0.666164 0.485049 0.0946071 0.00826246 0.784989 0.185242 0.772315 0.0707503 0.428878 0.790154 0.593119 0.381128 0.578467 0.90149 0.17635 0.321323 0.266254 0.218273 0.238859 0.417247 0.127107 0.161786 0.856058 0.086469 0.0946966 0.418981 0.880435 0.717967 0.349692 0.630003 0.341262 0.486896 0.581137 0.548494 0.768816 0.687269 0.18247 0.0832364 0.434146 0.665722 0.244566 0.469428 0.92276 0.543464 0.46676 0.810015 0.866462 0.111803 0.129793 0.340033 0.723336 0.964887 0.796769 0.888599 0.747341 0.435046 0.440593 0.731424 0.837457 0.303939 0.353943 0.0780428 0.375651 0.917547 0.600847 0.655631 0.542061 0.4067 0.55534 0.614607 0.461741 0.404557 0.341244 0.336566 0.324127 0.243594 0.472134 0.56897 0.286602 0.0603558 0.61593 0.0535352 0.37178 0.388842 0.731183 0.947215 0.254659 0.293943 0.316448 0.229867 0.90818 0.00724072 0.404278 0.418715 0.829541 0.59365 0.625753 0.862667 0.494067 0.32936 0.202703 0.304535 0.097423 0.14837 0.55158 0.153323 0.348704 0.695637 0.830672 0.646259 0.0441681 0.556265 0.584644 0.79782 0.103095 0.314616 0.887471 0.170862 0.329396 0.242021 0.0946561 0.962991 0.487223 0.581106 0.426542 0.721929 0.328325 0.758074 0.956125 0.29777 0.861145 0.641878 0.395189 0.699376 0.115758 0.747566 0.826254 0.924346 0.695573 0.647011 0.42358 0.133169 0.259507 0.492555 0.465554 0.348136 0.120407 0.786282 0.283511 0.980661 0.296404 0.879578 0.330306 0.480823 0.734002 0.254954 0.556349 0.253378 0.0024926 0.650308 0.685264 0.524169 0.758009 0.0228592 0.305061 0.685317 0.30066 0.296756 0.222096 0.0303153
0.462928 0.542837 0.727446 0.853301 0.713244 0.603226 0.515621 0.196578 0.395792 0.305312 0.143673 0.409028 0.70259 0.00496148 0.435191 0.84143 0.997084 0.272556 0.803297 0.891747 0.441048 0.853878 0.614104 0.380184 0.91193 0.79837 0.427769 0.390316 0.556491 0.133593 0.168918 0.454254 0.542726 0.893784 0.492416 0.95523 0.956673 0.00136371 0.279439 0.303192 0.0240704 0.397928 0.51765 0.237718 0.563715 0.645098 0.311409 0.527604 0.829539 0.798103 0.806992 0.916095 0.0936685 0.97121 0.247028 0.978748 0.28159 0.684387 0.260875 1.33739e-05 0.460821 0.415875 0.912935 0.503972 0.207859 0.781896 0.562929 0.214001 0.859699 0.670319 0.776569 0.137743 0.181797 0.723633 0.642978 0.763728 0.648935 0.843833 0.0714175 0.575746 0.271592 0.428605 0.923494 0.73143 0.023341 0.0216229 0.655055 0.959953 0.762033 0.0641853 0.739865 0.765382 0.633914 0.0619967 0.612458 0.310948 0.564506 0.952115 0.934516 0.371874 0.143505 0.765141 0.822064 0.66969 0.0328696 0.566434 0.556953 0.547675 0.690751 0.468334 0.576095 0.944773 0.155171 0.65278 0.596056 0.606918 0.0237809 0.703475 0.372527 0.0966478 0.992337 0.498421 0.917975 0.498127 0.782389 0.885967 0.140797 0.0552565 0.293281 0.679141 0.649376 0.297073 0.701114 0.307507 0.849883 0.0482033 0.222118 0.0557869 0.791053 0.257491 0.00252298 0.974651 0.492156 0.03297 0.797577 0.811997 0.175997 0.150766 0.615319 0.0136547 0.278036 0.542307 0.51472 0.0957659 0.0857787 0.703252 0.398583 0.0863354 0.81091 0.0454397 0.210151 0.911292 0.791849 0.99184 0.96528 0.928203 0.942594 0.0612603 0.4394 0.916159 0.493179 0.655616 0.235312 0.0263165 0.461879 0.725635 0.882522 0.187708 0.36005 0.158124 0.205335 0.626814 0.511908 0.868396 0.483356 0.862775 0.162009 0.360029 0.955079 0.479257 0.0417559 0.301961 0.810423 0.991612 0.0239444 0.725892 0.645687 0.640952 0.330322 0.953452
0.622715 0.66241 0.878744 0.00778052 0.069483 0.485696 0.978552 0.390035 0.784087 0.412727 0.197328 0.329494 0.308942 0.594986 0.444984 0.743832 0.73865 0.191185 0.584946 0.51202 0.0234858 0.0261176 0.236442 0.468768 0.0775163 0.152163 0.51179 0.927919 0.0555107 0.575267 0.357791 0.486767 0.35013 0.641328 0.150274 0.359178 0.968874 0.659409 0.260321 0.708438 0.894809 0.480395 0.283403 0.371747 0.744093 0.98518 0.145137 0.64229 0.230489 0.194132 0.535967 0.702681 0.625265 0.518823 0.358279 0.39852 0.17779 0.240866 0.843179 0.555303 0.227682 0.101312 0.851223 0.664239 0.0028856 0.659248 0.816902 0.44459 0.706389 0.803906 0.821015 0.820059 0.596642 0.478936 0.294918 0.349756 0.476851 0.279238 0.773452 0.962315 0.184562 0.248621 0.674476 0.464196 0.71089 0.814682 0.120256 0.334778 0.131264 0.202496 0.560987 0.924626 0.296603 0.831917 0.14381 0.53579 0.290319 0.566069 0.552653 0.416476 0.785922 0.947387 0.890673 0.786034 0.33837 0.481346 0.753325 0.819607 0.173682 0.866008 0.793903 0.124946 0.66682 0.830036 0.84017 0.384199 0.554203 0.672648 0.0135391 0.974099 0.424672 0.964594 0.988391 0.316596 0.754972 0.39207 0.144566 0.747458 0.723589 0.514963 0.98439 0.934878 0.527831 0.590179 0.288086 0.799931 0.796057 0.109237 0.668106 0.434607 0.110072 0.446504 0.513226 0.676816 0.614957 0.657437 0.50283 0.262446 0.438374 0.943119 0.109505 0.595829 0.263772 0.668845 0.498868 0.327803 0.278145 0.644925 0.880445 0.456885 0.340621 0.0804312 0.891718 0.0021303 0.0871733 0.125201 0.994 0.64223 0.485454 0.808694 0.818693 0.473893 0.444702 0.779207 0.961539 0.624737 0.951555 0.207102 0.722733 0.341199 0.338267 0.745842 0.577001 0.863935 0.561021 0.606063 0.765297 0.136578 0.45681 0.765891 0.60876 0.387661 0.205506 0.392355 0.167337 0.567245 0.542736 0.678994 0.798884 0.551849
0.673768 0.711424 0.570883 0.670536 0.240337 0.327725 0.0951291 0.921202 0.632304 0.157105 0.391762 0.46206 0.0153898 0.109481 0.686732 0.474262 0.8267 0.523935 0.868436 0.454513 0.900603 0.127433 0.68332 0.129222 0.115592 0.347655 0.638263 0.885565 0.602683 0.459058 0.0433444 0.75231 0.96553 0.720897 0.35399 0.0271427 0.596047 0.62808 0.236162 0.406324 0.313734 0.0184093 0.722942 0.041054 0.233274 0.906897 0.696567 0.562236 0.281607 0.729969 0.551013 0.973287 0.958346 0.624082 0.0743926 0.0181498 0.424595 0.964895 0.00515799 0.01707 0.196791 0.16297 0.188631 0.943776 0.181009 0.349608 0.661608 0.74847 0.233397 0.608012 0.0177456 0.758551 0.971206 0.932778 0.547117 0.280665 0.0862174 0.76681 0.902591 0.252607 0.752998 0.932514 0.579939 0.373094 0.216907 0.82451 0.202097 0.724326 0.189091 0.413858 0.72824 0.118928 0.784665 0.764148 0.990716 0.523129 0.102247 0.540111 0.587418 0.35084 0.761958 0.846218 0.174473 0.517374 0.523031 0.570533 0.328648 0.504352 0.682073 0.733796 0.615076 0.774306 0.300626 0.892497 0.152214 0.544767 0.586962 0.500225 0.47671 0.843077 0.330157 0.255269 0.385114 0.472297 0.298983 0.873334 0.252668 0.482872 0.872245 0.0705678 0.0283995 0.402227 0.860798 0.671972 0.794657 0.35006 0.865363 0.992756 0.800495 0.663513 0.00681216 0.957387 0.0821024 0.753496 0.55071 0.892583 0.508137 0.91789 0.981356 0.29001 0.73516 0.47427 0.872797 0.592728 0.767647 0.741683 0.753654 0.842742 0.814911 0.524721 0.0900319 0.233547 0.360332 0.636588 0.258975 0.909777 0.495241 0.0406557 0.096041 0.590623 0.449452 0.9811 0.709573 0.31628 0.464696 0.815022 0.0332416 0.299599 0.0142815 0.273004 0.724426 0.559618 0.692936 0.412661 0.473952 0.916551 0.0560519 0.405258 0.22203 0.296746 0.190372 0.391147 0.73934 0.615863 0.0528765 0.377276 0.40908 0.289927 0.700855 0.0795403
0.697074 0.540298 0.702296 0.908348 0.361531 0.0267142 0.00412173 0.375169 0.245637 0.769843 0.469955 0.912362 0.451388 0.527623 0.0490209 0.506176 0.742751 0.724956 0.340549 0.762538 0.608429 0.325601 0.89478 0.734968 0.409109 0.962049 0.817372 0.987927 0.697035 0.0423531 0.0811547 0.985351 0.152878 0.174417 0.486504 0.908665 0.155282 0.935267 0.933477 0.433024 0.657769 0.931364 0.930964 0.944777 0.939132 0.811821 0.83947 0.938278 0.0498238 0.15589 0.92369 0.854459 0.691242 0.171475 0.16784 0.75711 0.0986336 0.323216 0.903025 0.19816 0.763552 0.721011 0.890385 0.529787 0.344797 0.251129 0.264706 0.947177 0.922742 0.32283 0.808745 0.547661 0.634112 0.122117 0.62429 0.880427 0.270351 0.275624 0.26808 0.195268 0.499974 0.0821304 0.0395012 0.0568813 0.131788 0.323842 0.998188 0.405153 0.0497115 0.104906 0.940551 0.575271 0.0484951 0.890362 0.323983 0.0661984 0.661387 0.596905 0.425803 0.721051 0.745285 0.632084 0.913599 0.568671 0.0518358 0.976879 0.148865 0.932085 0.748956 0.366541 0.980342 0.0467777 0.76064 0.445444 0.397846 0.20349 0.0473603 0.854018 0.126496 0.744458 0.138903 0.964833 0.259802 0.450846 0.99338 0.223448 0.741416 0.242041 0.218768 0.197255 0.763632 0.245701 0.560772 0.114709 0.141674 0.361342 0.311616 0.426105 0.153594 0.893693 0.986783 0.0475943 0.242539 0.125411 0.218846 0.801549 0.39568 0.732868 0.0985853 0.496018 0.275783 0.206346 0.897859 0.142889 0.226938 0.0196703 0.308678 0.398672 0.489831 0.997659 0.879158 0.948538 0.555082 0.500968 0.335958 0.46693 0.292788 0.914781 0.947247 0.487876 0.69037 0.944 0.965359 0.317864 0.535427 0.613171 0.122376 0.237282 0.373428 0.763708 0.398861 0.448914 0.922643 0.738304 0.329755 0.802838 0.88252 0.398685 0.710139 0.470734 0.921499 0.816258 0.95566 0.926605 0.997003 0.737359 0.54835 0.815186 0.20526 0.050504
0.863137 0.725245 0.84983 0.962449 0.784384 0.275393 0.177114 0.525389 0.0996412 0.309638 0.396786 0.253264 0.0835627 0.225358 0.352233 0.438599 0.0323567 0.621275 0.642907 0.971947 0.671736 0.182174 0.268259 0.155459 0.284261 0.0100869 0.0838002 0.150297 0.362009 0.250936 0.106345 0.137084 0.96199 0.572227 0.663865 0.92064 0.00487305 0.182421 0.503279 0.442356 0.407081 0.717745 0.450003 0.643859 0.925233 0.62969 0.49345 0.584293 0.969215 0.441892 0.619615 0.46116 0.513359 0.0292503 0.303075 0.129344 0.0120303 0.805305 0.0599102 0.0456298 0.771517 0.375318 0.691404 0.101217 0.176695 0.774942 0.772662 0.262235 0.239159 0.0470159 0.279886 0.187946 0.979726 0.562647 0.14086 0.803195 0.200711 0.387871 0.8112 0.532538 0.28458 0.367999 0.414628 0.098451 0.0296858 0.994505 0.8414 0.315691 0.724787 0.518508 0.354607 0.812325 0.0322224 0.561778 0.9495 0.88201 0.936092 0.916199 0.640182 0.329635 0.562136 0.206248 0.394845 0.0909939 0.203398 0.427752 0.258792 0.195601 0.663946 0.640318 0.778256 0.454261 0.318358 0.34263 0.507479 0.280943 0.242482 0.813333 0.0114391 0.156126 0.0879891 0.140993 0.118632 0.735628 0.0603988 0.275569 0.373849 0.984567 0.990142 0.88853 0.142039 0.649055 0.873044 0.967061 0.274432 0.0276265 0.354868 0.136751 0.501367 0.280123 0.155227 0.682632 0.779444 0.262039 0.296653 0.324621 0.417387 0.970163 0.84006 0.703511 0.905177 0.980448 0.164492 0.75446 0.686263 0.205328 0.811634 0.0868467 0.392045 0.79109 0.645079 0.203507 0.138754 0.655095 0.102679 0.992232 0.538105 0.661949 0.264795 0.420373 0.0621966 0.748905 0.190235 0.930047 0.328222 0.1693 0.743254 0.492584 0.274303 0.684658 0.30058 0.893446 0.614013 0.970723 0.315972 0.37717 0.875788 0.0779282 0.487695 0.392468 0.204293 0.318263 0.357254 0.701202 0.882866 0.0299687 0.0407253 0.0529962 0.106268 0.318821
0.557557 0.0853447 0.0315562 0.747556 0.260243 0.617563 0.934486 0.125274 0.319991 0.0246249 0.7618 0.731673 0.591146 0.871848 0.93339 0.579024 0.758891 0.183564 0.316289 0.34301 0.206527 0.507984 0.674552 0.222593 0.973628 0.226977 0.984179 0.867732 0.604077 0.933265 0.786688 0.672773 0.150328 0.580455 0.91288 0.0867416 0.868372 0.412868 0.5537 0.780278 0.630476 0.132688 0.488955 0.238636 0.0520344 0.913399 0.998061 0.534136 0.978636 0.721905 0.569612 0.00373573 0.911492 0.734951 0.428752 0.321916 0.0999895 0.0714105 0.755285 0.350383 0.181143 0.0532831 0.0590638 0.608065 0.865498 0.117571 0.791664 0.910212 0.27895 0.342478 0.370257 0.160549 0.188021 0.445026 0.941053 0.165639 0.00660288 0.26813 0.171148 0.58277 0.346579 0.192427 0.808296 0.966518 0.098619 0.569094 0.663533 0.355048 0.141887 0.119059 0.500986 0.664075 0.997971 0.82719 0.603362 0.0314552 0.486738 0.920308 0.571072 0.732159 0.226917 0.614296 0.569078 0.894081 0.877756 0.146952 0.232415 0.78728 0.899636 0.396998 0.9452 0.807884 0.209787 0.352638 0.0156023 0.256224 0.346867 0.46799 0.619991 0.0722788 0.411513 0.590643 0.121547 0.309631 0.753383 0.00389924 0.973525 0.406839 0.877111 0.935584 0.569345 0.457274 0.894151 0.886954 0.376847 0.809914 0.628248 0.0457323 0.648968 0.423015 0.0153997 0.569639 0.412991 0.251965 0.0794434 0.630351 0.801668 0.143179 0.451164 0.189194 0.391916 0.801688 0.327294 0.961642 0.907556 0.655921 0.951675 0.692747 0.652916 0.826767 0.279796 0.22847 0.803602 0.759348 0.756621 0.432313 0.36529 0.629303 0.256085 0.819403 0.325239 0.216751 0.302327 0.672117 0.679819 0.585099 0.765035 0.978722 0.97381 0.334544 0.329221 0.814409 0.541599 0.458747 0.56641 0.528264 0.877632 0.699402 0.178174 0.236334 0.514474 0.443626 0.606573 0.460019 0.579566 0.277302 0.687711 0.182451 0.918399 0.445299
0.835171 0.394543 0.799294 0.825918 0.704134 0.408508 0.0166973 0.969864 0.808565 0.80081 0.68867 0.645914 0.327309 0.31836 0.146112 0.63666 0.991789 0.186471 0.464046 0.134618 0.60098 0.37271 0.279998 0.897054 0.491574 0.718131 0.989022 0.62299 0.0741926 0.383 0.963776 0.519144 0.566427 0.328498 0.365545 0.252392 0.0432591 0.562426 0.694333 0.507484 0.0415189 0.716464 0.0652007 0.0129373 0.045241 0.840552 0.375944 0.375067 0.639608 0.496697 0.119315 0.353636 0.111672 0.634401 0.0698341 0.637306 0.0575164 0.661435 0.973847 0.128568 0.243921 0.488906 0.404461 0.87846 0.298908 0.781119 0.558699 0.266084 0.247572 0.636602 0.605593 0.491199 0.662656 0.706597 0.790899 0.780426 0.00460925 0.95415 0.543007 0.68346 0.526706 0.980362 0.487009 0.0161855 0.249096 0.502546 0.575852 0.00888869 0.454444 0.00839574 0.523618 0.937186 0.879028 0.380847 0.719328 0.321168 0.443004 0.439783 0.997134 0.996958 0.26077 0.222088 0.230363 0.297325 0.500102 0.107231 0.805763 0.892916 0.879969 0.765827 0.044984 0.512745 0.986469 0.162668 0.467088 0.0848525 0.242779 0.308991 0.187221 0.957357 0.736296 0.937235 0.81953 0.388505 0.00711752 0.179121 0.479132 0.529298 0.820968 0.793083 0.723202 0.686921 0.658696 0.842134 0.806719 0.794313 0.636673 0.0133109 0.0715996 0.525757 0.64746 0.256498 0.802707 0.363649 0.754312 0.753153 0.461799 0.872295 0.853907 0.0644223 0.200384 0.984767 0.876059 0.232732 0.572307 0.0699542 0.137461 0.135525 0.993159 0.967348 0.289563 0.706132 0.971868 0.967868 0.73925 0.633666 0.627517 0.376686 0.00757215 0.913753 0.481061 0.103196 0.152059 0.103405 0.963277 0.950377 0.131257 0.928163 0.973494 0.595185 0.502867 0.0877888 0.0444356 0.551362 0.504512 0.0747306 0.538522 0.481226 0.0576339 0.0029512 0.783253 0.211039 0.440671 0.371561 0.411991 0.337803 0.11848 0.501675 0.430223 0.38114
0.899579 0.413255 0.541867 0.0903488 0.540016 0.820352 0.279745 0.399134 0.0706373 0.782681 0.279444 0.660369 0.755093 0.722261 0.854939 0.224649 0.666431 0.883533 0.929038 0.416709 0.734675 0.548803 0.264009 0.799713 0.985352 0.898135 0.0453989 0.47354 0.770649 0.525751 0.0284214 0.35334 0.812998 0.258699 0.797927 0.397556 0.563208 0.525576 0.167773 0.819955 0.81414 0.571622 0.546315 0.45523 0.206427 0.796707 0.905836 0.399917 0.287647 0.773051 0.647364 0.866948 0.581473 0.822477 0.279706 0.849587 0.0604249 0.757001 0.840194 0.927213 0.399435 0.834652 0.33655 0.0697222 0.0691578 0.650624 0.209949 0.192897 0.24188 0.404019 0.865565 0.925439 0.535291 0.0474372 0.178781 0.198536 0.470423 0.467693 0.43308 0.990085 0.567872 0.600442 0.162957 0.649541 0.12325 0.390737 0.993487 0.223778 0.513656 0.641184 0.256478 0.430626 0.175511 0.73293 0.420304 0.484666 0.865297 0.0589805 0.401866 0.199441 0.885104 0.46351 0.266693 0.825722 0.167385 0.622948 0.684843 0.533697 0.301421 0.572661 0.186892 0.273549 0.41345 0.618448 0.126602 0.676761 0.230276 0.416061 0.72684 0.0480113 0.241003 0.515139 0.289573 0.196844 0.72008 0.955614 0.582122 0.878782 0.571646 0.472619 0.827479 0.270807 0.909183 0.192764 0.656638 0.196994 0.765141 0.267515 0.798647 0.740485 0.350676 0.1216 0.443536 0.526179 0.767456 0.541038 0.755967 0.951713 0.415282 0.00410373 0.447005 0.640292 0.979241 0.424717 0.760088 0.654019 0.727435 0.354069 0.183943 0.160237 0.281573 0.783713 0.604364 0.178004 0.281399 0.229072 0.967535 0.952082 0.341439 0.401328 0.543978 0.694603 0.761164 0.186402 0.560485 0.822057 0.326435 0.782317 0.234518 0.680994 0.631864 0.00666615 0.133307 0.392694 0.711661 0.83293 0.683235 0.781123 0.375858 0.816689 0.761087 0.170829 0.527485 0.783995 0.457328 0.588449 0.45671 0.0819481 0.479944 0.580426
0.616259 0.756613 0.456791 0.570734 0.671398 0.28604 0.974629 0.722401 0.306001 0.374952 0.51993 0.77277 0.971895 0.34475 0.272084 0.666248 0.436757 0.37396 0.0890183 0.712952 0.336017 0.21682 0.0922694 0.489703 0.691489 0.00621906 0.42134 0.923761 0.190425 0.568227 0.4574 0.24257 0.822291 0.465144 0.635116 0.197198 0.776035 0.807231 0.692666 0.307034 0.101004 0.69504 0.630229 0.0396065 0.611709 0.685791 0.526972 0.862837 0.553895 0.611626 0.198736 0.383157 0.885219 0.281519 0.345368 0.216207 0.0911838 0.706464 0.201294 0.754893 0.802624 0.572092 0.406516 0.708303 0.34488 0.422462 0.995786 0.994481 0.283514 0.119745 0.592924 0.31305 0.815682 0.946345 0.472978 0.414415 0.0170351 0.237289 0.296245 0.86105 0.341344 0.603199 0.0714385 0.935169 0.0527008 0.877209 0.63548 0.158533 0.622323 0.845178 0.160426 0.343976 0.961013 0.444273 0.540648 0.137326 0.866226 0.668108 0.240703 0.913089 0.247739 0.920703 0.688764 0.156314 0.482324 0.28605 0.756792 0.447982 0.439196 0.494821 0.670212 0.777569 0.680908 0.280029 0.0322211 0.833188 0.193546 0.598107 0.866479 0.167797 0.240127 0.0148335 0.478545 0.932506 0.0894108 0.670713 0.417588 0.784063 0.224167 0.811738 0.780384 0.0518099 0.620318 0.61428 0.549363 0.972099 0.830825 0.756018 0.896646 0.479418 0.0199167 0.457617 0.412165 0.0136566 0.173988 0.267211 0.153623 0.132355 0.0476328 0.231781 0.171415 0.120756 0.280525 0.0245693 0.791981 0.30752 0.270753 0.27208 0.742269 0.83514 0.652179 0.492232 0.629698 0.593324 0.249682 0.409681 0.121506 0.241763 0.647575 0.491558 0.875987 0.908495 0.217518 0.726306 0.955783 0.802738 0.906166 0.403786 0.170518 0.712898 0.955446 0.977417 0.192947 0.224951 0.010936 0.242983 0.564282 0.212408 0.901882 0.0787816 0.651307 0.796482 0.863435 0.242746 0.729413 0.330197 0.778541 0.921641 0.0372146 0.61495
0.824685 0.476764 0.688758 0.827526 0.620192 0.738444 0.721729 0.101936 0.990245 0.163716 0.428785 0.268347 0.448793 0.164785 0.0835433 0.548897 0.475572 0.24827 0.752598 0.556876 0.084756 0.966042 0.518357 0.301236 0.486613 0.00355751 0.118182 0.633998 0.0815719 0.672463 0.746026 0.483518 0.397102 0.079614 0.800556 0.505097 0.038446 0.926035 0.735139 0.328363 0.324237 0.265434 0.519283 0.79646 0.887261 0.40109 0.89843 0.941294 0.0514375 0.97996 0.153536 0.231794 0.711974 0.144485 0.141206 0.485366 0.655179 0.852547 0.00207787 0.384397 0.489368 0.60872 0.506274 0.397653 0.801264 0.55471 0.456638 0.244912 0.5075 0.256469 0.88691 0.419942 0.951852 0.118638 0.478699 0.929247 0.772314 0.162363 0.510409 0.31059 0.532453 0.00294877 0.848886 0.9508 0.0133876 0.603073 0.410693 0.0820856 0.780185 0.0482148 0.191729 0.260967 0.729948 0.947541 0.324565 0.420531 0.454706 0.346079 0.743936 0.205409 0.73704 0.19052 0.765467 0.120334 0.0233664 0.483983 0.365911 0.897329 0.0218122 0.924624 0.847733 0.455818 0.27759 0.910571 0.958958 0.698642 0.898735 0.0712359 0.620689 0.3624 0.896162 0.466012 0.0253892 0.279243 0.278546 0.766033 0.823031 0.718977 0.731424 0.266583 0.857282 0.671053 0.680088 0.969831 0.887243 0.146812 0.0127012 0.892862 0.228273 0.260122 0.609249 0.608035 0.753401 0.184323 0.66896 0.0128263 0.612824 0.351409 0.226762 0.889225 0.589462 0.650501 0.360744 0.706694 0.458442 0.353302 0.210902 0.0856368 0.0107221 0.712106 0.655075 0.0415709 0.757857 0.433486 0.992437 0.73462 0.954129 0.546036 0.355278 0.723996 0.327509 0.148709 0.748507 0.0363885 0.263468 0.446048 0.544138 0.56672 0.809247 0.94931 0.453946 0.840624 0.320775 0.274864 0.921923 0.0866689 0.34437 0.992453 0.151898 0.548147 0.343021 0.471694 0.941413 0.437825 0.30625 0.797037 0.873926 0.708362 0.734965 0.0854242
0.427701 0.269954 0.0688067 0.954939 0.373059 0.149773 0.229791 0.964808 0.696866 0.111616 0.679812 0.731797 0.693978 0.610585 0.973672 0.603562 0.263426 0.990681 0.164078 0.229169 0.968708 0.206473 0.82714 0.0556714 0.767051 0.934596 0.0647583 0.517501 0.877272 0.383728 0.614208 0.395973 0.133659 0.487423 0.926852 0.294624 0.561473 0.771267 0.249899 0.800818 0.712127 0.799862 0.930472 0.0814352 0.992416 0.627461 0.281826 0.250067 0.556183 0.587869 0.134586 0.0579254 0.321398 0.191182 0.998783 0.130951 0.765077 0.741694 0.489198 0.790031 0.767257 0.0484368 0.604441 0.47888 0.647667 0.230453 0.18785 0.171516 0.916739 0.829366 0.252144 0.554986 0.538895 0.0143066 0.36049 0.153608 0.876084 0.311787 0.361792 0.606726 0.179234 0.171241 0.971557 0.452838 0.628754 0.679665 0.899101 0.822681 0.426441 0.99206 0.660779 0.386561 0.421252 0.392267 0.706791 0.671683 0.475449 0.975722 0.529891 0.113457 0.42486 0.663917 0.171708 0.936599 0.324324 0.752854 0.0550663 0.529718 0.104626 0.604599 0.249231 0.592886 0.553644 0.25388 0.206329 0.0767291 0.203889 0.338897 0.821153 0.161887 0.20489 0.610701 0.123403 0.827043 0.556366 0.0664629 0.281181 0.316524 0.5792 0.655854 0.950559 0.60405 0.972853 0.970096 0.358511 0.391816 0.250583 0.753021 0.872908 0.0148582 0.0648341 0.120573 0.43216 0.312723 0.676285 0.661292 0.469008 0.099808 0.617739 0.365392 0.643741 0.185486 0.333624 0.943798 0.0223964 0.153791 0.979964 0.129878 0.969666 0.00309527 0.882101 0.772649 0.256373 0.0856401 0.69333 0.628759 0.215271 0.951289 0.129807 0.566663 0.57336 0.06856 0.971592 0.739721 0.849816 0.679116 0.513593 0.36276 0.234992 0.478172 0.244555 0.615158 0.285186 0.246748 0.13543 0.876918 0.216573 0.273775 0.56194 0.856464 0.104641 0.402382 0.351143 0.813192 0.0545441 0.583652 0.124247 0.280582 0.758715 0.721542
0.846188 0.660062 0.651069 0.444003 0.401638 0.58405 0.995351 0.68648 0.0578433 0.883793 0.512008 0.745508 0.799308 0.87731 0.631599 0.393103 0.422757 0.089069 0.195645 0.5716 0.795957 0.358693 0.951039 0.15906 0.491293 0.178513 0.747757 0.506611 0.714159 0.460138 0.306069 0.069188 0.53571 0.364552 0.426774 0.0662796 0.0941643 0.510222 0.879743 0.262592 0.376324 0.624025 0.0854563 0.330699 0.376345 0.893987 0.0273637 0.865163 0.756817 0.138282 0.10497 0.519745 0.361459 0.435002 0.289316 0.656171 0.980236 0.604572 0.616563 0.641428 0.964811 0.0940054 0.409207 0.679065 0.950816 0.410221 0.659272 0.49158 0.848963 0.873509 0.714167 0.805404 0.976831 0.724598 0.934766 0.782706 0.932257 0.525173 0.6755 0.810953 0.873017 0.0571422 0.0847156 0.387512 0.985596 0.0808734 0.669929 0.728961 0.132444 0.865441 0.436649 0.730875 0.216008 0.94575 0.969786 0.499717 0.0418714 0.863006 0.383209 0.490652 0.384128 0.738285 0.664788 0.313578 0.236176 0.853775 0.288755 0.109045 0.664172 0.196186 0.366788 0.321743 0.15146 0.00464089 0.0351884 0.678026 0.277766 0.0837532 0.754398 0.327225 0.287156 0.93743 0.867212 0.254337 0.644728 0.252363 0.559909 0.0717859 0.704157 0.100884 0.521528 0.165744 0.472036 0.117707 0.082471 0.00986216 0.0150086 0.256302 0.757972 0.953568 0.630291 0.385573 0.219905 0.275931 0.0713215 0.388879 0.224355 0.407236 0.263533 0.0605587 0.351154 0.97308 0.134998 0.135577 0.837445 0.288014 0.183432 0.250293 0.439997 0.723254 0.533111 0.450386 0.383168 0.984146 0.0140428 0.0572433 0.234171 0.630014 0.346098 0.346645 0.118232 0.484404 0.41697 0.518943 0.90678 0.0700875 0.311742 0.232716 0.526872 0.472569 0.237544 0.31241 0.544434 0.0480135 0.411904 0.286858 0.618988 0.378931 0.129305 0.296285 0.764597 0.910062 0.860717 0.194563 0.363893 0.631514 0.264704 0.886076 0.534539 0.126828
0.25439 0.853356 0.025797 0.599099 0.30719 0.404984 0.544903 0.492436 0.814421 0.485573 0.37007 0.488818 0.72808 0.682516 0.441737 0.742443 0.414466 0.618135 0.534616 0.83592 0.135197 0.25708 0.259305 0.90634 0.645029 0.602504 0.415908 0.880096 0.80971 0.589327 0.487666 0.506899 0.932291 0.807001 0.206261 0.00706893 0.832319 0.622253 0.334153 0.506649 0.140753 0.23168 0.922821 0.82821 0.929232 0.136192 0.761059 0.65544 0.537002 0.081961 0.9929 0.236572 0.315691 0.602488 0.910003 0.139751 0.594545 0.602934 0.701967 0.0661829 0.399332 0.785934 0.811198 0.146572 0.0411152 0.553324 0.839247 0.381843 0.244133 0.444585 0.345875 0.310281 0.436512 0.695231 0.333825 0.979867 0.490898 0.399873 0.738796 0.390166 0.949861 0.840419 0.721053 0.798525 0.355019 0.752012 0.485113 0.720892 0.528539 0.146112 0.603066 0.132949 0.287671 0.449259 0.652322 0.962779 0.639829 0.791957 0.559504 0.177534 0.444742 0.520399 0.8263 0.857541 0.502754 0.72365 0.905619 0.197451 0.670411 0.532949 0.138129 0.285042 0.134147 0.714939 0.245108 0.356123 0.699796 0.0392384 0.701945 0.286204 0.770883 0.376157 0.65995 0.182261 0.956291 0.749041 0.966935 0.864851 0.738693 0.701963 0.0982695 0.777534 0.61202 0.661677 0.059979 0.753409 0.150981 0.0946816 0.274986 0.230147 0.617378 0.97523 0.742499 0.0162789 0.438572 0.745568 0.500526 0.6898 0.941117 0.843994 0.009485 0.433109 0.73397 0.785608 0.434747 0.255321 0.48052 0.462302 0.221965 0.576213 0.0400084 0.65385 0.716345 0.705055 0.0967326 0.299216 0.447473 0.722935 0.319749 0.850335 0.505523 0.610414 0.364461 0.544942 0.805431 0.208268 0.968476 0.532685 0.43145 0.136228 0.156894 0.111169 0.659359 0.232133 0.14777 0.722022 0.960629 0.866759 0.245146 0.360603 0.821351 0.135559 0.0541507 0.736627 0.692711 0.36445 0.834002 0.668059 0.952211 0.607678
0.651292 0.35547 0.207567 0.508501 0.800128 0.864704 0.674181 0.952191 0.11611 0.337811 0.962604 0.959305 0.223673 0.816557 0.881749 0.265299 0.190755 0.494863 0.0172431 0.337943 0.242398 0.839505 0.919733 0.0242585 0.951048 0.203361 0.265666 0.177762 0.989 0.7774 0.325631 0.0317079 0.865148 0.534802 0.862533 0.80272 0.104608 0.791698 0.451075 0.433348 0.158925 0.618096 0.13698 0.83485 0.0867759 0.141345 0.861524 0.766456 0.55862 0.486183 0.785222 0.80968 0.233109 0.22067 0.270931 0.0418746 0.259501 0.698179 0.0408309 0.632683 0.88932 0.567164 0.85342 0.920337 0.766546 0.46183 0.142376 0.294183 0.120942 0.215513 0.194044 0.830466 0.61199 0.0994227 0.938076 0.249787 0.66588 0.621432 0.282516 0.886227 0.170005 0.0896422 0.0349497 0.0245404 0.0405167 0.874722 0.057406 0.485269 0.563904 0.94103 0.389076 0.890213 0.663589 0.982422 0.337549 0.598565 0.667546 0.308809 0.484327 0.393999 0.796432 0.339311 0.621004 0.00950358 0.975401 0.975973 0.499105 0.808139 0.20159 0.313905 0.362315 0.0999268 0.199178 0.266527 0.33168 0.419569 0.765076 0.00309658 0.564444 0.880866 0.683831 0.858061 0.944302 0.434105 0.821564 0.867194 0.987532 0.0843346 0.900846 0.681907 0.389428 0.198689 0.515887 0.482822 0.154419 0.547911 0.676348 0.692014 0.792731 0.670323 0.563543 0.366485 0.649033 0.945239 0.491821 0.272439 0.430686 0.60321 0.569521 0.850006 0.739779 0.755032 0.570991 0.309629 0.623705 0.981509 0.18637 0.941651 0.656965 0.307248 0.764536 0.880059 0.196197 0.49606 0.426074 0.525635 0.874115 0.685434 0.286973 0.479148 0.753962 0.933584 0.11307 0.931732 0.495521 0.953722 0.79043 0.600385 0.865497 0.191459 0.0257155 0.518279 0.830355 0.128952 0.495692 0.667907 0.541307 0.88958 0.233429 0.949506 0.859206 0.226931 0.247037 0.442627 0.702831 0.484796 0.138404 0.859788 0.814055 0.392371
0.791644 0.108113 0.622505 0.222346 0.571795 0.977036 0.522665 0.539515 0.325527 0.945982 0.455518 0.979616 0.329805 0.78252 0.572835 0.789676 0.176237 0.408471 0.233015 0.409141 0.649114 0.37525 0.624761 0.52709 0.00162783 0.921083 0.320787 0.802139 0.404753 0.601137 0.76251 0.730363 0.0832742 0.887819 0.997619 0.439518 0.609335 0.085263 0.92186 0.979352 0.0260169 0.821391 0.118593 0.248554 0.761202 0.493268 0.136164 0.440141 0.967144 0.645369 0.678256 0.783574 0.213777 0.0137642 0.521908 0.517348 0.679538 0.934951 0.921243 0.617467 0.177895 0.896099 0.537038 0.778382 0.0886816 0.670899 0.101185 0.806963 0.798931 0.937889 0.446117 0.0615747 0.870678 0.341274 0.0819105 0.690214 0.764937 0.634205 0.874452 0.292327 0.526503 0.593773 0.72384 0.843955 0.395009 0.4255 0.863685 0.300039 0.854899 0.203034 0.77042 0.764609 0.4689 0.326252 0.218754 0.12925 0.604157 0.0517635 0.705047 0.499343 0.158691 0.593678 0.486582 0.581288 0.0879197 0.602855 0.689046 0.28461 0.269299 0.884592 0.730167 0.68525 0.477776 0.285167 0.416698 0.368965 0.505198 0.778464 0.702998 0.309755 0.0141412 0.298893 0.674427 0.653562 0.138329 0.648894 0.904152 0.182514 0.939283 0.371018 0.465408 0.0808306 0.59174 0.977112 0.339289 0.0143951 0.398747 0.0707243 0.260156 0.426925 0.401268 0.860115 0.415077 0.153254 0.996598 0.0798424 0.778876 0.299158 0.779653 0.253386 0.93071 0.847048 0.65572 0.949956 0.851373 0.954812 0.0685732 0.756718 0.906833 0.309157 0.688587 0.145159 0.926174 0.563614 0.72378 0.69174 0.875038 0.90344 0.983897 0.0902463 0.51185 0.787651 0.553308 0.245155 0.726968 0.547975 0.164285 0.319663 0.578306 0.63262 0.530581 0.378915 0.0302788 0.0350419 0.123936 0.564487 0.582102 0.263449 0.262337 0.243509 0.144995 0.519661 0.97657 0.528286 0.612986 0.233008 0.412345 0.73057 0.230399 0.559347
0.868107 0.959019 0.275363 0.087392 0.818987 0.803107 0.766123 0.581079 0.566979 0.377341 0.0642213 0.116565 0.677719 0.923163 0.422277 0.401245 0.758476 0.19994 0.478616 0.246391 0.784781 0.718427 0.367687 0.929107 0.204602 0.874814 0.984911 0.143829 0.584003 0.479796 0.731351 0.896726 0.845287 0.612587 0.522362 0.0734469 0.847798 0.109664 0.75688 0.239351 0.592926 0.1619 0.581482 0.0344192 0.601556 0.308638 0.638075 0.835261 0.338164 0.767543 0.070225 0.0979025 0.361072 0.680514 0.382879 0.577862 0.339214 0.519225 0.911946 0.654625 0.294407 0.0567857 0.395238 0.41137 0.195355 0.761568 0.132059 0.286759 0.557652 0.670778 0.149526 0.3319 0.144898 0.0457134 0.159746 0.323989 0.520848 0.211498 0.73892 0.48264 0.438105 0.542799 0.645473 0.391993 0.535493 0.608745 0.0568331 0.934803 0.0316668 0.502174 0.519891 0.440144 0.648614 0.65021 0.403331 0.61023 0.866696 0.914306 0.563005 0.244523 0.820966 0.23955 0.0263993 0.200882 0.400157 0.98362 0.938081 0.174751 0.211874 0.463088 0.148443 0.41184 0.71206 0.769693 0.0137502 0.863236 0.532597 0.152468 0.445018 0.631909 0.0753735 0.742362 0.346956 0.704714 0.448685 0.17106 0.608177 0.207688 0.0481256 0.906779 0.037638 0.733479 0.306954 0.800478 0.971611 0.00457185 0.182884 0.0495767 0.0164583 0.806092 0.542059 0.746992 0.628521 0.106617 0.654721 0.962462 0.926724 0.188041 0.639279 0.487162 0.945884 0.598208 0.761265 0.697652 0.0850492 0.326418 0.135021 0.822401 0.851733 0.158123 0.714267 0.328475 0.994689 0.969287 0.834479 0.77412 0.50386 0.123033 0.261507 0.668131 0.966334 0.819982 0.167021 0.313162 0.23702 0.859216 0.235555 0.899165 0.74411 0.995408 0.246872 0.788615 0.0127338 0.914834 0.714458 0.0974938 0.513812 0.705676 0.453219 0.300346 0.96876 0.8939 0.650729 0.514175 0.688654 0.996264 0.392383 0.799644 0.551199 0.311351
0.523873 0.73732 0.157122 0.846603 0.653143 0.391511 0.31268 0.804942 0.194238 0.542507 0.462451 0.243384 0.782482 0.685919 0.349062 0.149983 0.767969 0.51967 0.640278 0.742198 0.751095 0.943965 0.780693 0.96103 0.270378 0.0912467 0.799313 0.338059 0.31903 0.657602 0.557561 0.991102 0.366549 0.891852 0.860516 0.0247439 0.0991265 0.00880483 0.939536 0.0514772 0.604182 0.529014 0.589159 0.133709 0.139194 0.884484 0.667894 0.232376 0.330383 0.393884 0.219363 0.0338035 0.962936 0.00633547 0.978043 0.328855 0.366604 0.860737 0.89711 0.640588 0.237591 0.931973 0.419493 0.737069 0.587924 0.203923 0.606458 0.52104 0.355157 0.162232 0.862858 0.825915 0.381429 0.767463 0.135235 0.0317146 0.87991 0.46937 0.0251232 0.307179 0.400225 0.985161 0.187102 0.405859 0.764664 0.326298 0.137429 0.925085 0.475912 0.268821 0.892468 0.561411 0.76186 0.145924 0.595378 0.492251 0.832237 0.671621 0.438144 0.249776 0.419397 0.243356 0.310034 0.141665 0.723552 0.45358 0.603251 0.674249 0.2662 0.597774 0.274046 0.554509 0.816666 0.798213 0.162915 0.630825 0.138662 0.206883 0.436344 0.158809 0.211819 0.97805 0.430813 0.524909 0.836749 0.398615 0.947438 0.978701 0.0158902 0.758558 0.101385 0.147555 0.736979 0.636306 0.105293 0.36609 0.203308 0.832743 0.550737 0.871526 0.337106 0.50985 0.424537 0.960743 0.381356 0.524364 0.453603 0.92675 0.149857 0.1593 0.871042 0.00301521 0.654822 0.793062 0.00873368 0.301219 0.910034 0.494546 0.588214 0.127365 0.730727 0.365206 0.0499399 0.524999 0.714058 0.275563 0.54413 0.289057 0.422126 0.396954 0.983444 0.148277 0.205096 0.815892 0.41586 0.414322 0.632377 0.0836044 0.773478 0.122262 0.171184 0.131739 0.231953 0.40458 0.742359 0.520235 0.851281 0.689952 0.0888666 0.508294 0.00348497 0.0216143 0.523292 0.593212 0.705844 0.771932 0.976036 0.482595 0.759686 0.90729
0.721542 0.347852 0.920011 0.901335 0.120367 0.999988 0.420518 0.222214 0.360203 0.725463 0.0460981 0.327558 0.127819 0.552209 0.106466 0.645866 0.0747617 0.639879 0.708184 0.188486 0.983706 0.924612 0.460183 0.0987689 0.184846 0.63827 0.110551 0.0248032 0.530963 0.465444 0.0885488 0.369326 0.26081 0.620809 0.598293 0.172464 0.989839 0.451781 0.148212 0.98391 0.291511 0.105596 0.719829 0.829804 0.149375 0.814165 0.421051 0.831752 0.981083 0.040265 0.401403 0.986296 0.15522 0.191555 0.581977 0.948481 0.798512 0.929405 0.358577 0.0515321 0.754847 0.7348 0.504556 0.446081 0.687566 0.816054 0.389783 0.305364 0.0154251 0.566001 0.698853 0.256651 0.958453 0.693609 0.34566 0.847901 0.561747 0.194619 0.356611 0.758579 0.778545 0.720976 0.850925 0.415045 0.79858 0.0226767 0.317359 0.357839 0.926439 0.888075 0.252132 0.155814 0.395044 0.405992 0.117934 0.611005 0.0204533 0.694093 0.786732 0.777509 0.557079 0.480623 0.437261 0.897179 0.94966 0.441685 0.74618 0.972147 0.737316 0.569279 0.632477 0.0807663 0.424806 0.447399 0.472582 0.209874 0.724222 0.410625 0.707282 0.389297 0.295493 0.710115 0.853896 0.611379 0.763612 0.702445 0.286419 0.378482 0.250793 0.910175 0.667874 0.961133 0.44928 0.664397 0.545928 0.785875 0.644475 0.108409 0.220961 0.795984 0.428098 0.53581 0.1207 0.45972 0.16748 0.679865 0.102349 0.173281 0.507966 0.912959 0.567298 0.0541632 0.630608 0.348194 0.730997 0.745316 0.685358 0.36067 0.896974 0.411102 0.304671 0.778844 0.396884 0.529582 0.612289 0.136111 0.129648 0.524882 0.256357 0.428713 0.0774676 0.615614 0.913727 0.995437 0.124285 0.170694 0.939024 0.666957 0.630826 0.0236637 0.149234 0.715899 0.821787 0.756747 0.606025 0.3455 0.192684 0.357014 0.786761 0.252092 0.610358 0.635212 0.672755 0.731502 0.268595 0.164468 0.801608 0.749418 0.353636 0.343625
0.554718 0.347129 0.844887 0.596679 0.26939 0.980929 0.508672 0.316546 0.128775 0.748097 0.955344 0.734911 0.583847 0.629553 0.795802 0.264719 0.643515 0.556128 0.137178 0.85914 0.52355 0.109823 0.18077 0.578699 0.470544 0.937975 0.717621 0.13628 0.959231 0.556757 0.585214 0.557574 0.327512 0.330508 0.477724 0.522457 0.45553 0.370454 0.540334 0.288642 0.255709 0.783082 0.490093 0.600554 0.500473 0.206239 0.0209717 0.954446 0.0259469 0.216199 0.494996 0.70859 0.582833 0.469149 0.0400241 0.685792 0.135862 0.828183 0.539124 0.606817 0.947134 0.181833 0.663944 0.073625 0.0312795 0.832474 0.760055 0.873652 0.224635 0.613049 0.780319 0.0366952 0.245514 0.68674 0.149518 0.6455 0.549158 0.416197 0.170657 0.531195 0.442875 0.959174 0.799912 0.031116 0.0363458 0.829659 0.531119 0.384469 0.102923 0.517825 0.0617296 0.903818 0.290602 0.927871 0.610382 0.917874 0.627671 0.15692 0.420054 0.855701 0.216544 0.330957 0.47513 0.777868 0.0682667 0.927726 0.706129 0.60139 0.769609 0.148006 0.589025 0.134264 0.80166 0.742384 0.64791 0.240494 0.806986 0.148766 0.955097 0.648584 0.00568201 0.800638 0.0712965 0.213266 0.246936 0.340106 0.973832 0.496676 0.088399 0.987379 0.706012 0.880068 0.246856 0.460596 0.408821 0.689687 0.677467 0.190532 0.381532 0.0126196 0.30586 0.582509 0.154456 0.790236 0.59316 0.775675 0.6568 0.271222 0.244757 0.601417 0.944043 0.366327 0.483191 0.562627 0.37475 0.155106 0.8255 0.910396 0.309904 0.894917 0.611248 0.733414 0.415727 0.417579 0.0589847 0.042969 0.101097 0.637029 0.768577 0.612739 0.631398 0.964105 0.522132 0.312933 0.422636 0.810419 0.136006 0.79266 0.983163 0.153729 0.281785 0.21993 0.942501 0.991937 0.481404 0.123129 0.0859076 0.0293028 0.154459 0.463731 0.337185 0.870025 0.075872 0.679193 0.914793 0.0765947 0.360984 0.893281 0.594685 0.207572
0.991215 0.81725 0.970366 0.273244 0.180464 0.704353 0.89095 0.330761 0.250509 0.363111 0.496565 0.299116 0.386722 0.335999 0.693405 0.969981 0.733299 0.830136 0.55842 0.3653 0.273428 0.740068 0.22343 0.910595 0.213312 0.302685 0.164299 0.986707 0.0450246 0.783222 0.799141 0.546299 0.786583 0.459514 0.0572113 0.41423 0.284469 0.700529 0.248883 0.864274 0.572453 0.440255 0.333321 0.0314819 0.905157 0.580932 0.0168616 0.70758 0.0521041 0.189423 0.102509 0.0132543 0.503985 0.565252 0.967622 0.441887 0.015683 0.753195 0.714898 0.179354 0.330477 0.588557 0.268549 0.190886 0.426037 0.406616 0.198746 0.286404 0.438397 0.487511 0.493732 0.210371 0.0105993 0.526922 0.165145 0.212353 0.656199 0.105478 0.0389587 0.692702 0.125541 0.0318034 0.0823453 0.894395 0.0242172 0.150574 0.719923 0.732169 0.980462 0.896615 0.742265 0.908331 0.375708 0.44608 0.873587 0.0820382 0.404985 0.134085 0.0668793 0.921124 0.749905 0.180466 0.0381175 0.642528 0.98814 0.0306325 0.785053 0.114562 0.321832 0.102444 0.618424 0.0122259 0.585545 0.995526 0.990019 0.705163 0.83116 0.1636 0.592237 0.120199 0.898638 0.653888 0.618244 0.831408 0.151029 0.686577 0.521033 0.340733 0.246383 0.450956 0.703425 0.0120329 0.181918 0.625522 0.698405 0.624992 0.392628 0.0756197 0.0132029 0.575646 0.594055 0.823387 0.182693 0.970848 0.699725 0.244328 0.690956 0.0917545 0.472273 0.922909 0.9154 0.712479 0.20503 0.0668371 0.856726 0.863802 0.652383 0.103667 0.634871 0.580447 0.142791 0.457817 0.0905672 0.608438 0.76134 0.852734 0.396554 0.0932834 0.321259 0.26987 0.682017 0.961031 0.762375 0.832386 0.855844 0.024984 0.84132 0.573841 0.495616 0.349713 0.740878 0.593191 0.789394 0.506352 0.599719 0.259884 0.875337 0.371169 0.595406 0.856602 0.865768 0.380166 0.658055 0.838968 0.11661 0.175882 0.96162 0.53197 0.54563 0.535791
0.38361 0.424572 0.725853 0.947952 0.0767221 0.569683 0.501485 0.508047 0.519888 0.771176 0.902403 0.659527 0.676892 0.927375 0.651435 0.995052 0.835312 0.373513 0.183579 0.293503 0.384753 0.428279 0.593412 0.459715 0.444944 0.780226 0.877913 0.713307 0.88297 0.115556 0.574932 0.237078 0.217943 0.887627 0.239647 0.69948 0.785912 0.693503 0.881697 0.776553 0.737849 0.905595 0.258132 0.294499 0.363981 0.911328 0.101134 0.561775 0.39248 0.595563 0.0289944 0.188276 0.507099 0.439364 0.75884 0.0280899 0.0587006 0.479959 0.722275 0.964773 0.3438 0.213614 0.219082 0.360663 0.91996 0.63567 0.71973 0.780659 0.104989 0.904906 0.99778 0.438479 0.020007 0.498967 0.10802 0.484088 0.648983 0.894054 0.473306 0.456071 0.0639742 0.339764 0.165086 0.976976 0.132967 0.342877 0.507522 0.0439441 0.410155 0.134476 0.845914 0.760873 0.292434 0.406831 0.738716 0.0820392 0.899925 0.818837 0.997098 0.791244 0.622596 0.853236 0.397251 0.23006 0.903366 0.103401 0.353451 0.951774 0.227067 0.519336 0.837662 0.0951398 0.496604 0.231184 0.20086 0.143357 0.0493348 0.460787 0.566377 0.883463 0.183514 0.949051 0.499859 0.0762368 0.886834 0.868941 0.570065 0.190382 0.783305 0.0463668 0.351334 0.796936 0.254697 0.127903 0.0595036 0.923987 0.0301923 0.985531 0.455516 0.0549176 0.872073 0.374168 0.383126 0.736777 0.817872 0.427968 0.719436 0.616661 0.142575 0.00171074 0.938693 0.876545 0.133829 0.703915 0.106299 0.905032 0.909565 0.718026 0.0639274 0.58733 0.364608 0.746679 0.99307 0.195301 0.138519 0.819056 0.648168 0.139566 0.832001 0.657245 0.385921 0.456224 0.570474 0.351924 0.216107 0.265869 0.510084 0.969804 0.574483 0.491133 0.891407 0.488387 0.198454 0.929645 0.5892 0.840282 0.253845 0.286428 0.937401 0.625914 0.966662 0.879418 0.687511 0.26 0.681075 0.2446 0.626526 0.837488 0.0883309 0.568316
0.788399 0.914656 0.223407 0.558322 0.610105 0.834422 0.261182 0.802352 0.419175 0.551918 0.259974 0.700644 0.422278 0.573141 0.830682 0.30838 0.478507 0.817209 0.286464 0.114528 0.384647 0.227399 0.0824077 0.954642 0.522777 0.765386 0.0513451 0.170115 0.347238 0.762713 0.990663 0.117703 0.821305 0.983522 0.138428 0.756653 0.444197 0.644585 0.780989 0.459197 0.19127 0.76062 0.193527 0.157416 0.692504 0.432768 0.404773 0.937564 0.219104 0.545646 0.772337 0.990394 0.446741 0.42155 0.566224 0.276394 0.518263 0.00180613 0.652058 0.561176 0.871761 0.171733 0.415664 0.0970784 0.96596 0.53256 0.190604 0.926003 0.154026 0.27127 0.631448 0.323218 0.0854617 0.327319 0.851156 0.104216 0.738954 0.895146 0.821311 0.333622 0.447092 0.478842 0.802927 0.218003 0.968785 0.936444 0.836811 0.25975 0.620922 0.946373 0.719973 0.797296 0.279694 0.0726561 0.224812 0.64426 0.400305 0.640154 0.190772 0.980662 0.594303 0.0624454 0.309591 0.825528 0.667628 0.0484255 0.372338 0.0478126 0.760182 0.513973 0.563849 0.963395 0.671729 0.120913 0.268063 0.882449 0.122272 0.184803 0.783763 0.0586926 0.690087 0.972722 0.883308 0.218748 0.608066 0.989147 0.452092 0.72424 0.66532 0.0246342 0.958839 0.271076 0.676021 0.31937 0.0997966 0.810785 0.518133 0.608243 0.851729 0.780033 0.301065 0.0323187 0.189943 0.0150216 0.0484191 0.936716 0.271909 0.443696 0.547576 0.933768 0.308255 0.530446 0.0480756 0.867756 0.220669 0.0619261 0.968509 0.383079 0.878577 0.523181 0.390204 0.984612 0.325132 0.724219 0.992872 0.0584752 0.00513677 0.898922 0.223648 0.574851 0.299087 0.846376 0.517005 0.326823 0.924737 0.119572 0.324606 0.184482 0.0461232 0.0220583 0.7018 0.676073 0.775886 0.975016 0.881528 0.0535854 0.671776 0.598556 0.830392 0.357691 0.754098 0.437175 0.568964 0.321753 0.408046 0.397269 0.459447 0.746112 0.184417 0.677339
0.342335 0.575735 0.161259 0.273856 0.865213 0.728939 0.704066 0.440587 0.508107 0.180578 0.903978 0.542941 0.760486 0.540553 0.412958 0.312641 0.99302 0.916398 0.928527 0.267731 0.618254 0.446939 0.859515 0.605967 0.977991 0.935903 0.342671 0.520469 0.265694 0.905575 0.167102 0.906902 0.190712 0.845147 0.0683125 0.726874 0.918546 0.70341 0.259296 0.848649 0.461689 0.857376 0.780372 0.943944 0.027014 0.807814 0.382161 0.460176 0.849579 0.554623 0.302345 0.729058 0.11825 0.977747 0.872186 0.0764694 0.843759 0.732232 0.475504 0.169862 0.0172556 0.200225 0.0273012 0.665203 0.367704 0.79128 0.925733 0.141199 0.26649 0.898935 0.375141 0.116054 0.0187947 0.100773 0.993508 0.589891 0.0134776 0.82627 0.397162 0.0942782 0.712374 0.122408 0.255617 0.444082 0.753678 0.916871 0.614214 0.454591 0.939288 0.213398 0.578342 0.144442 0.378662 0.181805 0.224049 0.60934 0.834229 0.201158 0.164486 0.147269 0.389806 0.53574 0.479862 0.900994 0.170387 0.894537 0.602112 0.794437 0.32503 0.181924 0.612956 0.416773 0.738028 0.108287 0.52649 0.9767 0.527626 0.905985 0.652947 0.450749 0.0128865 0.593143 0.891534 0.921366 0.832009 0.909882 0.645242 0.190175 0.221977 0.262542 0.947582 0.873616 0.667073 0.192934 0.69653 0.00429421 0.888218 0.989167 0.350667 0.528352 0.813933 0.246757 0.905414 0.543756 0.295292 0.0949022 0.480212 0.170614 0.990203 0.404355 0.336229 0.709627 0.728548 0.43046 0.57458 0.496102 0.651707 0.991127 0.174091 0.403908 0.317938 0.615382 0.943713 0.262883 0.77686 0.649929 0.384345 0.0893445 0.0373585 0.75907 0.407238 0.401937 0.219651 0.775957 0.420194 0.82132 0.942168 0.164564 0.370975 0.701668 0.986823 0.945569 0.655004 0.0103137 0.521061 0.483305 0.257911 0.926184 0.19872 0.62478 0.221425 0.330054 0.0506429 0.918929 0.0375117 0.436555 0.817923 0.146546 0.769498 0.122169
0.578725 0.668182 0.711122 0.356309 0.900472 0.968795 0.733649 0.00990357 0.687504 0.0514734 0.810902 0.968387 0.487626 0.748447 0.546597 0.473598 0.691989 0.912015 0.847492 0.343628 0.816167 0.335204 0.845904 0.204228 0.978776 0.546994 0.411887 0.0288284 0.444422 0.270291 0.212829 0.382491 0.517324 0.869974 0.309688 0.749481 0.0958352 0.866816 0.164698 0.675072 0.331481 0.768891 0.755077 0.930813 0.966777 0.403907 0.725187 0.629493 0.489627 0.723019 0.907961 0.726214 0.706568 0.0430282 0.999412 0.495347 0.128603 0.930635 0.0059468 0.536144 0.407779 0.910094 0.37859 0.286958 0.0294238 0.427525 0.335853 0.370665 0.957456 0.191504 0.183394 0.884532 0.489418 0.691733 0.990342 0.175586 0.98208 0.259734 0.225102 0.311748 0.811914 0.300781 0.647565 0.696237 0.180285 0.638471 0.772674 0.00138487 0.146407 0.413856 0.177913 0.428809 0.767982 0.87938 0.841776 0.743233 0.616853 0.168745 0.83635 0.172521 0.937327 0.115811 0.461902 0.467739 0.930523 0.436191 0.219078 0.0635521 0.932023 0.493339 0.590536 0.0714811 0.220431 0.0555726 0.292967 0.385058 0.209419 0.285852 0.909378 0.102403 0.0666574 0.465579 0.64023 0.498057 0.677327 0.0611244 0.313125 0.68844 0.723334 0.681896 0.587675 0.487895 0.992666 0.110448 0.136219 0.518575 0.108153 0.855446 0.841276 0.152719 0.0390777 0.160533 0.630889 0.872998 0.483555 0.451588 0.656599 0.12173 0.304306 0.577917 0.906867 0.275339 0.784221 0.545699 0.666444 0.771668 0.51275 0.692814 0.361655 0.964129 0.143344 0.634083 0.525231 0.061927 0.82284 0.70411 0.669453 0.931209 0.557935 0.2597 0.598504 0.84961 0.901854 0.93158 0.456288 0.616713 0.477676 0.727542 0.595766 0.23037 0.900276 0.60896 0.318288 0.758762 0.877743 0.570113 0.766506 0.622249 0.264571 0.18628 0.0717535 0.835587 0.107498 0.152673 0.337468 0.0334684 0.346892 0.71952 0.0437414 0.731794
0.452457 0.321473 0.343091 0.423336 0.357799 0.389016 0.809592 0.624627 0.0382507 0.852984 0.547208 0.576473 0.962674 0.475218 0.683192 0.621034 0.630494 0.527044 0.675157 0.298982 0.0764152 0.852299 0.702396 0.911568 0.530198 0.474581 0.769971 0.164022 0.913113 0.754428 0.0723759 0.551294 0.046112 0.911874 0.0746967 0.077884 0.366368 0.857224 0.22395 0.556644 0.247543 0.665623 0.358643 0.184239 0.205419 0.75792 0.257332 0.60504 0.04909 0.715147 0.0876564 0.279324 0.0450124 0.830056 0.0695416 0.430506 0.471021 0.802083 0.34236 0.209852 0.0390936 0.0711299 0.937226 0.667435 0.192828 0.172829 0.0528107 0.234155 0.0946554 0.603527 0.887841 0.94398 0.599946 0.868225 0.676909 0.0419961 0.836418 0.796298 0.0508368 0.706222 0.513948 0.703025 0.191773 0.442997 0.814422 0.37473 0.0300829 0.509775 0.316944 0.239781 0.710373 0.715296 0.0273958 0.154397 0.00323415 0.00268962 0.997891 0.620996 0.318247 0.05836 0.219495 0.398356 0.992567 0.806536 0.220973 0.927954 0.778427 0.130706 0.729629 0.919781 0.189378 0.203943 0.274021 0.808742 0.0732379 0.215285 0.791897 0.479479 0.354376 0.602454 0.0181881 0.981426 0.323892 0.58971 0.632862 0.198046 0.921926 0.853757 0.375856 0.884253 0.866804 0.224433 0.428833 0.598922 0.184307 0.746118 0.738893 0.910923 0.251443 0.48207 0.225142 0.0354012 0.0755263 0.966526 0.851336 0.973918 0.749067 0.290058 0.273019 0.38916 0.445934 0.349066 0.54843 0.215167 0.112363 0.978998 0.501664 0.173527 0.285833 0.32627 0.952143 0.675446 0.291282 0.669127 0.00977614 0.443967 0.281449 0.00127282 0.472336 0.717487 0.86289 0.942694 0.0929531 0.965433 0.505224 0.263055 0.353578 0.0457142 0.885238 0.801565 0.744269 0.143802 0.881101 0.568321 0.951365 0.917868 0.184502 0.614134 0.393342 0.0450447 0.490399 0.982496 0.821801 0.631121 0.870612 0.236156 0.244809 0.728195 0.452457 0.449528
0.489264 0.178141 0.287671 0.559906 0.0849651 0.194251 0.414668 0.958089 0.135675 0.0929597 0.475135 0.647282 0.624627 0.719396 0.124312 0.975127 0.439683 0.836547 0.41273 0.510267 0.549258 0.370219 0.369379 0.633138 0.580622 0.0204345 0.373516 0.885654 0.690808 0.508343 0.317838 0.926187 0.139231 0.448255 0.888436 0.486078 0.719049 0.0847796 0.0749934 0.291325 0.282671 0.854271 0.319992 0.933417 0.487847 0.126677 0.276321 0.175893 0.150725 0.0421196 0.160151 0.597359 0.152249 0.6504 0.482165 0.499012 0.460142 0.850554 0.566429 0.795229 0.551493 0.193161 0.905053 0.880122 0.692098 0.645679 0.959506 0.973108 0.337265 0.849693 0.776904 0.825576 0.18057 0.7633 0.350043 0.40588 0.953826 0.464243 0.132562 0.886214 0.50062 0.643394 0.0553018 0.861088 0.911848 0.937386 0.742105 0.0242112 0.707949 0.801108 0.314854 0.796103 0.433676 0.609728 0.809441 0.392299 0.532742 0.33494 0.489107 0.941469 0.709782 0.00795039 0.0286705 0.91337 0.290841 0.235935 0.862026 0.76019 0.0933381 0.165203 0.962335 0.368497 0.100949 0.533911 0.717046 0.20547 0.0471984 0.880093 0.144867 0.294769 0.269299 0.236757 0.253595 0.0795544 0.324313 0.849904 0.590685 0.255353 0.654511 0.291951 0.444467 0.667905 0.23631 0.90052 0.595198 0.562702 0.0673946 0.104143 0.27308 0.161593 0.053649 0.351354 0.0752062 0.275992 0.10496 0.656177 0.310699 0.276571 0.303236 0.0251799 0.685845 0.149237 0.82855 0.102811 0.0411981 0.221084 0.313981 0.609652 0.577282 0.377443 0.766372 0.177772 0.762482 0.431721 0.799048 0.131963 0.591143 0.250799 0.752469 0.123424 0.11879 0.429793 0.906094 0.778581 0.82483 0.946623 0.708723 0.4065 0.496751 0.911082 0.489106 0.829269 0.530655 0.332676 0.243737 0.306096 0.984715 0.417685 0.233865 0.550374 0.241864 0.841057 0.00360987 0.69924 0.229838 0.50362 0.589094 0.0412835 0.74914 0.00616398
0.0416431 0.854112 0.658588 0.952384 0.11871 0.466332 0.724512 0.783332 0.943007 0.887937 0.916417 0.218518 0.443567 0.591135 0.248974 0.772774 0.467914 0.389126 0.952775 0.976484 0.0383956 0.417095 0.477444 0.973148 0.360137 0.292839 0.74676 0.196002 0.770405 0.346134 0.0709343 0.386544 0.487379 0.211704 0.228091 0.882839 0.700104 0.937918 0.7178 0.149466 0.0646897 0.398108 0.517078 0.184007 0.898107 0.201476 0.439716 0.269421 0.555698 0.125224 0.128672 0.798093 0.556263 0.845386 0.737248 0.42432 0.572413 0.853048 0.392843 0.2653 0.659006 0.233845 0.565472 0.668792 0.173356 0.290221 0.393363 0.79269 0.572122 0.269361 0.0673768 0.749893 0.210739 0.274047 0.192883 0.606723 0.0281519 0.923478 0.173151 0.247862 0.487006 0.593643 0.425171 0.810715 0.829483 0.24728 0.157033 0.545608 0.387777 0.809575 0.719128 0.843814 0.109514 0.621304 0.300348 0.452175 0.172775 0.8279 0.744894 0.0543047 0.650481 0.892545 0.00893629 0.998975 0.0080792 0.115443 0.975901 0.862455 0.609333 0.677319 0.650996 0.6708 0.189344 0.41165 0.174231 0.870268 0.826021 0.211273 0.880543 0.46266 0.882585 0.961122 0.00561898 0.262749 0.432346 0.133072 0.75925 0.924668 0.222852 0.0840073 0.256953 0.177865 0.57641 0.655181 0.0339217 0.810584 0.136514 0.925898 0.137693 0.0086341 0.447566 0.722624 0.19168 0.942991 0.693307 0.456618 0.60467 0.661911 0.110731 0.48238 0.194523 0.209406 0.708846 0.540238 0.382042 0.352072 0.340401 0.496129 0.610646 0.826306 0.457657 0.069579 0.872148 0.446422 0.64602 0.566679 0.115217 0.766443 0.718841 0.0277444 0.835085 0.0384832 0.834841 0.0599461 0.198848 0.714678 0.866213 0.118293 0.77281 0.759142 0.517036 0.380736 0.229587 0.234483 0.619174 0.917804 0.180149 0.81577 0.835051 0.0177447 0.763356 0.675878 0.48925 0.0735578 0.0503063 0.862838 0.65645 0.310319 0.74618 0.762268
0.839909 0.937408 0.609169 0.825652 0.108305 0.324123 0.224026 0.13219 0.0326377 0.836893 0.977984 0.201968 0.0504649 0.78447 0.634596 0.0524931 0.68392 0.176455 0.792402 0.134476 0.0548932 0.230241 0.167997 0.573635 0.266736 0.245692 0.718288 0.774755 0.321973 0.54735 0.82293 0.568272 0.290383 0.460964 0.654747 0.483946 0.971268 0.153135 0.607947 0.540529 0.632576 0.865881 0.188804 0.867591 0.0282257 0.10018 0.496694 0.0713429 0.927621 0.791411 0.880115 0.15379 0.48334 0.456415 0.970694 0.369196 0.044555 0.491171 0.725822 0.20536 0.556666 0.2244 0.397585 0.521719 0.154481 0.2676 0.503187 0.970846 0.718011 0.911142 0.273936 0.394638 0.879414 0.0281233 0.558206 0.0916311 0.164377 0.666661 0.495977 0.833585 0.286649 0.476457 0.600436 0.258801 0.754698 0.552622 0.0513911 0.927312 0.572102 0.838104 0.940873 0.372766 0.899368 0.757403 0.0483245 0.73539 0.64629 0.0177138 0.861712 0.377904 0.479483 0.586434 0.876812 0.406314 0.798162 0.716219 0.388929 0.321111 0.320164 0.315936 0.389576 0.56487 0.961034 0.261975 0.376095 0.0488147 0.907554 0.412492 0.556754 0.358744 0.337693 0.490283 0.399636 0.490467 0.0168404 0.00572789 0.490851 0.99518 0.429622 0.224574 0.871135 0.319065 0.527953 0.318812 0.593396 0.146235 0.740452 0.678597 0.217237 0.360574 0.390717 0.341052 0.376347 0.933247 0.559345 0.875666 0.0862226 0.528378 0.706326 0.0874553 0.118502 0.626566 0.809443 0.559152 0.209441 0.896136 0.748379 0.0558212 0.448741 0.152601 0.466906 0.0557657 0.918885 0.685795 0.316838 0.835737 0.301527 0.977086 0.44771 0.740551 0.920808 0.627257 0.357542 0.045795 0.782585 0.284962 0.985848 0.813668 0.812999 0.352109 0.145542 0.0462635 0.266395 0.325175 0.379614 0.659535 0.79209 0.888735 0.940337 0.368785 0.652889 0.383182 0.362666 0.930423 0.657177 0.928334 0.426638 0.0554964 0.668382 0.109124
0.0670825 0.32266 0.577451 0.639277 0.57185 0.555469 0.590773 0.810967 0.604318 0.336523 0.812981 0.811881 0.40384 0.231485 0.185949 0.403342 0.656869 0.099033 0.243023 0.420442 0.779876 0.941916 0.595138 0.595028 0.742798 0.878232 0.647135 0.539895 0.712299 0.813778 0.202367 0.142062 0.468812 0.0602575 0.0710027 0.459047 0.269652 0.101431 0.6738 0.404035 0.963939 0.766746 0.937667 0.596943 0.713838 0.714481 0.202086 0.184812 0.99787 0.550792 0.573426 0.754387 0.99184 0.28696 0.220677 0.397826 0.767918 0.971335 0.644225 0.90276 0.494546 0.779165 0.303314 0.963764 0.634035 0.0219451 0.795358 0.376602 0.389353 0.876372 0.0866703 0.204136 0.935688 0.375502 0.908015 0.177879 0.11093 0.872313 0.584125 0.85657 0.898256 0.203693 0.345733 0.476304 0.904767 0.326404 0.811454 0.434038 0.701548 0.295572 0.292647 0.822504 0.634855 0.418498 0.563957 0.836185 0.351139 0.0472702 0.278581 0.836709 0.909543 0.781619 0.00652769 0.953263 0.334175 0.0294698 0.16593 0.472979 0.0932187 0.474818 0.910448 0.304493 0.335129 0.666513 0.950631 0.925164 0.069421 0.091252 0.151607 0.724228 0.566571 0.216639 0.834981 0.701405 0.345989 0.168926 0.421691 0.111584 0.713715 0.897757 0.708926 0.266642 0.0487729 0.391776 0.261698 0.891388 0.794313 0.912006 0.275959 0.348082 0.935311 0.164746 0.149481 0.643766 0.328587 0.448062 0.586936 0.798977 0.173918 0.203779 0.221815 0.131342 0.729612 0.0875796 0.20823 0.984091 0.42686 0.822538 0.266239 0.20906 0.530599 0.0477924 0.028728 0.143051 0.780873 0.328441 0.316191 0.980291 0.922441 0.975801 0.188898 0.845006 0.673748 0.442025 0.789162 0.137983 0.433091 0.244386 0.931216 0.916926 0.593171 0.268009 0.319287 0.0497107 0.677607 0.981912 0.906704 0.811473 0.248332 0.776483 0.973455 0.013988 0.550402 0.580801 0.321324 0.597643 0.760256 0.0375552 0.437582 0.85
0.406493 0.822048 0.688913 0.754601 0.357858 0.701281 0.778114 0.0701727 0.72828 0.663014 0.121047 0.0136253 0.847146 0.531514 0.20178 0.748631 0.714024 0.416223 0.933283 0.689147 0.144186 0.788302 0.543472 0.559885 0.60877 0.525216 0.819006 0.495405 0.241209 0.158952 0.380483 0.392424 0.628395 0.989143 0.363405 0.293476 0.428222 0.0370269 0.11795 0.830942 0.913378 0.926017 0.502405 0.893827 0.988823 0.722395 0.838877 0.465529 0.878443 0.240425 0.636094 0.541567 0.918572 0.999918 0.135026 0.524994 0.404894 0.0756191 0.585608 0.422734 0.454683 0.699195 0.318636 0.894279 0.887113 0.999336 0.512023 0.165228 0.840227 0.6593 0.410463 0.669163 0.428844 0.989551 0.772778 0.375515 0.0770956 0.0592909 0.866136 0.443348 0.892766 0.337194 0.887489 0.176121 0.101381 0.161589 0.820506 0.186704 0.731191 0.0330153 0.647748 0.44178 0.193131 0.707598 0.445222 0.617811 0.111411 0.392271 0.963438 0.909292 0.913785 0.235565 0.877049 0.083609 0.227722 0.688746 0.976089 0.580934 0.708476 0.782194 0.883137 0.232223 0.395724 0.830377 0.0496674 0.236479 0.116805 0.297059 0.990432 0.624059 0.966614 0.899103 0.17734 0.279346 0.172939 0.838834 0.798114 0.903329 0.579313 0.406451 0.726416 0.916294 0.85367 0.648834 0.738494 0.687392 0.763258 0.897238 0.0481519 0.143121 0.193918 0.574854 0.293066 0.262002 0.319546 0.373816 0.890017 0.929379 0.0791272 0.240622 0.97916 0.657752 0.533629 0.587439 0.569134 0.537632 0.760797 0.0896044 0.736296 0.907836 0.643832 0.707714 0.120832 0.618893 0.0444943 0.549355 0.0996566 0.390515 0.762792 0.196969 0.433317 0.811151 0.104381 0.175308 0.628633 0.225881 0.719576 0.508983 0.697583 0.40419 0.51392 0.773468 0.0151006 0.491116 0.296945 0.749003 0.763965 0.435825 0.59813 0.423935 0.11882 0.407811 0.505143 0.641868 0.317031 0.557713 0.451143 0.322918 0.635216 0.052133
0.480935 0.10703 0.327429 0.949912 0.860952 0.588035 0.458001 0.404221 0.828209 0.49751 0.764261 0.755437 0.529487 0.480784 0.892902 0.178824 0.322305 0.877485 0.242726 0.636295 0.726886 0.0711207 0.618916 0.727401 0.318305 0.815601 0.314614 0.60459 0.277121 0.609295 0.611825 0.0290435 0.446396 0.617556 0.238214 0.532605 0.9939 0.486077 0.520448 0.609388 0.134707 0.598933 0.850898 0.300067 0.865669 0.365026 0.874353 0.3055 0.86556 0.651589 0.945523 0.214434 0.0819777 0.0593674 0.726929 0.116189 0.518392 0.60227 0.389742 0.429997 0.315295 0.359914 0.873547 0.57018 0.971546 0.505848 0.0842668 0.412384 0.643527 0.185417 0.58918 0.410056 0.194787 0.173001 0.848182 0.0459383 0.045339 0.0205382 0.0838713 0.781271 0.490867 0.753559 0.170011 0.721131 0.101357 0.372639 0.597018 0.59119 0.622305 0.432208 0.347212 0.639331 0.207904 0.902237 0.689194 0.385482 0.175427 0.738059 0.0581539 0.916976 0.32753 0.170272 0.389716 0.960874 0.16204 0.541872 0.0818647 0.0158392 0.235359 0.311626 0.676456 0.128502 0.162445 0.769293 0.206504 0.634914 0.706608 0.551505 0.553194 0.62807 0.599889 0.999084 0.613537 0.538892 0.458051 0.927315 0.752478 0.246592 0.155857 0.114328 0.0903882 0.306319 0.970924 0.104894 0.748276 0.510463 0.371862 0.873343 0.696969 0.566269 0.128127 0.172296 0.64975 0.438274 0.539013 0.673283 0.184065 0.388505 0.0522002 0.549188 0.183264 0.00654045 0.793445 0.615503 0.018222 0.734176 0.135159 0.10823 0.744292 0.405394 0.557041 0.927662 0.145068 0.265482 0.394351 0.118769 0.104199 0.464589 0.0897717 0.77334 0.209869 0.178886 0.219722 0.790167 0.364156 0.0512018 0.776496 0.0211046 0.321869 0.46483 0.670706 0.190075 0.506444 0.943185 0.260246 0.514085 0.541328 0.235387 0.455271 0.665742 0.970119 0.231876 0.727908 0.277421 0.744097 0.799612 0.565944 0.44433 0.680834 0.645985
0.603623 0.847139 0.20422 0.124734 0.826673 0.283304 0.162758 0.864726 0.807746 0.885053 0.0780373 0.397686 0.54083 0.607271 0.305696 0.486603 0.269731 0.901978 0.727333 0.437507 0.876243 0.669602 0.340742 0.818198 0.398501 0.568282 0.844368 0.295253 0.852186 0.72318 0.750721 0.383764 0.919219 0.604122 0.465759 0.067678 0.470278 0.953411 0.796482 0.602288 0.727315 0.0201334 0.454683 0.526879 0.672005 0.104082 0.791757 0.118825 0.388768 0.242417 0.724118 0.815544 0.551045 0.738426 0.367605 0.177219 0.325876 0.425528 0.0691632 0.564995 0.687518 0.0120028 0.780128 0.327485 0.237004 0.64954 0.768473 0.958131 0.622184 0.449623 0.753665 0.199681 0.90242 0.559357 0.386474 0.0318056 0.96504 0.388602 0.694201 0.240955 0.479564 0.913322 0.578501 0.206247 0.325076 0.438977 0.111332 0.742097 0.838775 0.656472 0.428189 0.191164 0.525923 0.539778 0.776666 0.352506 0.505724 0.760808 0.993743 0.758611 0.465622 0.416539 0.48935 0.162316 0.49618 0.801282 0.0220833 0.313592 0.831069 0.715125 0.906915 0.760144 0.72464 0.242064 0.405227 0.182445 0.78905 0.668061 0.793345 0.971424 0.266576 0.92471 0.134484 0.937731 0.0210305 0.886986 0.956447 0.444117 0.0609353 0.626889 0.57103 0.106356 0.903772 0.509975 0.361657 0.0746 0.101861 0.268073 0.131228 0.0930172 0.468972 0.362629 0.00125972 0.509361 0.867989 0.94051 0.477646 0.921268 0.887414 0.60892 0.651996 0.418554 0.0763141 0.0848092 0.981539 0.298751 0.515311 0.545722 0.695981 0.634659 0.188409 0.254165 0.410919 0.459862 0.01065 0.0267484 0.797179 0.286567 0.366402 0.230044 0.703417 0.773915 0.906813 0.568771 0.158607 0.558334 0.768092 0.284517 0.34061 0.254269 0.224434 0.171665 0.0105879 0.114392 0.731442 0.511556 0.896949 0.189113 0.471563 0.135422 0.482308 0.86417 0.67852 0.596128 0.680649 0.528341 0.479481 0.496701 0.0201037 0.158351
0.302075 0.384197 0.621277 0.620855 0.247864 0.794907 0.999072 0.516027 0.0277508 0.740242 0.307828 0.502444 0.0754815 0.726196 0.510118 0.917374 0.272403 0.57883 0.727533 0.829117 0.00209454 0.421393 0.0551214 0.780046 0.0911015 0.992973 0.0436509 0.739883 0.731466 0.903946 0.292631 0.715591 0.555504 0.300985 0.245086 0.59272 0.729165 0.714104 0.482119 0.326957 0.33144 0.788973 0.602554 0.228214 0.275431 0.0280064 0.128147 0.415074 0.216733 0.688429 0.206184 0.893825 0.0330744 0.204787 0.121815 0.689477 0.576405 0.24108 0.898765 0.325564 0.180283 0.388631 0.529195 0.822979 0.0904124 0.231111 0.347939 0.284243 0.200449 0.413835 0.697119 0.410602 0.145262 0.992814 0.556723 0.821279 0.151903 0.968121 0.908111 0.2757 0.509161 0.0831271 0.295942 0.868773 0.0456799 0.173495 0.819814 0.599614 0.0399369 0.556763 0.869391 0.380806 0.239414 0.903073 0.0829762 0.453358 0.45167 0.583879 0.58758 0.0747114 0.969204 0.25066 0.795846 0.389093 0.67978 0.501525 0.502451 0.549921 0.786431 0.944769 0.556837 0.624871 0.767256 0.516206 0.70159 0.788374 0.558061 0.963829 0.458932 0.462095 0.514864 0.174635 0.650764 0.962566 0.718136 0.442585 0.569154 0.328165 0.638741 0.80071 0.486405 0.568958 0.715216 0.0292033 0.353518 0.119192 0.547368 0.995206 0.922846 0.889602 0.543412 0.787032 0.749956 0.137997 0.614075 0.681854 0.495691 0.411506 0.745917 0.752563 0.0780731 0.361659 0.168332 0.202767 0.65663 0.831704 0.368447 0.268017 0.406163 0.413618 0.653723 0.423327 0.637248 0.539602 0.333241 0.341586 0.55944 0.606675 0.435892 0.297154 0.0203934 0.313505 0.272838 0.0747262 0.230641 0.527355 0.901347 0.171684 0.0483589 0.0609472 0.371613 0.82337 0.524279 0.412259 0.148299 0.473142 0.762956 0.156856 0.0429973 0.933468 0.939947 0.131801 0.464001 0.751355 0.626964 0.0296745 0.521996 0.710051 0.487185 0.896667
0.793999 0.470246 0.386739 0.405878 0.265273 0.840671 0.702335 0.0423419 0.33379 0.937837 0.27833 0.992127 0.879007 0.248707 0.924886 0.829204 0.481995 0.348544 0.514855 0.102733 0.442131 0.41376 0.807876 0.819234 0.332306 0.403989 0.158587 0.121507 0.397755 0.918902 0.321602 0.295682 0.389992 0.301341 0.289263 0.741226 0.912095 0.171789 0.261602 0.0671992 0.947305 0.885495 0.59374 0.57721 0.300192 0.537527 0.345378 0.025616 0.460937 0.994891 0.234015 0.387016 0.241652 0.3881 0.329049 0.197426 0.924687 0.225847 0.471813 0.560709 0.868631 0.67127 0.375299 0.535081 0.799212 0.135607 0.486553 0.51546 0.632841 0.604041 0.752432 0.492145 0.091652 0.209746 0.959632 0.891441 0.650288 0.180724 0.434733 0.309053 0.337924 0.113709 0.943136 0.568864 0.368034 0.0944466 0.248591 0.805026 0.427811 0.351204 0.760532 0.167684 0.66395 0.790518 0.916935 0.891709 0.591752 0.299966 0.0104798 0.440947 0.880137 0.874661 0.705384 0.450085 0.454444 0.521881 0.819413 0.566184 0.400433 0.420615 0.866413 0.00834527 0.716931 0.106615 0.162098 0.767554 0.712513 0.421502 0.496081 0.658985 0.615758 0.951004 0.635096 0.619591 0.133404 0.369689 0.109969 0.742858 0.0670696 0.118633 0.596737 0.3941 0.165412 0.906777 0.554123 0.345745 0.0318817 0.5803 0.618175 0.703922 0.760774 0.199536 0.981619 0.912991 0.290858 0.618695 0.0660697 0.291611 0.336369 0.21755 0.294494 0.928611 0.635316 0.244755 0.282019 0.542031 0.0811645 0.167425 0.807596 0.495793 0.380135 0.366644 0.3271 0.896659 0.0254219 0.738928 0.256389 0.306564 0.324659 0.998603 0.961123 0.19886 0.31822 0.774121 0.646087 0.654823 0.579251 0.932136 0.900879 0.757142 0.763184 0.381273 0.460787 0.990493 0.29041 0.352341 0.685576 0.463892 0.121422 0.598909 0.227858 0.627158 0.49387 0.279608 0.945474 0.708372 0.156614 0.619156 0.784025 0.25083
0.97301 0.179707 0.28056 0.077767 0.152285 0.581356 0.0268075 0.0810243 0.262928 0.161623 0.828143 0.00833895 0.933664 0.960155 0.116141 0.870917 0.660477 0.111851 0.104206 0.0870815 0.279386 0.933219 0.28445 0.744915 0.385388 0.401212 0.644078 0.35368 0.181743 0.161702 0.358226 0.305629 0.161925 0.246958 0.787646 0.946587 0.923856 0.91109 0.218657 0.177673 0.959559 0.121016 0.548908 0.369477 0.389079 0.848521 0.676312 0.825618 0.975588 0.800671 0.17642 0.352221 0.310777 0.380988 0.901768 0.115035 0.501096 0.826232 0.385339 0.921694 0.529493 0.64338 0.757307 0.329055 0.680458 0.11453 0.601078 0.460913 0.853962 0.820567 0.980389 0.475627 0.111842 0.0641673 0.0660968 0.195243 0.197651 0.057746 0.0640396 0.825846 0.276536 0.140135 0.789011 0.311743 0.796227 0.598763 0.96814 0.656042 0.109089 0.71816 0.436248 0.0579545 0.360828 0.627308 0.954193 0.979673 0.625934 0.410045 0.636819 0.291992 0.563511 0.125931 0.469212 0.206746 0.884857 0.716769 0.78518 0.468288 0.469843 0.848194 0.518349 0.300169 0.0820809 0.488732 0.585368 0.386221 0.978085 0.440855 0.876325 0.163372 0.628113 0.29601 0.832188 0.335077 0.77891 0.596286 0.57839 0.991528 0.655144 0.065277 0.279748 0.198171 0.795847 0.566375 0.233093 0.443746 0.061936 0.546166 0.626892 0.0354725 0.83322 0.158589 0.945449 0.307471 0.107254 0.326628 0.838664 0.938833 0.406528 0.25064 0.544594 0.834183 0.227888 0.177978 0.909243 0.571751 0.883804 0.0577433 0.673263 0.878139 0.461708 0.245167 0.106148 0.0681013 0.859216 0.452461 0.979139 0.921756 0.485201 0.976977 0.378844 0.840789 0.430376 0.868733 0.299676 0.919665 0.88752 0.521078 0.0574895 0.15237 0.952579 0.835753 0.075745 0.883235 0.652841 0.792522 0.15152 0.0277577 0.411987 0.798474 0.880592 0.907006 0.829746 0.802965 0.701713 0.134017 0.0838696 0.813353 0.769279 0.122742
0.354771 0.39163 0.0955084 0.473744 0.592852 0.420065 0.218777 0.689292 0.409717 0.332223 0.796552 0.654657 0.246628 0.635934 0.816069 0.136196 0.772662 0.821261 0.0167582 0.434034 0.965 0.436499 0.866507 0.0974569 0.194574 0.558008 0.593079 0.375348 0.5205 0.0573888 0.924762 0.00677706 0.0418326 0.564729 0.471426 0.959617 0.399622 0.870528 0.683624 0.802757 0.649421 0.429303 0.0890381 0.189975 0.274998 0.639916 0.664937 0.0920037 0.0284159 0.512252 0.603121 0.337755 0.637331 0.647112 0.819032 0.170118 0.25527 0.671073 0.344198 0.663689 0.528301 0.158449 0.578454 0.159388 0.203621 0.693604 0.77488 0.748781 0.55605 0.634311 0.1705 0.905479 0.903177 0.0152123 0.403071 0.858972 0.707796 0.0607189 0.480836 0.0243965 0.984047 0.529821 0.954771 0.729688 0.805323 0.180477 0.856858 0.615581 0.997842 0.336292 0.157801 0.891984 0.0366377 0.955099 0.91827 0.475163 0.460465 0.0418081 0.386668 0.246062 0.405048 0.81472 0.00284424 0.0180521 0.784229 0.785969 0.353817 0.826252 0.367625 0.35044 0.716131 0.233295 0.830838 0.446738 0.578818 0.762806 0.510303 0.213372 0.490438 0.930385 0.111987 0.654859 0.288142 0.949445 0.374899 0.936481 0.278661 0.972222 0.565247 0.807565 0.291927 0.587932 0.563534 0.0687147 0.608195 0.396371 0.824128 0.783627 0.847113 0.666499 0.215772 0.0316849 0.443543 0.425967 0.197915 0.990537 0.407724 0.326477 0.64946 0.702383 0.430003 0.592737 0.269418 0.764689 0.306147 0.719977 0.248068 0.212186 0.171037 0.658684 0.0846517 0.0854913 0.689672 0.0414028 0.12949 0.792949 0.594852 0.129981 0.927976 0.366855 0.529241 0.89045 0.879823 0.0357726 0.967625 0.664706 0.820612 0.678697 0.510255 0.560331 0.526259 0.130421 0.676042 0.128758 0.254395 0.161261 0.114251 0.537796 0.126336 0.333344 0.900961 0.337372 0.646344 0.707337 0.795739 0.494593 0.27445 0.884279 0.152728 0.558521
0.914963 0.574718 0.430313 0.50975 0.129119 0.465907 0.147744 0.0186725 0.506918 0.947367 0.121089 0.847651 0.136259 0.657848 0.463909 0.0129892 0.832488 0.745328 0.121449 0.546346 0.63341 0.362012 0.327561 0.731097 0.0850658 0.70845 0.93092 0.627639 0.159939 0.879319 0.584836 0.434567 0.604802 0.839604 0.76615 0.714496 0.0853173 0.36082 0.276316 0.588106 0.388236 0.514287 0.355997 0.141544 0.786052 0.909974 0.258325 0.673159 0.399741 0.967048 0.293265 0.457509 0.0475833 0.500375 0.729048 0.321326 0.802068 0.87556 0.582247 0.475755 0.612084 0.343258 0.678696 0.202507 0.376406 0.0412119 0.385106 0.433533 0.740919 0.653559 0.504417 0.959447 0.677048 0.799943 0.980555 0.861009 0.96851 0.325667 0.221561 0.468533 0.976615 0.108575 0.407283 0.838762 0.626619 0.0131824 0.263563 0.659817 0.0553949 0.220013 0.625459 0.688321 0.395835 0.267511 0.251938 0.264771 0.0983199 0.512287 0.713844 0.956563 0.0959021 0.355027 0.329376 0.995338 0.567729 0.945075 0.425941 0.0745619 0.497352 0.183183 0.791704 0.26434 0.0215791 0.498878 0.287755 0.611468 0.221251 0.338408 0.92457 0.24714 0.342365 0.937335 0.224055 0.43555 0.227849 0.541299 0.79845 0.504137 0.874625 0.691397 0.06883 0.838425 0.807823 0.0256305 0.792753 0.132768 0.28788 0.685357 0.965405 0.0812748 0.744991 0.729561 0.945188 0.343396 0.354798 0.926129 0.0765325 0.35185 0.88541 0.0209397 0.771835 0.942921 0.465029 0.630757 0.888912 0.865028 0.974651 0.679145 0.493606 0.654021 0.253276 0.702267 0.929157 0.540085 0.43324 0.4032 0.845312 0.105541 0.622542 0.370917 0.675495 0.885489 0.677388 0.567278 0.725395 0.5606 0.67046 0.785496 0.452492 0.101162 0.156202 0.636813 0.990755 0.558576 0.0852755 0.891905 0.379336 0.949864 0.382597 0.208512 0.762724 0.444945 0.813861 0.810885 0.636055 0.509242 0.564742 0.0994161 0.759915 0.198564
0.164797 0.415333 0.83678 0.456834 0.895933 0.346697 0.492825 0.256733 0.701346 0.173535 0.940601 0.112086 0.164562 0.103266 0.508389 0.974001 0.0159271 0.249613 0.782509 0.526598 0.499125 0.031709 0.181891 0.554847 0.156813 0.306645 0.282691 0.626279 0.102844 0.415195 0.0939839 0.26485 0.767988 0.5572 0.113228 0.160334 0.236526 0.349967 0.567561 0.920103 0.58536 0.844032 0.341697 0.657769 0.751646 0.0520802 0.626414 0.824151 0.127475 0.669426 0.254157 0.889482 0.659938 0.361665 0.918305 0.318708 0.119588 0.858513 0.998159 0.673454 0.965078 0.732046 0.876348 0.0316959 0.557617 0.292185 0.358804 0.680824 0.118989 0.663384 0.215585 0.709333 0.354432 0.46191 0.990557 0.319774 0.00210706 0.149242 0.319289 0.631813 0.188249 0.269765 0.644925 0.926521 0.35509 0.701705 0.622697 0.262626 0.439746 0.0595652 0.277531 0.0958817 0.406749 0.380884 0.813793 0.811528 0.667262 0.893086 0.82246 0.0606826 0.799503 0.414713 0.659729 0.954542 0.590938 0.741553 0.513183 0.0533968 0.144355 0.857786 0.8569 0.972629 0.26129 0.62957 0.978559 0.175793 0.646395 0.582751 0.762763 0.551058 0.957737 0.875999 0.720055 0.84736 0.481965 0.0231024 0.079933 0.21151 0.0603642 0.333753 0.821511 0.642698 0.234049 0.126449 0.225293 0.777006 0.459102 0.009274 0.840156 0.285367 0.271837 0.570909 0.814661 0.718353 0.901506 0.762312 0.502858 0.418743 0.436514 0.543294 0.863231 0.338346 0.130991 0.702076 0.814813 0.651184 0.741344 0.280482 0.705037 0.424433 0.918922 0.745285 0.480694 0.427523 0.570744 0.62318 0.75998 0.965001 0.939835 0.396286 0.0844593 0.06822 0.337594 0.611836 0.0904293 0.852628 0.79438 0.862201 0.606842 0.259041 0.283256 0.00325972 0.0568505 0.0074123 0.101113 0.969036 0.811431 0.516475 0.583864 0.881184 0.8307 0.662566 0.554966 0.555171 0.662115 0.392571 0.240706 0.457776 0.0121811 0.00157789
0.629392 0.210974 0.0826302 0.885801 0.776541 0.675365 0.540783 0.328205 0.159106 0.668791 0.127136 0.161021 0.96369 0.933934 0.54119 0.854171 0.391228 0.589266 0.887461 0.348367 0.1426 0.231578 0.375424 0.426506 0.437114 0.896054 0.303978 0.561814 0.386493 0.960199 0.0167323 0.782686 0.561667 0.253203 0.0584482 0.170488 0.186522 0.715457 0.967681 0.715322 0.465815 0.0600194 0.824579 0.220529 0.267115 0.948771 0.743912 0.0900093 0.582708 0.50456 0.0654435 0.686097 0.972389 0.168155 0.038233 0.366593 0.44326 0.844067 0.796564 0.551619 0.842248 0.497718 0.975189 0.623842 0.307172 0.561003 0.193007 0.825983 0.141558 0.864126 0.306378 0.233684 0.209173 0.963661 0.322554 0.387076 0.170017 0.676838 0.193967 0.119039 0.230181 0.520726 0.890817 0.0754202 0.0437999 0.455891 0.467932 0.648825 0.193469 0.81882 0.728193 0.915504 0.465567 0.481127 0.110162 0.889927 0.0898452 0.454795 0.351249 0.0222755 0.923074 0.692153 0.010057 0.258605 0.158432 0.599369 0.321436 0.589642 0.210306 0.716126 0.263408 0.406583 0.0683709 0.418855 0.148081 0.716066 0.726724 0.223209 0.83465 0.609837 0.757342 0.4207 0.510853 0.727718 0.34811 0.981806 0.526124 0.0857449 0.204867 0.35615 0.83244 0.330729 0.694365 0.642112 0.66678 0.646269 0.564256 0.81495 0.383915 0.0288946 0.651301 0.962097 0.566049 0.943191 0.52564 0.58114 0.0434885 0.469689 0.700995 0.564637 0.708595 0.915633 0.0409192 0.695299 0.426548 0.471107 0.69279 0.808882 0.840796 0.509647 0.863513 0.21237 0.570213 0.400654 0.492391 0.29038 0.209085 0.990075 0.615741 0.717693 0.626191 0.138505 0.0978186 0.947463 0.0520619 0.332053 0.517647 0.796693 0.645148 0.404713 0.381456 0.753636 0.72163 0.311676 0.198838 0.479949 0.838828 0.917076 0.854713 0.712736 0.866362 0.223505 0.428331 0.289325 0.92787 0.0715089 0.930723 0.982696 0.820929 0.533604
0.320377 0.179095 0.656925 0.473962 0.220415 0.918568 0.687701 0.218898 0.833158 0.0362728 0.549625 0.418307 0.497387 0.102288 0.0917711 0.0270467 0.338131 0.790485 0.299346 0.599426 0.806884 0.797733 0.789077 0.33491 0.828949 0.633525 0.324369 0.402352 0.488441 0.884193 0.495908 0.473401 0.571899 0.291447 0.313203 0.167042 0.612794 0.501288 0.969568 0.591562 0.358463 0.830344 0.442301 0.550467 0.555177 0.44425 0.595497 0.30271 0.099412 0.279823 0.545691 0.243138 0.310244 0.390174 0.565829 0.481509 0.0201862 0.235665 0.188895 0.535346 0.575175 0.685919 0.412225 0.117378 0.615592 0.351165 0.840376 0.70993 0.797875 0.879733 0.770995 0.382725 0.550313 0.699235 0.89186 0.500161 0.686488 0.366442 0.56572 0.539703 0.470673 0.74775 0.0427069 0.533308 0.37094 0.243991 0.645348 0.79332 0.617694 0.182508 0.240322 0.539422 0.535856 0.524513 0.0970351 0.829683 0.589998 0.664005 0.855721 0.685108 0.305857 0.137854 0.619468 0.150602 0.547945 0.997651 0.318013 0.407186 0.784487 0.227917 0.510051 0.849514 0.659951 0.306769 0.271114 0.0286007 0.891075 0.779781 0.62186 0.763752 0.286757 0.150258 0.821461 0.928699 0.484244 0.998137 0.0941978 0.396421 0.866038 0.470989 0.683122 0.960477 0.015508 0.929014 0.0493373 0.25926 0.93765 0.711019 0.457235 0.6643 0.982667 0.982616 0.32787 0.0513454 0.0713139 0.0460707 0.986082 0.609008 0.116629 0.519546 0.469376 0.681992 0.943249 0.527656 0.810609 0.772375 0.792029 0.825499 0.110011 0.0879253 0.749654 0.352226 0.0745829 0.896709 0.322166 0.74278 0.21959 0.0145659 0.215138 0.532061 0.914595 0.99798 0.99735 0.172103 0.786147 0.907611 0.37361 0.595349 0.971299 0.100606 0.889681 0.361436 0.761226 0.145831 0.61768 0.0786453 0.463197 0.283069 0.675205 0.161325 0.400298 0.0859218 0.491105 0.179361 0.521958 0.549259 0.2413 0.0957994 0.470304 0.773931
0.169687 0.323593 0.722938 0.33836 0.088768 0.482496 0.754299 0.553605 0.142857 0.826045 0.214361 0.483513 0.946721 0.366237 0.127982 0.372613 0.128768 0.494937 0.531618 0.908887 0.222548 0.331897 0.666627 0.75894 0.382669 0.297715 0.0662602 0.327012 0.539411 0.535024 0.698463 0.24638 0.366956 0.407942 0.988917 0.330927 0.351662 0.440655 0.231617 0.316608 0.761853 0.0460877 0.621012 0.0761274 0.251569 0.479438 0.879579 0.152347 0.959075 0.298967 0.720484 0.0188265 0.192642 0.548312 0.545677 0.0736517 0.225108 0.568891 0.0577692 0.883567 0.695496 0.694843 0.742612 0.904771 0.0857247 0.75353 0.202733 0.495291 0.718551 0.423247 0.255645 0.118956 0.0870606 0.829246 0.868834 0.696621 0.313213 0.681183 0.974381 0.422 0.885406 0.0618108 0.378151 0.106089 0.608511 0.217994 0.79516 0.971891 0.832616 0.65081 0.372428 0.325749 0.175141 0.921452 0.671868 0.268312 0.231886 0.791297 0.347745 0.0668747 0.674017 0.680832 0.171966 0.878269 0.43023 0.879481 0.427525 0.22691 0.199308 0.3736 0.0692683 0.742917 0.75545 0.114849 0.973437 0.959047 0.600697 0.972679 0.689621 0.301096 0.221682 0.92037 0.0181096 0.0724023 0.358522 0.20538 0.161131 0.22569 0.910841 0.970205 0.852046 0.442006 0.732613 0.986173 0.531226 0.621357 0.283759 0.509934 0.312857 0.114501 0.292106 0.0270676 0.859399 0.670801 0.706175 0.108546 0.213571 0.296818 0.477146 0.170352 0.534741 0.493999 0.294039 0.360111 0.325289 0.729203 0.0431612 0.0870564 0.2627 0.384032 0.780822 0.906467 0.700541 0.33224 0.954195 0.29093 0.940966 0.818227 0.962655 0.884845 0.382348 0.647839 0.80376 0.591616 0.453433 0.0465901 0.0898111 0.478659 0.0634023 0.803059 0.231967 0.760973 0.767791 0.5035 0.817897 0.208085 0.585768 0.144473 0.341575 0.423567 0.105133 0.283144 0.684865 0.40098 0.761019 0.778138 0.11321 0.0746227 0.70034 0.13777
0.48892 0.626728 0.0945777 0.188801 0.998756 0.0702712 0.0372682 0.187293 0.225902 0.38357 0.127384 0.943162 0.230031 0.899312 0.481153 0.420765 0.308265 0.611241 0.45767 0.519952 0.439097 0.508603 0.323944 0.151573 0.00163078 0.0682541 0.767356 0.767097 0.486587 0.492077 0.658814 0.764734 0.942903 0.157011 0.0386087 0.290418 0.957706 0.675126 0.0566563 0.689627 0.620844 0.477704 0.602658 0.57087 0.09734 0.306706 0.691554 0.723648 0.26379 0.482618 0.974548 0.271016 0.619801 0.586693 0.349138 0.956709 0.270234 0.288342 0.216557 0.995283 0.801055 0.970631 0.225877 0.998518 0.268306 0.981986 0.650276 0.225392 0.435487 0.218595 0.485401 0.521541 0.13593 0.722136 0.368362 0.55479 0.0928246 0.808445 0.88856 0.735816 0.54675 0.817933 0.259128 0.141401 0.511711 0.963492 0.237957 0.090941 0.30937 0.658244 0.342591 0.665942 0.703644 0.557068 0.974021 0.190114 0.443335 0.263039 0.483551 0.281121 0.534214 0.458063 0.389903 0.017527 0.257209 0.134545 0.812862 0.861285 0.425411 0.0698049 0.984734 0.664389 0.670728 0.829716 0.072826 0.499034 0.805067 0.691933 0.21866 0.311291 0.948917 0.354929 0.154718 0.154114 0.152686 0.529768 0.509177 0.971943 0.127822 0.446111 0.589615 0.76666 0.284856 0.886774 0.156973 0.548757 0.22788 0.158637 0.307002 0.0478781 0.720697 0.963579 0.774059 0.737867 0.545265 0.760747 0.758648 0.411173 0.524665 0.871943 0.435412 0.355374 0.32748 0.491612 0.109424 0.992111 0.763161 0.782328 0.98705 0.0310831 0.22244 0.765735 0.123853 0.724414 0.290771 0.731523 0.719698 0.477119 0.997027 0.0868552 0.756186 0.279584 0.444178 0.887047 0.409227 0.308749 0.467231 0.348449 0.0347668 0.0561374 0.939632 0.898446 0.504196 0.219301 0.0387631 0.103924 0.541054 0.000244229 0.676338 0.564037 0.717254 0.516244 0.687217 0.680362 0.167936 0.0597354 0.125288 0.631024 0.128177 0.163256
0.272459 0.133971 0.61061 0.224394 0.814286 0.252614 0.056033 0.666272 0.616375 0.772471 0.902301 0.0222092 0.152289 0.38272 0.435849 0.885957 0.76546 0.00454993 0.94883 0.453881 0.981546 0.451426 0.647241 0.404329 0.801056 0.785259 0.970738 0.944051 0.38154 0.443804 0.283636 0.400271 0.420477 0.0505177 0.26149 0.707365 0.315724 0.164777 0.276338 0.621305 0.30276 0.808794 0.256941 0.534202 0.2871 0.402999 0.562816 0.558022 0.470499 0.0394055 0.671016 0.390112 0.377519 0.0251415 0.432788 0.711922 0.258544 0.34441 0.860017 0.902463 0.847559 0.991994 0.826889 0.465372 0.0924829 0.592515 0.190179 0.146854 0.543216 0.537748 0.889389 0.260522 0.0633293 0.152073 0.129003 0.397688 0.223969 0.546703 0.608096 0.746337 0.0397985 0.677031 0.890172 0.103876 0.775206 0.64264 0.0824616 0.133447 0.933024 0.0321068 0.454011 0.463917 0.386793 0.0386464 0.467283 0.496433 0.0899329 0.398144 0.827283 0.0622365 0.00559328 0.23159 0.475158 0.847751 0.288186 0.901181 0.729348 0.571467 0.765406 0.0418949 0.588694 0.0873901 0.378379 0.126617 0.758411 0.0270725 0.424868 0.136548 0.0900357 0.376198 0.343665 0.295742 0.357522 0.104603 0.062349 0.115844 0.0733902 0.857482 0.856999 0.0391488 0.834474 0.616777 0.88598 0.0683386 0.0205328 0.219122 0.232928 0.624438 0.365994 0.303716 0.790797 0.624508 0.138542 0.00397237 0.125257 0.30876 0.274824 0.632773 0.391111 0.63916 0.316962 0.297982 0.508901 0.63724 0.418039 0.649384 0.25252 0.830946 0.028496 0.658627 0.182277 0.188075 0.64156 0.0120141 0.921465 0.653347 0.512632 0.245111 0.91293 0.920914 0.857124 0.0990835 0.277096 0.398548 0.211175 0.248367 0.335491 0.848469 0.380081 0.223209 0.587911 0.0368509 0.847106 0.420814 0.211902 0.156328 0.954743 0.899456 0.0188008 0.218126 0.0650313 0.610813 0.868246 0.720323 0.332205 0.853576 0.484654 0.730573 0.665008 0.896877
0.142855 0.796333 0.747311 0.466006 0.950364 0.831356 0.0819026 0.929457 0.750051 0.809853 0.248544 0.994027 0.0968284 0.298238 0.0882221 0.106775 0.747165 0.104557 0.420399 0.990571 0.120747 0.125428 0.22999 0.503615 0.703141 0.669255 0.254263 0.17695 0.968124 0.201289 0.544887 0.721074 0.427627 0.735574 0.399772 0.18499 0.415946 0.900462 0.777062 0.963969 0.303179 0.488137 0.233441 0.424716 0.926523 0.609075 0.620817 0.31051 0.503201 0.364329 0.296715 0.393749 0.00666567 0.504079 0.844283 0.3776 0.280985 0.760725 0.27768 0.479572 0.336435 0.875104 0.474251 0.772279 0.422516 0.291099 0.99712 0.810595 0.720987 0.965183 0.476831 0.855167 0.512376 0.465926 0.297762 0.46975 0.942552 0.900691 0.854177 0.656069 0.190973 0.388483 0.531851 0.512039 0.668885 0.996414 0.838651 0.0335101 0.443 0.372123 0.9137 0.764629 0.714686 0.76487 0.0368129 0.510983 0.567673 0.166806 0.816996 0.859407 0.964675 0.169461 0.878727 0.291067 0.247962 0.0680546 0.376846 0.0708981 0.352162 0.405793 0.472172 0.141853 0.581856 0.633702 0.241684 0.511077 0.394316 0.604451 0.0225425 0.016852 0.472678 0.660847 0.555592 0.111367 0.280061 0.681763 0.570993 0.646771 0.338049 0.0815528 0.618642 0.641617 0.31076 0.893222 0.134192 0.775243 0.285987 0.261888 0.739057 0.0204147 0.281146 0.468167 0.109643 0.885496 0.509479 0.658003 0.631572 0.941777 0.065365 0.560944 0.932987 0.900811 0.578245 0.489052 0.300142 0.631093 0.417923 0.370974 0.89584 0.215052 0.844812 0.877607 0.198442 0.101211 0.555093 0.753517 0.393584 0.592626 0.55366 0.655433 0.981898 0.443578 0.862289 0.357135 0.138426 0.708881 0.656944 0.448482 0.676738 0.373345 0.207241 0.608019 0.902426 0.439088 0.133406 0.97188 0.324734 0.702669 0.356361 0.989173 0.464272 0.0142132 0.473715 0.458106 0.5179 0.237602 0.0562222 0.330651 0.150132 0.0743665
0.180885 0.40202 0.69001 0.330343 0.570871 0.102333 0.077011 0.324944 0.318394 0.511853 0.318343 0.210288 0.668855 0.333992 0.233389 0.95276 0.928513 0.621835 0.233236 0.384682 0.668019 0.961402 0.424132 0.165637 0.164375 0.133386 0.731288 0.1122 0.135328 0.687177 0.140472 0.748572 0.855371 0.579261 0.239845 0.104026 0.9138 0.0510739 0.0229136 0.662182 0.539034 0.282071 0.226001 0.611189 0.358561 0.361816 0.332012 0.231169 0.786741 0.92047 0.300225 0.676368 0.716567 0.708532 0.504326 0.147499 0.235482 0.710177 0.504138 0.675913 0.534585 0.397727 0.902171 0.283055 0.200667 0.374848 0.569505 0.501652 0.522166 0.58601 0.827609 0.456175 0.381443 0.901073 0.736323 0.950124 0.822243 0.179647 0.497794 0.184319 0.569968 0.874466 0.793689 0.238155 0.872972 0.113045 0.54722 0.188502 0.476676 0.7327 0.950208 0.186417 0.22588 0.852326 0.588697 0.930223 0.387259 0.540968 0.0523405 0.562703 0.125595 0.345783 0.690658 0.876186 0.0638939 0.858633 0.37795 0.783086 0.0472377 0.362565 0.291111 0.0476115 0.399344 0.729104 0.998195 0.369175 0.00814323 0.596057 0.543365 0.682376 0.958076 0.0798131 0.942481 0.00777708 0.750883 0.136697 0.777144 0.665191 0.519537 0.201129 0.568768 0.345434 0.587014 0.240075 0.927774 0.499427 0.0660827 0.273811 0.569939 0.32654 0.249777 0.952499 0.415276 0.0891018 0.347429 0.764608 0.36069 0.905293 0.672564 0.661497 0.441567 0.734681 0.616522 0.566431 0.0896881 0.154042 0.679434 0.669095 0.868588 0.385005 0.289655 0.498213 0.19029 0.567854 0.615261 0.663071 0.0349243 0.585207 0.189801 0.0941069 0.467192 0.709529 0.329777 0.581325 0.923942 0.713196 0.201147 0.50898 0.661102 0.37103 0.647642 0.182263 0.0753082 0.273326 0.844137 0.0882572 0.0926877 0.393906 0.214188 0.541652 0.621521 0.611935 0.633015 0.210205 0.637458 0.708425 0.343599 0.156164 0.0351195 0.852074
0.268846 0.345642 0.691676 0.98135 0.3742 0.584651 0.0721217 0.109663 0.534731 0.377033 0.390278 0.920419 0.30148 0.0297532 0.168817 0.967607 0.7882 0.199745 0.740646 0.631891 0.673952 0.663037 0.49324 0.163688 0.956501 0.0758851 0.800933 0.0499034 0.663882 0.180075 0.730455 0.494549 0.134388 0.201235 0.7991 0.208787 0.259553 0.816585 0.584207 0.47291 0.856733 0.856976 0.857459 0.811622 0.276365 0.50671 0.217352 0.257598 0.987478 0.938749 0.204761 0.600688 0.0490155 0.00787074 0.508592 0.153318 0.217599 0.718131 0.203856 0.309893 0.243655 0.386044 0.575652 0.858497 0.703678 0.574188 0.533326 0.887217 0.699117 0.50211 0.375051 0.405374 0.364554 0.479771 0.833123 0.561968 0.110961 0.345219 0.665349 0.0882294 0.124422 0.810677 0.98213 0.937841 0.699083 0.0640146 0.517738 0.981902 0.403162 0.193862 0.652156 0.718098 0.0757966 0.192871 0.877673 0.809478 0.497703 0.901896 0.218154 0.899867 0.367164 0.836161 0.700331 0.987992 0.621152 0.198805 0.644883 0.529966 0.314255 0.249264 0.595797 0.00574684 0.420663 0.891009 0.120289 0.170755 0.86797 0.0503435 0.756656 0.692624 0.302918 0.697665 0.604052 0.773463 0.828427 0.662039 0.299624 0.416795 0.645607 0.659296 0.499376 0.979127 0.687152 0.162028 0.249382 0.510523 0.779713 0.943673 0.545725 0.82034 0.11118 0.531293 0.220584 0.302332 0.279364 0.67912 0.562263 0.83414 0.958735 0.65846 0.0553515 0.0358876 0.465174 0.695566 0.769989 0.359991 0.369226 0.164243 0.0646444 0.781105 0.740196 0.809264 0.0709988 0.82435 0.434727 0.424835 0.900749 0.239355 0.491427 0.0912708 0.88173 0.0893323 0.881976 0.0560216 0.549617 0.139428 0.925866 0.479659 0.80296 0.151006 0.659048 0.293209 0.791208 0.308494 0.806595 0.121806 0.861619 0.991034 0.980356 0.740415 0.0270109 0.473606 0.319117 0.00110731 0.517085 0.878297 0.980494 0.178215 0.212389 0.612259
0.799959 0.999479 0.358837 0.311561 0.124389 0.401931 0.632747 0.772366 0.209134 0.349658 0.995867 0.952219 0.0385478 0.0402315 0.657367 0.656374 0.978008 0.0714293 0.461866 0.872724 0.0804308 0.566521 0.592002 0.806888 0.278696 0.844846 0.663012 0.757456 0.86069 0.287254 0.589797 0.137147 0.1235 0.0254082 0.845776 0.509127 0.943441 0.819489 0.61009 0.934436 0.0654288 0.970299 0.690529 0.154702 0.86723 0.574506 0.230276 0.814533 0.0519049 0.157825 0.247536 0.974865 0.535731 0.645285 0.461173 0.14498 0.485513 0.922026 0.0323553 0.749255 0.0577938 0.313196 0.542901 0.730654 0.992311 0.702602 0.448654 0.4987 0.606519 0.468893 0.440861 0.471416 0.551294 0.492643 0.513911 0.0416607 0.602159 0.869041 0.555931 0.807266 0.361301 0.885727 0.250558 0.86002 0.933564 0.262025 0.272974 0.557962 0.0262696 0.0810562 0.764633 0.641375 0.47099 0.748397 0.12092 0.485969 0.933251 0.207521 0.790196 0.824087 0.247676 0.991476 0.673044 0.897979 0.971017 0.158996 0.243893 0.359447 0.579319 0.35909 0.130687 0.828837 0.457116 0.684679 0.920369 0.551555 0.37008 0.771383 0.611332 0.953294 0.814491 0.391249 0.811359 0.856842 0.821668 0.78309 0.155751 0.907452 0.681117 0.31584 0.0163719 0.581894 0.153678 0.643758 0.486039 0.0803234 0.2673 0.527095 0.683687 0.751329 0.459763 0.717671 0.293243 0.845837 0.389829 0.921103 0.985209 0.323144 0.264655 0.100185 0.490942 0.943616 0.39762 0.330646 0.539721 0.955103 0.649148 0.585867 0.986409 0.554217 0.37664 0.898306 0.921037 0.517046 0.489689 0.511383 0.662284 0.554588 0.0593269 0.469769 0.898995 0.738609 0.127162 0.989379 0.269522 0.160034 0.935637 0.983032 0.35984 0.251171 0.286629 0.919919 0.198878 0.198081 0.551167 0.345776 0.029123 0.833119 0.439837 0.692789 0.435836 0.251289 0.100475 0.238148 0.0725075 0.373083 0.31883 0.943492 0.149513 0.0563525
0.794604 0.587236 0.564771 0.0564777 0.145801 0.734853 0.531417 0.72369 0.239024 0.405561 0.888635 0.566994 0.256515 0.0489019 0.748046 0.720418 0.721467 0.94727 0.910828 0.389127 0.0486864 0.887808 0.278799 0.537579 0.711315 0.0207184 0.433886 0.43989 0.491685 0.839472 0.295075 0.97207 0.272519 0.895269 0.634393 0.186063 0.280096 0.527656 0.0131711 0.0568203 0.863847 0.753539 0.242453 0.259183 0.975636 0.759977 0.740171 0.411431 0.863829 0.132762 0.646044 0.865118 0.731257 0.146377 0.342111 0.822938 0.784696 0.166968 0.328114 0.355691 0.709569 0.509181 0.80447 0.545655 0.811377 0.191498 0.902485 0.758746 0.876333 0.420782 0.274123 0.641497 0.503067 0.213606 0.162114 0.836119 0.716447 0.522984 0.591618 0.941502 0.0468441 0.800152 0.0569585 0.654191 0.90294 0.320324 0.0686814 0.400024 0.460461 0.30934 0.843806 0.732123 0.108581 0.519476 0.102969 0.452319 0.393721 0.647029 0.751695 0.50957 0.408746 0.823161 0.377548 0.388481 0.0574519 0.150507 0.532104 0.299121 0.0834243 0.74445 0.462918 0.764577 0.634514 0.967197 0.202396 0.298726 0.594588 0.267459 0.871341 0.454522 0.500489 0.307011 0.4976 0.556059 0.657551 0.916381 0.192083 0.554762 0.206226 0.673777 0.320001 0.34335 0.869047 0.968741 0.328063 0.534389 0.33079 0.663405 0.0452818 0.350059 0.930823 0.307004 0.217576 0.99224 0.176343 0.990165 0.725502 0.853355 0.803413 0.533524 0.896734 0.855013 0.449966 0.802407 0.925497 0.60058 0.593018 0.192506 0.676041 0.121626 0.62336 0.216724 0.794559 0.0542919 0.27436 0.247901 0.0524172 0.0425148 0.180239 0.0015879 0.0753538 0.446747 0.563138 0.675442 0.344041 0.428127 0.866862 0.163778 0.854813 0.0935767 0.444757 0.214672 0.306256 0.077263 0.942461 0.248342 0.598386 0.981796 0.749791 0.890448 0.145365 0.0935848 0.343341 0.177611 0.832937 0.550696 0.358081 0.418959 0.111961 0.289112
0.235595 0.970607 0.794391 0.311449 0.172668 0.130434 0.411447 0.531333 0.49987 0.554662 0.124869 0.885501 0.536232 0.887187 0.117623 0.749315 0.455184 0.887689 0.478869 0.345553 0.501929 0.566606 0.0297057 0.0261503 0.103464 0.639144 0.442016 0.622609 0.194103 0.402257 0.813116 0.931231 0.77433 0.128003 0.0132792 0.244041 0.14302 0.293802 0.397896 0.0374131 0.269746 0.352714 0.0457391 0.160383 0.721828 0.282098 0.235199 0.614961 0.800235 0.218128 0.0825722 0.613196 0.0468948 0.51009 0.953856 0.169537 0.288094 0.950971 0.939234 0.87767 0.737979 0.372022 0.936372 0.395992 0.030604 0.377277 0.266556 0.896816 0.291439 0.055804 0.441378 0.299139 0.891879 0.854558 0.739714 0.616363 0.410832 0.278432 0.998583 0.00621236 0.631459 0.974087 0.746956 0.0985067 0.612914 0.664227 0.511141 0.868761 0.974359 0.851537 0.610053 0.77421 0.763419 0.919019 0.900448 0.0460578 0.792048 0.667357 0.182717 0.969663 0.224881 0.379075 0.197876 0.324283 0.797665 0.338948 0.530187 0.110438 0.639264 0.274526 0.327783 0.055813 0.957439 0.805497 0.803312 0.482323 0.441808 0.0181559 0.755803 0.29045 0.0250368 0.394837 0.840777 0.765238 0.0630146 0.000294707 0.235146 0.662346 0.795744 0.553446 0.305394 0.650116 0.310141 0.17275 0.33358 0.475028 0.441825 0.749968 0.0341241 0.648571 0.800783 0.401291 0.42795 0.0151912 0.0812979 0.560953 0.849701 0.535549 0.672046 0.59573 0.662139 0.397419 0.260996 0.00778286 0.789445 0.641107 0.0942984 0.804278 0.705235 0.925126 0.757348 0.132231 0.449585 0.598909 0.543916 0.318173 0.66991 0.0445947 0.33681 0.145822 0.330323 0.912996 0.373252 0.913988 0.89714 0.517594 0.300034 0.343018 0.431224 0.286745 0.152986 0.407445 0.247907 0.0654147 0.529005 0.388909 0.438739 0.810738 0.809993 0.730386 0.536071 0.495405 0.0797197 0.114566 0.748557 0.0244938 0.133046 0.75793 0.895719 0.187905
0.39698 0.29388 0.504331 0.352318 0.906167 0.491459 0.220222 0.658784 0.180192 0.542171 0.67443 0.440818 0.673417 0.522316 0.0804455 0.0777907 0.635602 0.0637443 0.242541 0.425859 0.654065 0.69154 0.679064 0.26062 0.847487 0.927862 0.165099 0.555209 0.276771 0.0386496 0.976401 0.310156 0.0142538 0.744673 0.780862 0.598509 0.156651 0.251865 0.264685 0.805176 0.920084 0.212276 0.00939942 0.748482 0.409199 0.430927 0.106388 0.980161 0.179582 0.0104567 0.187235 0.876634 0.268479 0.115002 0.101496 0.316744 0.5306 0.946032 0.109909 0.200695 0.747386 0.125118 0.997577 0.825088 0.467595 0.816946 0.553309 0.568524 0.67145 0.300934 0.609047 0.401847 0.301335 0.35805 0.101876 0.188079 0.692108 0.979044 0.453595 0.638703 0.480721 0.186365 0.388704 0.365322 0.482442 0.78763 0.8464 0.265691 0.262987 0.981514 0.501703 0.949989 0.803986 0.773566 0.579659 0.244516 0.192898 0.665123 0.0355939 0.59492 0.540589 0.219104 0.410855 0.291225 0.166581 0.259628 0.886712 0.302001 0.674729 0.418305 0.860648 0.085314 0.67099 0.648323 0.549264 0.676685 0.455479 0.878213 0.265772 0.736417 0.349498 0.380949 0.598669 0.365073 0.0634326 0.201736 0.620639 0.0581458 0.696114 0.0921885 0.790004 0.711536 0.55702 0.534961 0.104603 0.54999 0.000946099 0.194246 0.958917 0.705989 0.299159 0.436682 0.741446 0.00426221 0.644379 0.547093 0.965038 0.630876 0.970934 0.0949749 0.667012 0.607547 0.417556 0.628968 0.419024 0.289626 0.909582 0.995887 0.0370239 0.357449 0.808518 0.636024 0.00787714 0.863202 0.0759969 0.609663 0.818382 0.0885955 0.93953 0.291405 0.586994 0.894574 0.40307 0.649923 0.0572279 0.640731 0.330824 0.303377 0.610822 0.906719 0.930301 0.632241 0.434176 0.865147 0.792262 0.486079 0.474529 0.316397 0.64587 0.270252 0.219642 0.348514 0.252531 0.828538 0.0510611 0.300771 0.747456 0.277203 0.129827 0.949867
0.0671517 0.255452 0.963409 0.282753 0.935326 0.316632 0.907637 0.96387 0.230018 0.616132 0.109983 0.0456387 0.875753 0.338541 0.552774 0.332694 0.0982305 0.582258 0.405771 0.338404 0.452591 0.550129 0.675737 0.0593883 0.547774 0.782206 0.432176 0.888458 0.0862259 0.685095 0.54995 0.626989 0.20447 0.960025 0.133227 0.0446493 0.856016 0.905938 0.936456 0.182967 0.949772 0.696887 0.520853 0.920039 0.253026 0.747994 0.548009 0.109789 0.10872 0.342542 0.202355 0.405214 0.440263 0.52094 0.769262 0.796427 0.10335 0.912195 0.950868 0.263427 0.840285 0.623799 0.54866 0.445401 0.763167 0.605495 0.978452 0.890216 0.495324 0.710268 0.869311 0.309287 0.870262 0.291027 0.171894 0.600113 0.82019 0.396783 0.118526 0.183753 0.860428 0.9165 0.707995 0.178034 0.488127 0.611866 0.999974 0.592513 0.0730095 0.505511 0.726187 0.420805 0.955349 0.531935 0.524872 0.185786 0.0699149 0.860165 0.142481 0.84141 0.106617 0.674625 0.825159 0.706148 0.276223 0.183223 0.4612 0.00956148 0.299105 0.429449 0.279004 0.0472175 0.750332 0.107985 0.722694 0.621672 0.0342602 0.0241546 0.0166399 0.536272 0.211715 0.766661 0.601555 0.837248 0.428436 0.682349 0.418881 0.732919 0.054361 0.0184888 0.102091 0.670505 0.99263 0.234158 0.246794 0.5828 0.568289 0.84482 0.280093 0.131792 0.379817 0.351832 0.94312 0.703525 0.400649 0.686055 0.987845 0.996758 0.271459 0.418834 0.789062 0.214498 0.187806 0.849126 0.727234 0.514155 0.342886 0.595963 0.945413 0.567959 0.376785 0.0583482 0.101179 0.97851 0.0233105 0.649148 0.755 0.460253 0.604795 0.0039414 0.559742 0.742907 0.0726304 0.529269 0.173744 0.532172 0.324257 0.962968 0.609945 0.831015 0.842668 0.426695 0.105215 0.38917 0.855211 0.440589 0.306863 0.557884 0.764781 0.827355 0.460624 0.496866 0.848399 0.593328 0.973767 0.425152 0.259124 0.0905302 0.772418 0.693946
0.287661 0.641019 0.340553 0.194058 0.855462 0.380391 0.557003 0.869411 0.0673894 0.811629 0.0278253 0.163155 0.452807 0.477713 0.584241 0.256157 0.952555 0.533196 0.7096 0.32199 0.61325 0.666947 0.488684 0.00615772 0.175665 0.556769 0.333157 0.254469 0.759722 0.258217 0.288738 0.391411 0.833537 0.00683757 0.234094 0.268827 0.35455 0.928433 0.773092 0.16544 0.0397747 0.12006 0.721666 0.775647 0.319899 0.334088 0.693477 0.597874 0.381694 0.711346 0.141727 0.346324 0.692825 0.457787 0.681926 0.235432 0.64222 0.80425 0.948164 0.711498 0.371443 0.0880173 0.667006 0.732517 0.467842 0.262436 0.518953 0.181386 0.860836 0.126171 0.915564 0.323891 0.962719 0.912827 0.603953 0.642714 0.540252 0.120617 0.831623 0.191821 0.262406 0.908271 0.828367 0.15678 0.0906961 0.219345 0.01545 0.880273 0.858582 0.438645 0.90315 0.789597 0.991218 0.873087 0.423273 0.844017 0.417681 0.813187 0.771759 0.428014 0.0852686 0.617459 0.804745 0.458988 0.853879 0.527797 0.474165 0.350623 0.741385 0.702511 0.575794 0.773921 0.929751 0.0138151 0.479362 0.680257 0.301761 0.31612 0.99985 0.980135 0.325315 0.986782 0.558956 0.723758 0.0612128 0.903887 0.35935 0.211862 0.347455 0.072105 0.0684076 0.670869 0.175493 0.761143 0.556745 0.881122 0.728812 0.596924 0.136499 0.13048 0.612991 0.459825 0.537278 0.445666 0.338697 0.48723 0.194159 0.948039 0.780804 0.139454 0.358372 0.3915 0.352226 0.778362 0.914334 0.313928 0.310516 0.334334 0.800655 0.0861882 0.368369 0.325133 0.203206 0.716185 0.879534 0.453307 0.146956 0.270771 0.459069 0.134154 0.282797 0.924615 0.923412 0.459682 0.451213 0.479679 0.349409 0.772597 0.493403 0.129242 0.374617 0.18953 0.641228 0.986304 0.159818 0.71416 0.510412 0.710377 0.637123 0.58763 0.00900086 0.500436 0.897418 0.224478 0.68603 0.46299 0.907261 0.202859 0.90772 0.158782
0.00817508 0.145361 0.14119 0.548094 0.265964 0.438164 0.462827 0.155671 0.595318 0.295763 0.616018 0.123065 0.0819911 0.903633 0.737995 0.992158 0.464454 0.567846 0.700706 0.117279 0.0979323 0.349386 0.251377 0.831236 0.49204 0.59165 0.465858 0.340962 0.91435 0.896779 0.289711 0.0834179 0.520562 0.835909 0.873679 0.348826 0.394309 0.714278 0.610076 0.466779 0.280604 0.886719 0.0690895 0.697773 0.894786 0.00425624 0.713618 0.711544 0.608095 0.456943 0.539794 0.700811 0.406844 0.650733 0.236285 0.983534 0.259323 0.150337 0.185578 0.391946 0.621051 0.0311174 0.999238 0.377044 0.20617 0.893616 0.0371207 0.210501 0.780077 0.867143 0.587509 0.566365 0.0869875 0.48347 0.62864 0.320724 0.383566 0.577637 0.765607 0.512095 0.107297 0.814569 0.349963 0.206853 0.767744 0.37717 0.640203 0.720892 0.218995 0.859876 0.927364 0.829014 0.210466 0.519998 0.454622 0.796281 0.783121 0.91211 0.701433 0.677107 0.800543 0.560654 0.881781 0.918713 0.0609565 0.725285 0.339601 0.951618 0.884692 0.968452 0.122085 0.119194 0.384016 0.322081 0.297308 0.932344 0.972113 0.922476 0.88597 0.511251 0.536099 0.25267 0.269683 0.18032 0.231468 0.783624 0.179568 0.184969 0.96308 0.140257 0.340527 0.116713 0.187402 0.621321 0.420494 0.38836 0.405318 0.866166 0.322438 0.758541 0.228196 0.954672 0.996085 0.212708 0.68067 0.726893 0.343148 0.347981 0.895825 0.93056 0.794174 0.462124 0.285048 0.314158 0.362123 0.26578 0.695156 0.172815 0.974058 0.345332 0.495115 0.767799 0.323252 0.11027 0.941735 0.568076 0.373462 0.0776915 0.115766 0.039948 0.0864825 0.600584 0.638277 0.793874 0.877811 0.998733 0.125097 0.652656 0.632756 0.744107 0.180733 0.914872 0.000384562 0.0246081 0.570978 0.733318 0.331303 0.671512 0.415609 0.446898 0.116272 0.783375 0.484753 0.0952633 0.185805 0.504292 0.660622 0.634617 0.174855 0.601308
0.643227 0.361204 0.358827 0.641999 0.143054 0.532975 0.864865 0.780559 0.224715 0.662717 0.88138 0.785027 0.986994 0.0597187 0.368384 0.601137 0.603989 0.474455 0.333007 0.956199 0.137912 0.0602726 0.69618 0.537794 0.876597 0.970972 0.937136 0.0830139 0.976792 0.379306 0.0326369 0.779526 0.010009 0.394949 0.897358 0.59857 0.907597 0.74103 0.484474 0.964612 0.794101 0.170866 0.320313 0.0741142 0.487902 0.390886 0.825961 0.886342 0.249938 0.238123 0.429764 0.674791 0.437353 0.317495 0.472875 0.0514329 0.356871 0.636875 0.486838 0.617672 0.914546 0.24002 0.117502 0.95374 0.436947 0.0546949 0.195975 0.113948 0.127691 0.443547 0.456184 0.42162 0.780216 0.92499 0.118763 0.462619 0.331515 0.5161 0.83987 0.220447 0.436828 0.482479 0.921528 0.33451 0.940264 0.546899 0.206268 0.271224 0.9511 0.163338 0.261584 0.96077 0.393065 0.839219 0.478012 0.21318 0.570479 0.868182 0.241263 0.0477983 0.973415 0.0713658 0.0994244 0.322041 0.990959 0.42802 0.47893 0.0160025 0.362094 0.0998379 0.648283 0.500566 0.357329 0.224222 0.379464 0.483408 0.949595 0.573097 0.17376 0.123363 0.219941 0.693306 0.620966 0.454238 0.193099 0.514934 0.820687 0.654947 0.941066 0.618033 0.0919955 0.957661 0.571957 0.82211 0.13707 0.215121 0.0961372 0.552723 0.233935 0.953237 0.653292 0.346978 0.188773 0.660787 0.244715 0.431988 0.116158 0.679358 0.207846 0.0735643 0.210557 0.142434 0.938597 0.688716 0.707353 0.178761 0.762036 0.183772 0.738802 0.0226028 0.214243 0.343608 0.487442 0.665588 0.0710236 0.755679 0.336232 0.986707 0.923056 0.780062 0.947461 0.316682 0.461383 0.218768 0.0317397 0.226901 0.404035 0.63386 0.869981 0.174083 0.093482 0.614298 0.822787 0.0308919 0.179498 0.297272 0.506846 0.0453129 0.130153 0.928984 0.105192 0.330053 0.701748 0.367592 0.691344 0.420576 0.951877 0.0042021 0.0584526 0.201742
0.495189 0.507742 0.707896 0.469046 0.259989 0.218615 0.51119 0.333783 0.887563 0.455534 0.215414 0.678157 0.702874 0.453846 0.83889 0.895303 0.565515 0.0904448 0.370977 0.0659469 0.896751 0.0705215 0.426528 0.933899 0.272057 0.0863006 0.782188 0.573741 0.687834 0.872456 0.52439 0.792707 0.519065 0.280088 0.524655 0.243102 0.60495 0.998451 0.626688 0.717893 0.22432 0.948911 0.193254 0.163939 0.833967 0.520592 0.900575 0.974175 0.0800482 0.146351 0.892828 0.351522 0.0458964 0.480631 0.781834 0.0529497 0.907461 0.200578 0.398981 0.0974175 0.356706 0.60759 0.319719 0.410451 0.202352 0.636956 0.727275 0.366247 0.65005 0.172003 0.016937 0.365159 0.165386 0.236107 0.774161 0.0563294 0.821674 0.081769 0.735962 0.556174 0.313645 0.608655 0.469987 0.925777 0.399549 0.528411 0.79758 0.25562 0.634027 0.772998 0.57662 0.0447335 0.270077 0.0480449 0.552463 0.160457 0.636711 0.46747 0.92276 0.484092 0.113943 0.998773 0.210933 0.434219 0.557529 0.175764 0.469998 0.0370683 0.617633 0.273358 0.865332 0.827991 0.670873 0.317788 0.239596 0.308959 0.721131 0.675171 0.604131 0.793286 0.115347 0.189195 0.808854 0.764221 0.553361 0.872759 0.670608 0.244388 0.917898 0.839724 0.874031 0.911483 0.871268 0.250537 0.857539 0.956032 0.173049 0.53592 0.973291 0.0541287 0.44179 0.028195 0.313101 0.032871 0.684332 0.29143 0.0151278 0.315257 0.98039 0.558463 0.882694 0.183049 0.345872 0.415771 0.827001 0.843593 0.534653 0.963544 0.19655 0.587777 0.520773 0.719681 0.849961 0.0922855 0.884642 0.923352 0.124052 0.997743 0.513113 0.871831 0.611782 0.339718 0.00233869 0.506942 0.487199 0.289554 0.940846 0.0347157 0.538289 0.116656 0.570507 0.748153 0.710906 0.00974946 0.796419 0.149935 0.330536 0.603805 0.215394 0.949406 0.888606 0.0912318 0.787435 0.7158 0.165265 0.874806 0.280933 0.614871 0.705195 0.608619
0.0164879 0.984173 0.669924 0.755025 0.521399 0.618889 0.678758 0.82846 0.0695523 0.323343 0.501315 0.920084 0.750555 0.382002 0.105391 0.492462 0.807779 0.220999 0.703258 0.707018 0.86576 0.478495 0.519061 0.720635 0.696415 0.178734 0.427565 0.763643 0.283164 0.82523 0.188391 0.0506031 0.668988 0.218167 0.551906 0.533208 0.981927 0.28636 0.195642 0.948004 0.720119 0.690748 0.835751 0.597615 0.885404 0.755546 0.371499 0.421186 0.688519 0.857934 0.224983 0.811623 0.553596 0.282146 0.886452 0.807264 0.319503 0.252698 0.246281 0.252278 0.641274 0.138414 0.326546 0.804088 0.808689 0.789404 0.973817 0.362223 0.0960664 0.545274 0.441788 0.675424 0.467733 0.0205651 0.458595 0.434985 0.482332 0.919802 0.353129 0.612651 0.0216771 0.156684 0.547677 0.724306 0.261647 0.679866 0.593926 0.615846 0.730282 0.684715 0.596388 0.553485 0.861104 0.991834 0.491741 0.954273 0.0627304 0.331127 0.326228 0.290686 0.449391 0.0231388 0.868177 0.675421 0.543912 0.217098 0.276578 0.0981121 0.975667 0.311093 0.0988327 0.388607 0.210159 0.0428542 0.859535 0.353743 0.111631 0.705713 0.520203 0.23376 0.286957 0.24503 0.601603 0.615774 0.712061 0.236972 0.245431 0.0332176 0.879614 0.317274 0.697778 0.462816 0.782262 0.602846 0.928055 0.878739 0.600587 0.0184534 0.52793 0.191378 0.77999 0.921931 0.522191 0.371983 0.853814 0.153793 0.187087 0.823381 0.863687 0.953981 0.579021 0.135313 0.498354 0.602254 0.884516 0.713275 0.408913 0.445887 0.321138 0.844984 0.695863 0.61108 0.0100557 0.209059 0.169089 0.150126 0.527767 0.672269 0.091052 0.360834 0.232124 0.870208 0.194723 0.192699 0.152097 0.894168 0.0723113 0.462884 0.58842 0.596086 0.525947 0.709976 0.88374 0.32897 0.285107 0.192871 0.59117 0.0202003 0.389755 0.799725 0.141243 0.338155 0.474616 0.232456 0.624599 0.000134198 0.576383 0.456917 0.279005 0.789499
0.880305 0.295918 0.366623 0.917957 0.673752 0.591707 0.488068 0.0380747 0.381434 0.590629 0.242071 0.206105 0.435712 0.858625 0.200253 0.624662 0.554956 0.158649 0.967668 0.355961 0.385967 0.874484 0.18679 0.000386203 0.149191 0.652908 0.301267 0.426259 0.135798 0.678343 0.967799 0.70715 0.911429 0.0879051 0.896256 0.323624 0.334091 0.312959 0.775648 0.832084 0.679771 0.48872 0.51642 0.222456 0.920406 0.38327 0.679277 0.92621 0.468246 0.685119 0.446833 0.106994 0.631479 0.618994 0.371787 0.264318 0.682802 0.540001 0.134888 0.0250046 0.0815973 0.233266 0.000500771 0.464554 0.50832 0.694697 0.32257 0.46624 0.389178 0.347689 0.391372 0.915069 0.985104 0.644784 0.760032 0.665677 0.904137 0.834748 0.0329182 0.222961 0.545418 0.774214 0.601101 0.620243 0.461131 0.156279 0.960037 0.120163 0.325372 0.740532 0.419879 0.681429 0.672533 0.998495 0.140101 0.326313 0.644826 0.141366 0.607678 0.41165 0.68141 0.460126 0.501909 0.694256 0.302276 0.754888 0.370965 0.139446 0.0905617 0.767382 0.233465 0.612297 0.528528 0.485515 0.531495 0.294434 0.790665 0.235613 0.412642 0.164475 0.818163 0.861714 0.882846 0.714318 0.296834 0.897151 0.310256 0.821078 0.90129 0.178709 0.462221 0.530428 0.572567 0.182196 0.557608 0.197129 0.852425 0.217807 0.804505 0.784743 0.808976 0.0321835 0.510703 0.322074 0.481575 0.752959 0.375375 0.485372 0.913407 0.601796 0.733746 0.403762 0.430292 0.895037 0.775464 0.307939 0.499665 0.513646 0.71014 0.450678 0.291846 0.326487 0.422281 0.0526642 0.924425 0.940402 0.223961 0.541574 0.380608 0.109341 0.63082 0.714281 0.692755 0.223014 0.704978 0.82648 0.433061 0.996998 0.398391 0.459618 0.618479 0.92696 0.218634 0.961552 0.733166 0.248023 0.340688 0.458605 0.952114 0.941886 0.349801 0.226444 0.240569 0.412981 0.85199 0.970307 0.821048 0.144908 0.234282 0.098423
0.499334 5.86544e-05 0.0764534 0.489692 0.22869 0.212406 0.242986 0.135066 0.629553 0.0615784 0.137638 0.388494 0.17563 0.0417442 0.30566 0.731013 0.367973 0.564936 0.749905 0.824391 0.769896 0.77286 0.74378 0.000405271 0.340661 0.172098 0.509712 0.754262 0.997978 0.848575 0.500187 0.394791 0.635787 0.679897 0.557332 0.820247 0.0729678 0.962913 0.514573 0.884068 0.34632 0.177536 0.749054 0.206878 0.897056 0.886268 0.0221567 0.0905248 0.607681 0.509804 0.989316 0.0335123 0.840365 0.919314 0.126681 0.493418 0.0917476 0.367652 0.278592 0.0138107 0.316225 0.802233 0.829317 0.886182 0.429148 0.00218277 0.288288 0.797052 0.204113 0.481849 0.419607 0.887771 0.0941044 0.270194 0.719553 0.0745976 0.777924 0.257976 0.637589 0.804212 0.541716 0.562316 0.27741 0.482069 0.597546 0.545681 0.916731 0.263561 0.0627464 0.196535 0.409431 0.396893 0.82875 0.765941 0.4399 0.732653 0.52497 0.849184 0.643811 0.228199 0.440858 0.0390138 0.623605 0.798871 0.268876 0.607811 0.915159 0.68769 0.0881862 0.300419 0.345917 0.594741 0.163237 0.892783 0.498572 0.423691 0.735691 0.520223 0.0983514 0.375529 0.175396 0.204822 0.38813 0.800016 0.373434 0.337864 0.125722 0.952194 0.0910819 0.932455 0.875322 0.443187 0.318479 0.298254 0.380199 0.0987666 0.375423 0.170273 0.300544 0.950498 0.161434 0.952817 0.900685 0.900273 0.460318 0.993291 0.92558 0.284415 0.660615 0.467197 0.926098 0.200643 0.211602 0.910352 0.484168 0.421418 0.301727 0.787141 0.765437 0.941555 0.250247 0.218228 0.746146 0.423834 0.648479 0.321032 0.551315 0.276331 0.00736447 0.921092 0.915554 0.799172 0.32375 0.408116 0.0880789 0.298732 0.298612 0.893076 0.983065 0.70843 0.38063 0.583001 0.396232 0.596861 0.951698 0.336926 0.380655 0.970276 0.924224 0.66928 0.392002 0.406009 0.0233163 0.365551 0.0116053 0.624302 0.177718 0.319539 0.692689 0.74684
0.860674 0.199632 0.821628 0.1911 0.0653788 0.868609 0.669739 0.536883 0.395169 0.290252 0.891786 0.452983 0.0903075 0.549299 0.336475 0.497236 0.862755 0.829801 0.562287 0.959988 0.0738996 0.292093 0.763136 0.236331 0.0930072 0.566817 0.966999 0.361726 0.897131 0.17025 0.411461 0.40612 0.313144 0.652557 0.541007 0.742625 0.188189 0.0219069 0.825277 0.574868 0.467975 0.999516 0.863166 0.0316759 0.146545 0.54825 0.787273 0.0811474 0.929144 0.694044 0.880145 0.862467 0.371122 0.733882 0.517842 0.495792 0.826444 0.0822613 0.383667 0.629827 0.0601424 0.446812 0.845695 0.949478 0.214755 0.0790493 0.155631 0.649616 0.0467848 0.543527 0.396031 0.974359 0.0390128 0.556166 0.756533 0.811784 0.220654 0.562488 0.731774 0.48968 0.175697 0.808327 0.546681 0.23469 0.908707 0.603173 0.300261 0.280121 0.192091 0.0306994 0.62228 0.508419 0.492528 0.867661 0.165849 0.824981 0.181931 0.371044 0.716662 0.229145 0.526246 0.959692 0.550893 0.979743 0.521359 0.159765 0.805157 0.814277 0.332847 0.255568 0.144909 0.525722 0.450502 0.21076 0.0864189 0.988286 0.77806 0.764042 0.389799 0.284116 0.77517 0.978036 0.165528 0.457776 0.480216 0.448678 0.135291 0.967205 0.802964 0.93972 0.724319 0.55989 0.567876 0.000970715 0.202476 0.10783 0.373627 0.882285 0.976624 0.38316 0.656147 0.473704 0.13947 0.463133 0.784784 0.991285 0.475551 0.915034 0.815683 0.205622 0.694121 0.162299 0.800874 0.618241 0.337647 0.78526 0.074388 0.35054 0.780511 0.8533 0.515856 0.0508113 0.144559 0.453605 0.631657 0.527581 0.251937 0.615666 0.0258213 0.442567 0.942312 0.193818 0.237147 0.713912 0.437665 0.943799 0.884083 0.286713 0.0665056 0.502773 0.878558 0.417766 0.279722 0.34075 0.708275 0.861548 0.928286 0.48579 0.852327 0.87217 0.783987 0.00447986 0.436402 0.934073 0.665084 0.143917 0.580152 0.733276 0.393462 0.147579
0.344317 0.334045 0.652936 0.776478 0.257092 0.585503 0.349125 0.375738 0.26127 0.630469 0.147925 0.595294 0.14376 0.905778 0.333958 0.566383 0.374703 0.985938 0.738501 0.211775 0.877777 0.969288 0.984351 0.157936 0.295319 0.789086 0.892359 0.668459 0.997099 0.126706 0.77736 0.534079 0.410919 0.97614 0.557845 0.0968196 0.943846 0.138006 0.281248 0.773703 0.890928 0.323123 0.161211 0.132093 0.363055 0.459257 0.0994785 0.193844 0.951398 0.217084 0.384394 0.436607 0.371386 0.89927 0.491428 0.37208 0.472143 0.886574 0.551901 0.807116 0.249479 0.0389885 0.963923 0.479719 0.457201 0.742478 0.723648 0.465806 0.371861 0.0198293 0.842617 0.098183 0.82952 0.212943 0.968411 0.969321 0.0365168 0.516491 0.99282 0.36897 0.80739 0.321504 0.351208 0.358495 0.269456 0.0566535 0.821966 0.793653 0.461913 0.424247 0.291291 0.193511 0.574482 0.216924 0.302867 0.0466307 0.693579 0.982813 0.835651 0.861048 0.68415 0.68058 0.4777 0.702825 0.414919 0.0273448 0.752931 0.624598 0.467419 0.789268 0.48513 0.244844 0.202247 0.405608 0.874385 0.706011 0.722558 0.0670763 0.942873 0.0286041 0.332322 0.496479 0.883446 0.649309 0.431249 0.321156 0.601325 0.107126 0.336659 0.727171 0.891073 0.517399 0.862471 0.718923 0.128771 0.0310303 0.116837 0.0653378 0.359543 0.770891 0.185499 0.272625 0.706647 0.423154 0.805754 0.557663 0.50975 0.20634 0.109823 0.478728 0.81911 0.0851341 0.713934 0.528317 0.432192 0.346306 0.0355957 0.759112 0.310261 0.40397 0.756582 0.766953 0.510413 0.757701 0.75861 0.181818 0.715309 0.433972 0.599615 0.153887 0.758624 0.614503 0.975217 0.288294 0.733597 0.466042 0.131121 0.136093 0.886037 0.328788 0.160789 0.169779 0.852858 0.252526 0.572882 0.635624 0.782653 0.16081 0.0118852 0.91759 0.703491 0.348971 0.906733 0.55306 0.331809 0.887211 0.789638 0.675725 0.255349 0.665581
0.510158 0.92354 0.869117 0.991362 0.165402 0.316316 0.364702 0.281073 0.0362076 0.902658 0.779931 0.658548 0.633052 0.325965 0.913243 0.257714 0.819558 0.532501 0.745185 0.907047 0.994278 0.872975 0.369345 0.586739 0.296322 0.302268 0.925313 0.534608 0.7733 0.949207 0.0891261 0.298649 0.639792 0.578307 0.0705038 0.980223 0.655888 0.830852 0.96644 0.847047 0.630977 0.646039 0.876403 0.296535 0.521739 0.316057 0.0697328 0.675785 0.83911 0.917461 0.943747 0.729678 0.57893 0.687781 0.299681 0.435393 0.301918 0.649122 0.424278 0.670807 0.00166536 0.819617 0.289001 0.516376 0.645651 0.720205 0.492476 0.696457 0.770616 0.726637 0.160884 0.111113 0.0986489 0.948577 0.459787 0.355842 0.290417 0.333743 0.375554 0.45561 0.924059 0.562255 0.506608 0.947921 0.183812 0.017062 0.833306 0.533223 0.682604 0.304566 0.92062 0.700959 0.92452 0.611594 0.628645 0.187376 0.487851 0.649588 0.817643 0.220224 0.82817 0.866918 0.29985 0.16538 0.759095 0.47086 0.797067 0.0580837 0.664475 0.0574074 0.501871 0.785312 0.885349 0.794947 0.493141 0.821059 0.924148 0.251443 0.974275 0.792124 0.649582 0.280778 0.183868 0.285885 0.136755 0.587003 0.978174 0.738334 0.822447 0.959051 0.218635 0.243476 0.300195 0.368933 0.862465 0.570584 0.613688 0.183726 0.409595 0.550832 0.0926354 0.447318 0.0212211 0.386117 0.965592 0.821152 0.264538 0.752929 0.945493 0.519806 0.0898824 0.591727 0.584716 0.591128 0.642307 0.784967 0.107933 0.00994182 0.0898113 0.490615 0.00697661 0.400652 0.724583 0.941914 0.580768 0.754436 0.946311 0.379204 0.829839 0.271252 0.361661 0.643114 0.167798 0.852302 0.476497 0.69225 0.954341 0.422615 0.300421 0.164524 0.989805 0.37774 0.267737 0.260328 0.819466 0.0610322 0.699992 0.495274 0.191211 0.49597 0.642968 0.104998 0.102456 0.306629 0.174689 0.130732 0.0253011 0.565258 0.782164 0.331392
0.476851 0.310431 0.294955 0.201245 0.151853 0.098602 0.387333 0.132387 0.970573 0.949109 0.823532 0.794583 0.542364 0.590289 0.110722 0.884993 0.757634 0.0149413 0.667928 0.13454 0.802129 0.599867 0.80628 0.447614 0.890577 0.669464 0.57344 0.525251 0.890485 0.826468 0.827998 0.122093 0.634557 0.645758 0.389803 0.554314 0.341248 0.079283 0.274231 0.597982 0.275663 0.942853 0.051554 0.55758 0.375697 0.998563 0.72182 0.233057 0.00927813 0.612684 0.233012 0.290746 0.18396 0.510326 0.672514 0.132102 0.649005 0.82211 0.566658 0.283402 0.929631 0.901454 0.464282 0.857427 0.244554 0.731278 0.943968 0.197601 0.433447 0.236944 0.123206 0.0492414 0.372627 0.407487 0.189906 0.0641048 0.139511 0.890394 0.337521 0.251314 0.790648 0.478755 0.200958 0.657365 0.214282 0.679945 0.681822 0.868364 0.634095 0.555807 0.281723 0.875617 0.0904437 0.870767 0.658744 0.027981 0.984429 0.493659 0.181487 0.668919 0.692687 0.119518 0.963179 0.521864 0.0392236 0.94392 0.798882 0.374445 0.693746 0.0282215 0.589358 0.808508 0.245175 0.032846 0.455903 0.0313406 0.983356 0.667285 0.381612 0.39133 0.395732 0.772946 0.550003 0.631225 0.247689 0.338198 0.46113 0.378024 0.0536519 0.828009 0.850925 0.90833 0.829347 0.62091 0.0944893 0.719293 0.298374 0.424386 0.286919 0.473983 0.44267 0.392387 0.3833 0.117537 0.657193 0.55655 0.422697 0.074963 0.622613 0.763082 0.0206829 0.807557 0.580477 0.943073 0.319754 0.673694 0.492574 0.274463 0.468377 0.34659 0.757806 0.389255 0.315984 0.526263 0.643767 0.676312 0.890764 0.816307 0.354653 0.935192 0.268127 0.122758 0.0574235 0.428984 0.90544 0.954251 0.394462 0.160606 0.647745 0.66156 0.0683313 0.636824 0.436798 0.840316 0.919893 0.230288 0.932351 0.785714 0.268405 0.803608 0.751466 0.972019 0.391916 0.99721 0.696991 0.130465 0.402431 0.410167 0.616905 0.116712
0.517138 0.168356 0.808601 0.601238 0.61532 0.645002 0.42571 0.109168 0.322179 0.728165 0.0440551 0.508446 0.430003 0.921592 0.0726471 0.89909 0.622636 0.0615019 0.732673 0.64761 0.981657 0.470357 0.800583 0.160822 0.448195 0.321167 0.0735136 0.799735 0.645693 0.940225 0.60213 0.535672 0.705461 0.443616 0.686893 0.198529 0.0630061 0.660222 0.598813 0.0365387 0.639385 0.259686 0.0681345 0.814668 0.808057 0.870146 0.713564 0.539975 0.951899 0.568044 0.652845 0.639289 0.22196 0.0636111 0.653755 0.77887 0.43012 0.745148 0.0633996 0.0280548 0.538881 0.808427 0.0581816 0.832636 0.197441 0.237074 0.635993 0.44479 0.967837 0.907543 0.121747 0.801348 0.0560045 0.497028 0.624344 0.97069 0.464272 0.0589085 0.279181 0.978031 0.275819 0.339201 0.536683 0.473376 0.819803 0.374952 0.791905 0.1133 0.167615 0.235112 0.111765 0.1465 0.626575 0.50401 0.642039 0.896664 0.742928 0.759498 0.194222 0.281462 0.859304 0.10691 0.39908 0.43326 0.726112 0.645063 0.270018 0.393422 0.694766 0.0314022 0.480597 0.625652 0.78288 0.69084 0.51226 0.789621 0.408053 0.474998 0.3409 0.163725 0.0802615 0.297021 0.310829 0.269121 0.16587 0.685587 0.7054 0.518748 0.265728 0.0612151 0.872246 0.30365 0.727789 0.938554 0.15876 0.460054 0.781636 0.88432 0.720712 0.0690146 0.994233 0.530426 0.337887 0.376982 0.662731 0.136885 0.64094 0.830036 0.983517 0.595779 0.858502 0.754791 0.371083 0.1283 0.965989 0.345082 0.683501 0.757685 0.0119899 0.594839 0.48873 0.346023 0.519891 0.884494 0.974161 0.0173942 0.0872662 0.438937 0.966083 0.618344 0.412758 0.637871 0.257147 0.107792 0.435644 0.579762 0.672893 0.517914 0.171266 0.747618 0.216416 0.722307 0.495227 0.00685929 0.384444 0.644652 0.934533 0.249221 0.827884 0.992251 0.792771 0.590888 0.0680794 0.230836 0.626953 0.246374 0.743265 0.960821 0.424238 0.106595
0.867906 0.933742 0.143145 0.269108 0.979573 0.0151068 0.141315 0.19377 0.214734 0.903416 0.623956 0.649577 0.184238 0.727793 0.166666 0.849105 0.725506 0.45774 0.71273 0.456379 0.355229 0.552495 0.716706 0.271497 0.448765 0.217558 0.110655 0.764982 0.310471 0.53728 0.841559 0.553234 0.196529 0.109794 0.21092 0.729486 0.241911 0.507074 0.750571 0.234372 0.0485488 0.180432 0.820168 0.94304 0.146119 0.279305 0.959167 0.0682351 0.162152 0.216086 0.281367 0.632257 0.0176081 0.861077 0.719639 0.638141 0.0125017 0.222281 0.53654 0.405853 0.0977803 0.649281 0.0779088 0.412717 0.195969 0.898105 0.930924 0.563653 0.196714 0.31529 0.342574 0.124356 0.441978 0.244829 0.372081 0.995374 0.672909 0.949262 0.673516 0.45626 0.589346 0.814965 0.443349 0.0127805 0.085368 0.492809 0.855747 0.348703 0.343619 0.452284 0.294521 0.972604 0.983404 0.139838 0.477759 0.523967 0.88122 0.344042 0.445576 0.400997 0.429477 0.819787 0.167067 0.528999 0.645687 0.964666 0.306047 0.192387 0.0942406 0.674857 0.450542 0.776521 0.110821 0.57122 0.612649 0.191575 0.0374306 0.331048 0.027125 0.946568 0.257571 0.175893 0.628902 0.856724 0.999793 0.377386 0.287563 0.383533 0.545549 0.0530431 0.57798 0.131589 0.79429 0.0842768 0.98555 0.267247 0.676403 0.137408 0.83125 0.100026 0.979141 0.0038645 0.100648 0.565196 0.91552 0.883171 0.131782 0.430902 0.716658 0.301484 0.0678627 0.426651 0.944445 0.65715 0.680732 0.603827 0.590606 0.542666 0.660575 0.291937 0.761611 0.788044 0.833023 0.624946 0.268413 0.531817 0.647899 0.736718 0.467476 0.360984 0.67867 0.701737 0.428184 0.00322807 0.813381 0.950473 0.125298 0.727868 0.574998 0.0404276 0.702893 0.888316 0.0824035 0.0932663 0.64165 0.346459 0.457613 0.971436 0.260788 0.938522 0.191401 0.992677 0.644779 0.57744 0.315433 0.471091 0.999722 0.817929 0.610571 0.86702
0.451032 0.154089 0.0435811 0.458506 0.637801 0.917747 0.31977 0.990205 0.652321 0.0235826 0.0363023 0.257121 0.00916484 0.479009 0.815914 0.715219 0.610106 0.553273 0.839661 0.853437 0.364608 0.99759 0.0546106 0.668384 0.607167 0.959225 0.384853 0.636947 0.648699 0.350593 0.936064 0.258342 0.385444 0.58059 0.726722 0.773323 0.174763 0.366123 0.0475265 0.582452 0.682101 0.14522 0.621116 0.365602 0.485734 0.857161 0.799137 0.00620104 0.808333 0.902152 0.469031 0.00424738 0.0342513 0.128941 0.706021 0.951075 0.776878 0.57094 0.906278 0.835146 0.863204 0.945167 0.472991 0.484953 0.249558 0.454764 0.114673 0.870855 0.698204 0.038852 0.573497 0.0413371 0.817914 0.30815 0.864917 0.560506 0.774306 0.708521 0.501123 0.487934 0.946277 0.961949 0.801868 0.946292 0.486221 0.121144 0.103793 0.451335 0.0580164 0.678087 0.0700225 0.260214 0.960414 0.612576 0.905945 0.218027 0.488195 0.681103 0.972141 0.451998 0.455627 0.955942 0.925636 0.701941 0.874125 0.896204 0.607568 0.491115 0.953399 0.537938 0.584674 0.751965 0.181871 0.804446 0.30309 0.602731 0.801744 0.863622 0.522124 0.382432 0.646878 0.522129 0.713138 0.760395 0.259957 0.811017 0.346163 0.215386 0.192136 0.873215 0.352347 0.314851 0.0121885 0.764671 0.556471 0.671295 0.107466 0.136405 0.0762678 0.184614 0.378529 0.742383 0.331814 0.612885 0.273776 0.94654 0.449441 0.747554 0.50975 0.64224 0.695158 0.910472 0.833901 0.367125 0.608137 0.216789 0.749499 0.94028 0.788308 0.117522 0.647044 0.110934 0.0456339 0.228465 0.0383094 0.990382 0.284575 0.819449 0.300835 0.685387 0.376837 0.967891 0.628836 0.59628 0.684752 0.265918 0.933906 0.938802 0.330434 0.106989 0.078295 0.570927 0.139676 0.479106 0.691013 0.77904 0.862745 0.989149 0.115422 0.511101 0.781582 0.671408 0.497839 0.256625 0.707136 0.909433 0.545847 0.862029 0.359448 0.538716
0.775468 0.568076 0.37451 0.787181 0.581813 0.990105 0.51293 0.694986 0.310735 0.132906 0.950196 0.400015 0.0355388 0.688715 0.904718 0.500806 0.921578 0.427998 0.150557 0.736722 0.65449 0.0608117 0.721937 0.826615 0.487476 0.924867 0.906555 0.196746 0.0308453 0.116523 0.14952 0.153874 0.081788 0.492388 0.591365 0.497317 0.284355 0.465218 0.344487 0.0451391 0.82567 0.890785 0.937591 0.143561 0.149974 0.955496 0.328458 0.561266 0.190737 0.291417 0.816105 0.145636 0.593834 0.10781 0.961114 0.486202 0.201372 0.710984 0.69556 0.409113 0.47901 0.491779 0.599691 0.474309 0.339891 0.454413 0.754238 0.0487846 0.977347 0.955806 0.48089 0.385147 0.734412 0.464213 0.819023 0.16008 0.33425 0.19867 0.0838972 0.154856 0.867388 0.806189 0.0513381 0.79277 0.291464 0.0314376 0.457571 0.416711 0.360796 0.862913 0.813649 0.95509 0.652328 0.310945 0.512339 0.212665 0.107985 0.52483 0.510997 0.258259 0.798366 0.356053 0.363311 0.142552 0.66884 0.254463 0.210117 0.290539 0.518233 0.435765 0.616106 0.301985 0.629451 0.566604 0.16428 0.668698 0.969024 0.748115 0.464557 0.462085 0.259498 0.398432 0.818604 0.876674 0.862639 0.459359 0.854951 0.0815029 0.541482 0.0603533 0.166318 0.278847 0.0123655 0.436381 0.917586 0.774659 0.351766 0.538005 0.317518 0.948852 0.603545 0.954669 0.0856225 0.324782 0.683467 0.973513 0.0841159 0.91382 0.959752 0.403976 0.963985 0.776014 0.369039 0.624775 0.635887 0.256147 0.576201 0.531083 0.52056 0.0987819 0.0110239 0.953435 0.526536 0.648088 0.188058 0.321013 0.424285 0.427387 0.416428 0.721596 0.292591 0.635833 0.979035 0.928498 0.843014 0.304768 0.512543 0.556407 0.737602 0.783573 0.736278 0.857478 0.334883 0.178295 0.308124 0.541621 0.619291 0.627881 0.858058 0.983129 0.772714 0.700764 0.60209 0.219861 0.154228 0.281045 0.513352 0.667428 0.672678 0.309898
0.713174 0.128122 0.970042 0.545089 0.113203 0.383935 0.436233 0.605632 0.513617 0.0425287 0.197461 0.471632 0.0598081 0.704308 0.470611 0.566873 0.973497 0.584859 0.135362 0.141432 0.611264 0.797512 0.860265 0.677664 0.33504 0.769092 0.842733 0.695645 0.108353 0.263549 0.539387 0.768677 0.477195 0.402519 0.971351 0.797758 0.685597 0.991413 0.477359 0.431797 0.230689 0.925679 0.424075 0.349654 0.712123 0.4033 0.720965 0.0867438 0.629693 0.46393 0.385731 0.369807 0.239447 0.513301 0.635242 0.387567 0.27608 0.666053 0.565309 0.964566 0.863899 0.0166484 0.95644 0.676415 0.913355 0.942456 0.456161 0.7202 0.26875 0.443779 0.367513 0.00389197 0.822274 0.446101 0.575803 0.467654 0.731813 0.519866 0.819328 0.989925 0.940774 0.482667 0.946155 0.634292 0.452975 0.45407 0.844962 0.899155 0.809431 0.758374 0.160857 0.576069 0.869746 0.701557 0.502142 0.175829 0.394407 0.249467 0.234776 0.482296 0.651965 0.599677 0.847895 0.69573 0.52969 0.794795 0.74789 0.843824 0.0265464 0.402125 0.439166 0.990631 0.564495 0.745871 0.933064 0.0333805 0.295856 0.988923 0.770257 0.54049 0.294766 0.503715 0.176228 0.876164 0.46265 0.356754 0.457842 0.521042 0.601562 0.607916 0.58552 0.708703 0.944333 0.742804 0.466644 0.851064 0.177933 0.152374 0.49998 0.721938 0.443869 0.841286 0.769539 0.464058 0.932528 0.414095 0.439953 0.591149 0.311357 0.623232 0.556792 0.289543 0.0390897 0.73121 0.28093 0.605807 0.835083 0.881299 0.00163751 0.839228 0.0707303 0.438876 0.734978 0.720484 0.526603 0.0210078 0.485836 0.592329 0.483087 0.710695 0.540278 0.910748 0.262777 0.558043 0.881792 0.948925 0.556372 0.402318 0.314517 0.990151 0.679585 0.770481 0.461201 0.813709 0.17055 0.239094 0.0388082 0.0911034 0.822079 0.476727 0.399236 0.445078 0.438003 0.487052 0.708539 0.106462 0.20141 0.53784 0.0387317 0.473409
0.926287 0.749933 0.540602 0.411065 0.619759 0.211519 0.800143 0.150227 0.718876 0.391632 0.441464 0.831948 0.757548 0.190629 0.72682 0.474495 0.2209 0.29307 0.493841 0.372517 0.413092 0.168201 0.351311 0.903705 0.149734 0.762351 0.112337 0.353495 0.352216 0.192594 0.393586 0.0310159 0.00997094 0.151214 0.0876684 0.365462 0.587506 0.257525 0.502785 0.682199 0.794774 0.29916 0.900748 0.990703 0.0100082 0.0604628 0.520564 0.988274 0.360805 0.200505 0.893974 0.0765217 0.635485 0.919855 0.647219 0.603251 0.85713 0.0907134 0.310808 0.606354 0.119429 0.120677 0.393668 0.71344 0.516288 0.862641 0.735481 0.932997 0.350578 0.016612 0.28968 0.565111 0.792733 0.68267 0.120347 0.203081 0.21041 0.440005 0.325428 0.208792 0.225094 0.776387 0.559177 0.577652 0.996864 0.140148 0.693667 0.0191002 0.585395 0.794669 0.36148 0.504665 0.710678 0.622969 0.051146 0.583044 0.691753 0.902559 0.611823 0.135781 0.810532 0.0487254 0.982269 0.442782 0.621544 0.94516 0.325699 0.527905 0.427557 0.275384 0.143809 0.579 0.373989 0.236518 0.0665001 0.364004 0.280487 0.336074 0.816502 0.573951 0.265381 0.725657 0.301517 0.885496 0.132083 0.340099 0.402624 0.155338 0.310515 0.847219 0.547203 0.00258794 0.0118221 0.811354 0.224848 0.300998 0.0832974 0.620007 0.063178 0.2574 0.439981 0.504497 0.320521 0.818664 0.590775 0.944169 0.219527 0.61501 0.448042 0.297628 0.591713 0.386907 0.428547 0.647872 0.48271 0.56842 0.817311 0.887837 0.344338 0.0290764 0.919749 0.0987952 0.636214 0.259881 0.940348 0.92429 0.613718 0.260906 0.225064 0.680686 0.584397 0.652044 0.461657 0.561194 0.707706 0.580697 0.453036 0.753794 0.994217 0.0439157 0.651201 0.606741 0.261241 0.471743 0.0779633 0.291953 0.0641702 0.856608 0.356773 0.682658 0.991505 0.300197 0.832802 0.411853 0.503329 0.855918 0.871301 0.477813 0.265597 0.964828
0.0290725 0.185298 0.873451 0.103636 0.856123 0.975696 0.895892 0.699135 0.812176 0.218612 0.163586 0.26367 0.360137 0.734474 0.182465 0.795786 0.184243 0.0640547 0.884464 0.957583 0.661764 0.165783 0.281281 0.00882342 0.73297 0.174815 0.041865 0.142969 0.960872 0.533815 0.0194663 0.658697 0.536197 0.0357985 0.721168 0.791036 0.981029 0.16569 0.983505 0.548043 0.863821 0.481138 0.562887 0.499451 0.798855 0.239709 0.930034 0.480277 0.114138 0.125643 0.872418 0.776136 0.23135 0.478884 0.925319 0.77174 0.931177 0.614065 0.601422 0.127645 0.460171 0.905553 0.934174 0.665311 0.951601 0.881022 0.524644 0.00769955 0.083418 0.855692 0.600895 0.432724 0.504029 0.0840466 0.634561 0.488765 0.01442 0.172322 0.000584918 0.981539 0.743755 0.610613 0.0373985 0.113168 0.0599556 0.0200451 0.539572 0.207576 0.397056 0.798144 0.128952 0.597769 0.480004 0.194417 0.314431 0.328924 0.714614 0.380323 0.556203 0.0904108 0.227917 0.210397 0.592316 0.30043 0.276469 0.71799 0.367741 0.651992 0.611631 0.668331 0.428833 0.974414 0.908604 0.066713 0.188731 0.994928 0.45691 0.410326 0.815932 0.0719268 0.357304 0.993477 0.540002 0.201658 0.602038 0.0480751 0.335264 0.256748 0.189519 0.628316 0.440294 0.285914 0.540875 0.757544 0.807945 0.266528 0.848241 0.868619 0.416288 0.362989 0.490156 0.612313 0.753463 0.760851 0.536373 0.662527 0.414637 0.252099 0.306017 0.475992 0.34152 0.510048 0.433269 0.417444 0.811919 0.331633 0.788356 0.659321 0.374456 0.79523 0.964109 0.627717 0.58422 0.167553 0.352572 0.21603 0.87448 0.341747 0.396942 0.513194 0.491601 0.486674 0.764673 0.83385 0.203718 0.206359 0.326376 0.908983 0.217972 0.687527 0.986365 0.0850445 0.0268568 0.16413 0.984003 0.729102 0.354924 0.43132 0.0223584 0.00216588 0.324613 0.302541 0.568806 0.393083 0.448709 0.340237 0.247339 0.478208 0.931992 0.386474
0.053375 0.919482 0.580773 0.831786 0.994792 0.485502 0.177913 0.29061 0.894137 0.689475 0.159569 0.897852 0.139118 0.2071 0.881583 0.712606 0.939545 0.991858 0.998886 0.255839 0.161973 0.395743 0.217432 0.948863 0.0837712 0.549109 0.834451 0.806866 0.0961231 0.736012 0.225253 0.777618 0.0114916 0.952234 0.955317 0.743255 0.212476 0.899552 0.283337 0.900196 0.122237 0.734938 0.722251 0.203587 0.61563 0.821296 0.416692 0.832328 0.660006 0.773772 0.193137 0.667991 0.4613 0.447505 0.112307 0.523947 0.64379 0.606763 0.799318 0.40582 0.928503 0.772361 0.0835871 0.950366 0.884473 0.161457 0.547476 0.00947801 0.340945 0.405845 0.537393 0.713943 0.880229 0.328061 0.54328 0.861924 0.752563 0.60851 0.773188 0.577339 0.515457 0.00526929 0.656578 0.242863 0.881048 0.99666 0.380732 0.321139 0.78443 0.434377 0.0888543 0.298511 0.622161 0.74447 0.62368 0.479711 0.650913 0.463561 0.099955 0.86435 0.615136 0.212858 0.716274 0.568864 0.940352 0.650851 0.243979 0.956749 0.570595 0.587904 0.0566798 0.0316244 0.0486919 0.648124 0.49055 0.0884103 0.619372 0.304939 0.134911 0.452685 0.0328602 0.318394 0.92519 0.0767269 0.844863 0.201622 0.0150055 0.798767 0.0954193 0.509697 0.385041 0.532225 0.04019 0.149576 0.849225 0.471158 0.680419 0.070525 0.571428 0.599049 0.278887 0.872081 0.822815 0.778208 0.318764 0.0775378 0.158929 0.492784 0.263313 0.620285 0.243754 0.557954 0.524269 0.036353 0.704316 0.479243 0.417423 0.695535 0.277919 0.423965 0.901193 0.433769 0.369035 0.472601 0.252654 0.499874 0.417351 0.654778 0.186823 0.602104 0.406592 0.265516 0.072305 0.0966952 0.0157268 0.761833 0.285213 0.349452 0.127233 0.227696 0.871129 0.667415 0.86962 0.430071 0.403368 0.906186 0.633611 0.501637 0.408398 0.188781 0.0337544 0.0487294 0.765557 0.945981 0.943904 0.669582 0.860642 0.774863 0.517493 0.175064
0.0786914 0.23512 0.882938 0.752784 0.806631 0.240821 0.701372 0.0729191 0.969872 0.44941 0.218712 0.0750055 0.308536 0.801451 0.20612 0.764172 0.444742 0.365976 0.331089 0.327298 0.78212 0.610045 0.910041 0.580562 0.999971 0.934398 0.729495 0.31212 0.754035 0.298805 0.0179826 0.867526 0.730831 0.350499 0.541052 0.373408 0.231539 0.934801 0.69095 0.240064 0.885366 0.436658 0.847429 0.901663 0.691031 0.957144 0.990186 0.438826 0.239577 0.668312 0.436794 0.33774 0.495148 0.408039 0.664699 0.202814 0.329156 0.72907 0.501916 0.709463 0.521039 0.894085 0.192531 0.268205 0.479893 0.468297 0.97502 0.312038 0.555312 0.166225 0.731726 0.50301 0.844859 0.794865 0.10712 0.374662 0.762223 0.686795 0.361033 0.585213 0.490651 0.656343 0.69205 0.393309 0.741016 0.00151889 0.479065 0.433923 0.393544 0.243204 0.791527 0.424749 0.327726 0.172975 0.640249 0.719626 0.246803 0.813069 0.110372 0.312734 0.525142 0.0123676 0.456603 0.872303 0.336223 0.712436 0.540953 0.24848 0.348933 0.639088 0.279098 0.597165 0.588674 0.502914 0.43622 0.254354 0.801702 0.734545 0.0317723 0.716321 0.390514 0.152135 0.393298 0.159167 0.489138 0.262008 0.363708 0.219615 0.291783 0.356939 0.583228 0.303609 0.982481 0.862507 0.0847059 0.109078 0.573555 0.133214 0.472035 0.117577 0.832746 0.136901 0.739733 0.628796 0.871097 0.328272 0.608909 0.782123 0.110652 0.887116 0.880182 0.37133 0.442734 0.355589 0.0535709 0.508572 0.201418 0.451744 0.666369 0.22088 0.727529 0.405269 0.00553381 0.681081 0.584513 0.603473 0.341442 0.993041 0.413868 0.189219 0.657243 0.843419 0.728133 0.465093 0.67284 0.816822 0.163922 0.2544 0.831778 0.315791 0.510885 0.31247 0.810663 0.430825 0.407106 0.471819 0.284256 0.27248 0.223552 0.584649 0.230416 0.456464 0.520268 0.923318 0.368128 0.533887 0.475318 0.551479 0.970353 0.515429
0.216694 0.716773 0.149999 0.290849 0.40187 0.104648 0.680546 0.0790213 0.63098 0.488674 0.510316 0.735132 0.082707 0.779809 0.323376 0.191893 0.19308 0.0558278 0.12907 0.320665 0.275258 0.547129 0.404539 0.76568 0.702855 0.439435 0.367022 0.860757 0.768882 0.589751 0.264288 0.0714275 0.71453 0.426901 0.600072 0.124512 0.645337 0.461503 0.732488 0.309277 0.425822 0.0562263 0.605066 0.983178 0.723266 0.726394 0.179627 0.308199 0.769688 0.618108 0.940438 0.912692 0.116593 0.786134 0.539355 0.794853 0.732803 0.977886 0.126031 0.523389 0.142506 0.294781 0.0133786 0.534271 0.758452 0.515722 0.847263 0.105756 0.0133734 0.768458 0.236578 0.0766683 0.979092 0.554678 0.493798 0.753788 0.988322 0.343598 0.490331 0.744993 0.344683 0.205821 0.331787 0.201061 0.556557 0.17626 0.108164 0.533325 0.714309 0.484322 0.870457 0.499422 0.673169 0.329767 0.13539 0.892062 0.264902 0.7777 0.579539 0.19901 0.933634 0.936742 0.960497 0.02099 0.613595 0.171945 0.586421 0.438603 0.471712 0.974941 0.354074 0.925341 0.194864 0.557476 0.382351 0.164008 0.0336457 0.543097 0.885322 0.551504 0.806055 0.805527 0.506916 0.777381 0.144897 0.606632 0.476336 0.711457 0.644335 0.502484 0.728015 0.682726 0.348221 0.727703 0.937944 0.789151 0.391036 0.363153 0.141007 0.347136 0.135876 0.0135338 0.604108 0.655313 0.127656 0.964178 0.85207 0.703885 0.353687 0.983801 0.40354 0.0263206 0.504052 0.95681 0.35523 0.382555 0.534717 0.737704 0.578196 0.935773 0.431213 0.464618 0.179301 0.917929 0.187137 0.309466 0.580172 0.348034 0.968761 0.7133 0.464788 0.97282 0.196753 0.371158 0.0363924 0.439786 0.136365 0.383211 0.373094 0.71127 0.428492 0.605364 0.705837 0.881975 0.391486 0.225438 0.792729 0.995008 0.302526 0.573894 0.409166 0.494694 0.876668 0.962667 0.202128 0.373516 0.11935 0.193872 0.0637871 0.117272
0.209684 0.470294 0.757867 0.40772 0.786383 0.810052 0.713445 0.745231 0.976153 0.379353 0.753431 0.823325 0.923512 0.757084 0.819942 0.306499 0.433317 0.228682 0.0381735 0.416418 0.105974 0.0643151 0.943583 0.783709 0.632955 0.212704 0.160332 0.717349 0.376518 0.020903 0.274529 0.509576 0.762776 0.479011 0.832611 0.206497 0.0687889 0.0809852 0.405592 0.81333 0.422458 0.642023 0.415219 0.365856 0.66842 0.407455 0.719629 0.59227 0.887275 0.0679102 0.505066 0.948246 0.928023 0.573065 0.245991 0.603095 0.350014 0.315893 0.724652 0.948056 0.218484 0.847523 0.640242 0.786139 0.123683 0.392241 0.961445 0.175454 0.178312 0.925608 0.471092 0.723098 0.410628 0.682147 0.365529 0.801882 0.841243 0.552537 0.920471 0.664721 0.636218 0.00786707 0.835267 0.47092 0.0215726 0.704133 0.244139 0.232358 0.770821 0.43955 0.36778 0.164434 0.812207 0.39727 0.87407 0.571116 0.093883 0.463126 0.570365 0.552967 0.907119 0.174967 0.114922 0.686614 0.653709 0.644735 0.198049 0.520017 0.24412 0.731881 0.375278 0.370108 0.900761 0.55257 0.621659 0.49242 0.255139 0.991987 0.164145 0.445084 0.987882 0.769274 0.378327 0.663649 0.803969 0.751076 0.777672 0.855716 0.0383519 0.165265 0.0974397 0.356411 0.843743 0.619646 0.81365 0.350755 0.625434 0.0544814 0.660288 0.973898 0.583062 0.0600927 0.814282 0.797163 0.786361 0.0229381 0.287716 0.878096 0.0872776 0.39615 0.439955 0.112007 0.341103 0.102156 0.820331 0.667547 0.606112 0.400451 0.412513 0.857875 0.121635 0.0367843 0.867387 0.542543 0.560997 0.394981 0.991111 0.231857 0.92533 0.125146 0.200442 0.752068 0.152803 0.0860851 0.751713 0.0798461 0.470574 0.565884 0.578196 0.6764 0.232255 0.514176 0.0179189 0.206097 0.0858662 0.986599 0.190036 0.851157 0.187005 0.365138 0.0712876 0.857422 0.166283 0.415272 0.43061 0.80735 0.426296 0.0601716 0.216725 0.945219
0.385065 0.845889 0.928668 0.5666 0.483357 0.0222407 0.259947 0.827565 0.623224 0.402932 0.611674 0.763305 0.2718 0.918336 0.373364 0.883423 0.918046 0.0803824 0.596928 0.361583 0.0572994 0.0916137 0.12631 0.637033 0.534688 0.376961 0.436608 0.422738 0.0234901 0.519318 0.406078 0.759557 0.0362517 0.414159 0.510068 0.760622 0.591783 0.626859 0.946312 0.216047 0.317338 0.473607 0.0161634 0.175327 0.872787 0.804059 0.503941 0.171861 0.675585 0.983894 0.0175716 0.147113 0.89978 0.654144 0.629057 0.889987 0.25973 0.606803 0.224827 0.815866 0.055564 0.3527 0.478019 0.458553 0.0666212 0.730067 0.952835 0.123962 0.0162766 0.0156772 0.219671 0.688831 0.298679 0.0392996 0.0057877 0.397868 0.876797 0.94236 0.164649 0.276869 0.634884 0.870966 0.268224 0.93544 0.372523 0.259961 0.645451 0.320679 0.537708 0.1052 0.307631 0.906444 0.660212 0.284799 0.416619 0.0939246 0.720143 0.928074 0.0908952 0.368594 0.348056 0.847096 0.23781 0.68901 0.524397 0.102807 0.0569492 0.590442 0.950414 0.76972 0.392618 0.875903 0.161358 0.499806 0.13228 0.255708 0.564414 0.610813 0.62673 0.895136 0.782819 0.687085 0.240403 0.545122 0.220487 0.880722 0.297398 0.739232 0.971544 0.150741 0.688594 0.809778 0.557171 0.0997268 0.770957 0.982286 0.791957 0.15 0.130451 0.842663 0.594923 0.888524 0.833735 0.952668 0.379389 0.692998 0.418391 0.61318 0.97698 0.410377 0.938116 0.454297 0.941128 0.099797 0.866172 0.494267 0.488983 0.348428 0.341036 0.705996 0.471152 0.707456 0.481101 0.458973 0.371103 0.994899 0.140963 0.581658 0.161827 0.0188704 0.0664512 0.400879 0.59138 0.792826 0.529811 0.32827 0.633396 0.86408 0.352203 0.175554 0.469492 0.724249 0.192059 0.901053 0.467202 0.534599 0.239266 0.005154 0.160876 0.0997783 0.15714 0.82018 0.922297 0.576168 0.453617 0.0172874 0.591735 0.234259 0.186316 0.518705
0.602449 0.158443 0.326125 0.555568 0.782274 0.303618 0.997474 0.368687 0.781372 0.75616 0.427054 0.280905 0.833641 0.213646 0.353911 0.36033 0.610945 0.330415 0.81046 0.12327 0.490252 0.618795 0.910308 0.730309 0.67025 0.941019 0.477678 0.352878 0.252729 0.428228 0.00262686 0.931695 0.86662 0.299273 0.769267 0.153265 0.35881 0.919351 0.575681 0.285481 0.323473 0.356178 0.208202 0.0828763 0.58829 0.703402 0.850428 0.950398 0.31191 0.281797 0.925829 0.375434 0.181537 0.706001 0.184072 0.0652612 0.742996 0.921571 0.933622 0.88482 0.359704 0.0918716 0.268065 0.0910533 0.223852 0.629627 0.744687 0.96787 0.215248 0.934135 0.765934 0.250798 0.210994 0.08151 0.294622 0.366136 0.827442 0.0101604 0.771984 0.0728853 0.664003 0.673448 0.808663 0.676103 0.0661533 0.21561 0.749583 0.174233 0.0159241 0.879601 0.702312 0.934547 0.866818 0.268002 0.198362 0.276617 0.0768152 0.244631 0.322752 0.271276 0.32747 0.868617 0.430493 0.585246 0.844704 0.366393 0.0228324 0.467974 0.375465 0.655316 0.593464 0.81073 0.722804 0.0992391 0.220997 0.339573 0.980124 0.865627 0.916942 0.796628 0.133584 0.757711 0.304664 0.385518 0.832372 0.726696 0.213917 0.0650714 0.0633284 0.351601 0.508631 0.889672 0.00173546 0.785075 0.0465859 0.994743 0.410436 0.303905 0.601035 0.175802 0.865511 0.943466 0.445726 0.698227 0.515273 0.482134 0.604832 0.951761 0.164253 0.292844 0.0934572 0.295552 0.281777 0.252443 0.814827 0.0564576 0.148119 0.331896 0.282925 0.0119332 0.740458 0.346558 0.201687 0.61545 0.292772 0.70528 0.548709 0.916427 0.104782 0.660579 0.431843 0.51116 0.683667 0.400284 0.0241204 0.33754 0.397557 0.415397 0.84825 0.18698 0.603458 0.742581 0.500146 0.856309 0.626754 0.412633 0.14119 0.958963 0.744686 0.790581 0.854049 0.794217 0.066844 0.639299 0.183309 0.607406 0.0489988 0.363276 0.705181 0.614751
0.811712 0.896132 0.850732 0.0813839 0.41059 0.892654 0.989802 0.618382 0.271005 0.912551 0.129652 0.904097 0.271983 0.607878 0.212628 0.326686 0.832621 0.613343 0.970706 0.21002 0.713483 0.5385 0.639887 0.453708 0.361011 0.297162 0.188354 0.73874 0.747592 0.950803 0.838823 0.301615 0.148914 0.512323 0.257714 0.219024 0.054754 0.39364 0.491059 0.747263 0.0675424 0.933401 0.0746669 0.903182 0.545487 0.902109 0.364262 0.975359 0.510965 0.654455 0.291605 0.0184234 0.479922 0.834355 0.362703 0.0464377 0.0065385 0.160643 0.100852 0.953711 0.475849 0.0100856 0.506703 0.906972 0.901634 0.196884 0.132991 0.614782 0.52494 0.743868 0.0888642 0.564964 0.343195 0.873823 0.600827 0.0267786 0.688403 0.176138 0.766064 0.416309 0.58393 0.788606 0.543407 0.857616 0.700578 0.0294382 0.531555 0.902078 0.510143 0.331184 0.0764687 0.168278 0.198996 0.588436 0.89194 0.148542 0.17521 0.574651 0.40081 0.783511 0.70502 0.326354 0.210912 0.972495 0.860062 0.746828 0.612861 0.6329 0.249496 0.948263 0.437207 0.106779 0.606248 0.6284 0.746096 0.121097 0.20988 0.732719 0.176639 0.252287 0.594097 0.977995 0.784805 0.201451 0.760866 0.734899 0.504514 0.0147912 0.81325 0.0789147 0.276259 0.366832 0.898546 0.438081 0.440005 0.572819 0.881028 0.643104 0.434392 0.276717 0.863536 0.304372 0.971816 0.594006 0.472097 0.852058 0.746345 0.571622 0.892551 0.89454 0.717635 0.10804 0.548601 0.802666 0.486655 0.532758 0.661807 0.922415 0.627119 0.174178 0.687006 0.622956 0.735655 0.873291 0.466265 0.0860849 0.00464172 0.990182 0.226899 0.263133 0.120449 0.330268 0.21552 0.148263 0.0584036 0.324212 0.65349 0.346536 0.0890702 0.102624 0.150363 0.405871 0.913469 0.0201663 0.769521 0.808597 0.595215 0.544053 0.425362 0.139469 0.177186 0.768398 0.678441 0.277264 0.115016 0.409778 0.0289556 0.387628 0.704857 0.679138
0.669579 0.701364 0.458418 0.312135 0.652047 0.331307 0.589324 0.291863 0.486546 0.00829233 0.898179 0.488768 0.511978 0.874447 0.928898 0.943381 0.175719 0.753555 0.673688 0.882434 0.792311 0.570465 0.728142 0.910547 0.345053 0.407312 0.591129 0.684544 0.442457 0.196701 0.375351 0.120958 0.650738 0.559606 0.653143 0.404029 0.223752 0.900787 0.556441 0.218703 0.345619 0.921657 0.489529 0.776447 0.452503 0.879056 0.70143 0.187739 0.213808 0.135074 0.977694 0.0983685 0.732397 0.985151 0.382067 0.219862 0.719315 0.111407 0.576673 0.315878 0.679782 0.948263 0.583343 0.682329 0.254312 0.277931 0.965934 0.196439 0.144561 0.807357 0.864569 0.328334 0.381021 0.982525 0.229732 0.032943 0.681297 0.472611 0.310817 0.561514 0.595926 0.0591636 0.499553 0.532661 0.81902 0.499129 0.468134 0.661122 0.918891 0.554618 0.852702 0.0310849 0.162919 0.352249 0.608674 0.702335 0.54802 0.821615 0.67059 0.866983 0.393946 0.186854 0.495817 0.0290138 0.820932 0.555845 0.859015 0.352215 0.261194 0.706827 0.508185 0.0305212 0.647086 0.4129 0.667167 0.722562 0.224481 0.486653 0.719484 0.665834 0.709314 0.992333 0.169373 0.652438 0.907288 0.903006 0.682729 0.713846 0.594607 0.0469791 0.729412 0.577879 0.616018 0.434454 0.174886 0.462216 0.308777 0.186776 0.372025 0.331299 0.419563 0.0613793 0.425668 0.618339 0.884225 0.352279 0.523302 0.474624 0.6584 0.643837 0.401951 0.396809 0.310932 0.766945 0.477535 0.635092 0.438757 0.374073 0.85336 0.502194 0.133694 0.0756331 0.295675 0.265652 0.513599 0.353476 0.845151 0.802777 0.422155 0.373848 0.883904 0.212369 0.497509 0.661838 0.221508 0.269126 0.604357 0.163594 0.594983 0.895507 0.0273937 0.337112 0.910101 0.771109 0.115698 0.0863833 0.986905 0.721615 0.860926 0.762011 0.548102 0.828173 0.173131 0.628287 0.660689 0.745595 0.130662 0.247005 0.272988 0.562206
0.912608 0.488731 0.156658 0.380658 0.588809 0.239795 0.95618 0.563164 0.648464 0.0912748 0.277487 0.997448 0.736061 0.485547 0.0139562 0.0642087 0.907319 0.886562 0.812956 0.75046 0.360234 0.961309 0.0607622 0.118498 0.00202531 0.487907 0.301521 0.729159 0.358864 0.770605 0.0891548 0.685986 0.666257 0.199396 0.102842 0.752882 0.394086 0.851966 0.707256 0.521918 0.570902 0.387109 0.3445 0.536375 0.819495 0.0406701 0.798902 0.16222 0.234076 0.261264 0.274652 0.993037 0.744476 0.962241 0.961807 0.185797 0.719425 0.319281 0.120728 0.683192 0.72166 0.0253142 0.828244 0.766456 0.929259 0.46607 0.559209 0.184081 0.364815 0.780908 0.156838 0.391956 0.414818 0.643302 0.169044 0.957133 0.705217 0.575892 0.0372353 0.715327 0.620208 0.443302 0.124288 0.128355 0.996283 0.577223 0.296591 0.580748 0.464186 0.32001 0.26566 0.677142 0.534221 0.519244 0.361263 0.0988045 0.930799 0.404923 0.554625 0.784163 0.904079 0.0606312 0.396745 0.847147 0.437791 0.898951 0.993186 0.0310516 0.457746 0.744525 0.690888 0.634459 0.389371 0.787558 0.20259 0.0630452 0.657167 0.198364 0.269847 0.617649 0.999387 0.88629 0.317884 0.297115 0.532829 0.0250262 0.526086 0.148405 0.13054 0.40067 0.546979 0.792157 0.235726 0.365869 0.179227 0.247375 0.928785 0.0570114 0.658864 0.876255 0.228293 0.788011 0.0654418 0.0844226 0.162847 0.112719 0.626927 0.498618 0.201813 0.273878 0.431907 0.975302 0.059524 0.0892264 0.886909 0.722475 0.0676946 0.304623 0.0212966 0.687141 0.224985 0.838241 0.926086 0.704574 0.728617 0.252859 0.647352 0.580852 0.91609 0.487683 0.0674627 0.104967 0.609901 0.0943823 0.78621 0.520851 0.403107 0.217444 0.400719 0.147389 0.228666 0.473428 0.233465 0.360329 0.0120991 0.276364 0.223884 0.29894 0.830624 0.858324 0.691816 0.226134 0.8212 0.886193 0.47092 0.925847 0.764525 0.23964 0.470883 0.200009
0.719498 0.88202 0.937807 0.499983 0.39949 0.649635 0.474839 0.179793 0.539067 0.719266 0.0378265 0.773383 0.660678 0.445782 0.596438 0.218573 0.833068 0.0997937 0.487117 0.783637 0.781198 0.107268 0.702684 0.847763 0.788577 0.534001 0.213348 0.0595181 0.528598 0.749521 0.666098 0.181158 0.965964 0.295005 0.644791 0.410988 0.840631 0.357957 0.603988 0.850671 0.921984 0.979325 0.164552 0.0580575 0.26502 0.424092 0.889399 0.950344 0.0892615 0.874944 0.630201 0.484416 0.106396 0.663381 0.18267 0.329508 0.943503 0.586186 0.0348438 0.13127 0.922579 0.0425114 0.391634 0.299603 0.936671 0.78543 0.691896 0.821916 0.872918 0.755936 0.592812 0.673203 0.508014 0.76408 0.393805 0.258009 0.464378 0.223429 0.920344 0.972047 0.970525 0.68944 0.0735098 0.702755 0.901249 0.664744 0.7298 0.635222 0.949331 0.437084 0.0843404 0.252702 0.83609 0.274286 0.610666 0.72865 0.936336 0.440318 0.445311 0.0916378 0.253267 0.459833 0.595248 0.435505 0.588046 0.991795 0.518357 0.535071 0.0678034 0.17804 0.477836 0.304697 0.971629 0.719877 0.497773 0.515858 0.286439 0.48161 0.288578 0.377444 0.534655 0.439833 0.829917 0.898446 0.416823 0.1847 0.17342 0.119259 0.0722822 0.853747 0.300847 0.662912 0.843235 0.882398 0.58526 0.973605 0.809274 0.547204 0.970176 0.0543935 0.680242 0.117992 0.529014 0.985778 0.145893 0.977622 0.126942 0.999825 0.921501 0.096538 0.619245 0.241305 0.680485 0.913825 0.678408 0.0469475 0.0954591 0.169859 0.551835 0.757804 0.439087 0.758486 0.293424 0.574183 0.390207 0.711632 0.361995 0.384223 0.0743466 0.401807 0.503901 0.421564 0.481462 0.240639 0.163139 0.502634 0.378864 0.596296 0.15611 0.975751 0.213888 0.359908 0.0517779 0.69604 0.554542 0.33695 0.491267 0.148762 0.694097 0.994972 0.703214 0.812611 0.968724 0.0430804 0.440362 0.997939 0.111083 0.0694635 0.187418 0.578277
0.403717 0.843971 0.449972 0.215527 0.246714 0.790373 0.848862 0.68943 0.64405 0.745155 0.20871 0.610755 0.222088 0.519418 0.0286965 0.436056 0.22589 0.989929 0.706147 0.406333 0.152867 0.500024 0.702238 0.0631611 0.136646 0.741582 0.623699 0.932691 0.621501 0.526715 0.186376 0.26609 0.951739 0.973113 0.782539 0.607911 0.174547 0.962505 0.29525 0.818929 0.32701 0.326564 0.812722 0.0288415 0.324646 0.93571 0.318271 0.729502 0.438309 0.0885731 0.9415 0.389324 0.203518 0.698907 0.89307 0.586537 0.070732 0.983218 0.998403 0.321116 0.0802198 0.603197 0.435611 0.802831 0.294406 0.288719 0.422539 0.817549 0.324644 0.994588 0.905259 0.392106 0.444283 0.86922 0.529882 0.527014 0.69606 0.870558 0.0212364 0.869681 0.758328 0.345867 0.163789 0.130663 0.0549534 0.416087 0.922211 0.234421 0.880238 0.377748 0.598667 0.264342 0.147193 0.579652 0.598013 0.573237 0.506748 0.195615 0.561306 0.883634 0.982337 0.740892 0.957131 0.975569 0.264348 0.514584 0.124953 0.393627 0.982308 0.49948 0.993857 0.501007 0.481023 0.692055 0.559806 0.891561 0.648752 0.50239 0.167337 0.291839 0.165735 0.945159 0.22471 0.940877 0.425184 0.734858 0.767947 0.786855 0.515932 0.752833 0.622062 0.582265 0.430006 0.274685 0.0260969 0.624873 0.407778 0.484589 0.355257 0.895856 0.813535 0.0554294 0.865387 0.190799 0.226817 0.142734 0.48022 0.448598 0.526461 0.732696 0.327524 0.25746 0.000329758 0.37495 0.556391 0.582709 0.56085 0.491143 0.180185 0.510237 0.0116094 0.390497 0.69064 0.99447 0.814036 0.411216 0.392534 0.470028 0.702769 0.941561 0.327949 0.926076 0.096506 0.401971 0.122268 0.705882 0.175156 0.920665 0.416824 0.246275 0.778533 0.184305 0.857124 0.172492 0.706607 0.93126 0.876924 0.896014 0.0860941 0.5608 0.0323064 0.96572 0.759403 0.165814 0.293839 0.691852 0.0895044 0.297186 0.469293 0.274213
0.530609 0.912123 0.15526 0.389022 0.296106 0.289434 0.482612 0.258011 0.770391 0.857197 0.371749 0.420894 0.519068 0.209327 0.952498 0.759019 0.859973 0.677265 0.130656 0.797658 0.954831 0.206951 0.75502 0.0157486 0.404736 0.821541 0.771904 0.739382 0.886259 0.089426 0.854769 0.930522 0.161086 0.535709 0.179565 0.744186 0.763795 0.469989 0.541767 0.405259 0.347478 0.318219 0.0557892 0.286875 0.680576 0.0443821 0.592619 0.466971 0.0376507 0.975075 0.0327646 0.518413 0.760834 0.876424 0.927534 0.94708 0.830615 0.803048 0.268876 0.119692 0.839865 0.666558 0.578606 0.626463 0.290109 0.532481 0.437277 0.764038 0.738934 0.836147 0.159389 0.684922 0.661833 0.755255 0.270047 0.359622 0.0483885 0.719389 0.804719 0.587529 0.442905 0.0369116 0.267464 0.01777 0.986696 0.292932 0.0400687 0.146464 0.617014 0.544958 0.222954 0.52846 0.796878 0.0186925 0.564753 0.15452 0.580048 0.830086 0.832029 0.693015 0.148356 0.398608 0.629811 0.949528 0.588628 0.730716 0.417289 0.406467 0.839203 0.227719 0.239413 0.196629 0.816197 0.87391 0.397088 0.54544 0.835307 0.124111 0.75588 0.103746 0.448191 0.594065 0.292044 0.846634 0.906038 0.593937 0.321133 0.491441 0.0350582 0.962387 0.903435 0.989464 0.163523 0.535692 0.982574 0.925395 0.616201 0.13499 0.958535 0.587158 0.411749 0.928316 0.734925 0.32345 0.137363 0.353877 0.60181 0.930336 0.977546 0.456423 0.00314426 0.156964 0.791072 0.049479 0.195311 0.626986 0.278685 0.777711 0.676949 0.981634 0.134277 0.777629 0.168038 0.0417815 0.481632 0.148937 0.965587 0.0638499 0.599426 0.96647 0.307513 0.295954 0.228284 0.82033 0.371068 0.263395 0.996042 0.525421 0.030596 0.487397 0.364141 0.243771 0.513036 0.727578 0.40139 0.208685 0.602991 0.696886 0.0672799 0.819174 0.812464 0.349297 0.533149 0.601799 0.404369 0.95026 0.837046 0.190329 0.13109 0.544154
0.116711 0.0831574 0.955198 0.375924 0.659384 0.922547 0.183308 0.0826073 0.102642 0.971548 0.866318 0.934419 0.0586003 0.469601 0.380756 0.306959 0.805274 0.312701 0.492574 0.280295 0.0790564 0.411159 0.249365 0.912838 0.257605 0.402886 0.542337 0.496059 0.939558 0.372935 0.917797 0.601085 0.760675 0.285852 0.656993 0.99593 0.643325 0.76254 0.0581548 0.252963 0.491329 0.166903 0.444896 0.322147 0.437122 0.241552 0.288949 0.687368 0.626229 0.243729 0.0708989 0.227677 0.906737 0.199278 0.812655 0.600189 0.149911 0.884147 0.968931 0.280407 0.731 0.867141 0.191809 0.740285 0.0333707 0.0837666 0.943319 0.258322 0.811305 0.377027 0.803268 0.411524 0.297686 0.483378 0.666637 0.45939 0.546534 0.662434 0.732934 0.286715 0.237925 0.913083 0.559977 0.669586 0.809457 0.326248 0.979098 0.542082 0.059205 0.664331 0.318653 0.441653 0.772983 0.735768 0.022574 0.778573 0.432867 0.939478 0.820891 0.0574737 0.587529 0.881764 0.722798 0.747415 0.129908 0.969307 0.605994 0.0915715 0.0150364 0.338025 0.256245 0.0165664 0.849682 0.180365 0.531259 0.323324 0.692344 0.962891 0.531338 0.960176 0.265597 0.493922 0.686321 0.765901 0.434083 0.496711 0.408418 0.277229 0.473383 0.534735 0.433227 0.835381 0.734408 0.773876 0.419549 0.691444 0.0737672 0.465017 0.512659 0.0657344 0.167996 0.856872 0.678074 0.580859 0.382456 0.413978 0.275065 0.106347 0.635686 0.942598 0.436482 0.838865 0.588295 0.369687 0.910477 0.334973 0.391602 0.971054 0.780801 0.571994 0.416025 0.576777 0.89971 0.367373 0.378609 0.292953 0.0661831 0.152364 0.896042 0.888719 0.117843 0.952103 0.851955 0.767747 0.217375 0.225981 0.132823 0.726126 0.62729 0.356995 0.387387 0.971347 0.295316 0.0320847 0.155532 0.844289 0.857444 0.617065 0.00153354 0.530699 0.205421 0.242267 0.744846 0.316184 0.289007 0.628706 0.896433 0.721372 0.386635 0.352723
0.806094 0.0410447 0.768892 0.0672445 0.163898 0.705339 0.476523 0.0404033 0.586356 0.757411 0.117966 0.192161 0.197234 0.450108 0.477416 0.0738071 0.365799 0.13713 0.683539 0.798669 0.00861308 0.385515 0.399905 0.0195207 0.521473 0.394979 0.71154 0.793327 0.179667 0.440031 0.926658 0.412384 0.293368 0.760771 0.265865 0.740115 0.208589 0.491277 0.231025 0.902953 0.433318 0.988611 0.270969 0.289854 0.659 0.37675 0.105879 0.652037 0.943855 0.807052 0.536059 0.878856 0.22845 0.699629 0.271503 0.534296 0.396448 0.446835 0.0632836 0.89618 0.609815 0.632348 0.237587 0.21284 0.924044 0.364 0.558353 0.472256 0.503334 0.596966 0.338593 0.338568 0.366144 0.940783 0.188244 0.669291 0.548134 0.564785 0.781393 0.875602 0.694225 0.685302 0.430257 0.402077 0.412713 0.56954 0.182104 0.429725 0.841529 0.0734213 0.307706 0.0563321 0.294726 0.79287 0.626731 0.153709 0.629463 0.747718 0.348917 0.0150529 0.523509 0.0115608 0.546013 0.821771 0.395664 0.947873 0.161872 0.956861 0.817805 0.549007 0.0764123 0.629811 0.958293 0.492268 0.752876 0.586669 0.232859 0.136001 0.637545 0.470677 0.606604 0.929199 0.957541 0.462737 0.0620986 0.876852 0.246604 0.933407 0.0421924 0.993236 0.590762 0.0558285 0.114704 0.311783 0.784206 0.0295245 0.962674 0.681245 0.570874 0.77164 0.588633 0.058465 0.474982 0.890194 0.745814 0.898959 0.732041 0.00247604 0.670416 0.245016 0.282725 0.750293 0.122299 0.0663911 0.708837 0.597541 0.545604 0.00139499 0.520451 0.568968 0.361795 0.0239154 0.0229292 0.236574 0.860289 0.202977 0.824238 0.170192 0.910307 0.501347 0.0486004 0.737198 0.506202 0.165383 0.913441 0.704436 0.285404 0.678135 0.316347 0.757226 0.434359 0.273381 0.481375 0.73522 0.344794 0.333894 0.908803 0.425784 0.782867 0.17757 0.0069282 0.0430365 0.160789 0.483565 0.6404 0.612612 0.975108 0.133679 0.952216 0.294532
0.763923 0.386204 0.261677 0.75648 0.666444 0.586211 0.778393 0.526659 0.253023 0.282933 0.590706 0.349822 0.707332 0.0227323 0.959949 0.855784 0.125028 0.218853 0.429599 0.129775 0.513043 0.564221 0.548993 0.743321 0.460102 0.723036 0.0724741 0.0913417 0.932321 0.653359 0.982157 0.0530346 0.577119 0.0839961 0.478545 0.141032 0.94237 0.273354 0.628336 0.0932229 0.738177 0.623657 0.0703661 0.545876 0.253468 0.382421 0.178089 0.150894 0.126718 0.872835 0.448907 0.744432 0.779119 0.558522 0.988005 0.635166 0.909099 0.869706 0.702036 0.523633 0.0917297 0.387335 0.448167 0.951712 0.572152 0.578908 0.254996 0.650453 0.782531 0.197032 0.418989 0.653934 0.562677 0.830286 0.792348 0.646108 0.0129522 0.99563 0.290878 0.177649 0.508093 0.353496 0.485979 0.86475 0.046561 0.120299 0.236047 0.6343 0.599472 0.813298 0.279666 0.0448061 0.379366 0.0775838 0.229356 0.513703 0.452262 0.100936 0.173649 0.402055 0.459613 0.406331 0.464413 0.843854 0.339301 0.592733 0.547242 0.268157 0.932175 0.104662 0.815228 0.609608 0.0880643 0.798042 0.983147 0.312543 0.698865 0.729138 0.273544 0.131087 0.124356 0.370638 0.827157 0.940854 0.780814 0.309248 0.779959 0.70283 0.100932 0.489171 0.742475 0.516114 0.212338 0.451003 0.977838 0.656917 0.786324 0.159365 0.917983 0.0296775 0.0479926 0.776656 0.115087 0.0519884 0.310299 0.744792 0.12951 0.660121 0.476339 0.0859441 0.460132 0.422402 0.736306 0.0511215 0.961307 0.534641 0.791023 0.592454 0.979848 0.911011 0.00232196 0.663563 0.662889 0.153438 0.773618 0.500467 0.352398 0.674758 0.471927 0.784477 0.529601 0.810503 0.380795 0.630303 0.656293 0.365359 0.243979 0.114556 0.314504 0.884584 0.67989 0.756417 0.118177 0.47491 0.774222 0.641677 0.826326 0.0203488 0.325805 0.818034 0.97496 0.363681 0.765756 0.915296 0.870083 0.550588 0.106944 0.78358 0.620601 0.740002
0.671263 0.157089 0.935013 0.837504 0.308827 0.278219 0.801265 0.791539 0.840464 0.192444 0.0906665 0.865747 0.215719 0.257314 0.345859 0.472208 0.738234 0.360079 0.959156 0.108633 0.138868 0.84566 0.401897 0.947542 0.807252 0.028198 0.8912 0.719703 0.248982 0.893293 0.970086 0.721579 0.971668 0.904956 0.981914 0.129514 0.302588 0.418833 0.174355 0.552787 0.967223 0.506988 0.571437 0.282185 0.568415 0.428454 0.510398 0.854207 0.581626 0.439366 0.398523 0.277747 0.406527 0.894777 0.436506 0.558677 0.546843 0.121 0.887594 0.742123 0.407089 0.228716 0.445223 0.259417 0.942901 0.0817775 0.757218 0.981517 0.530849 0.847929 0.766079 0.824674 0.217218 0.25011 0.763175 0.989743 0.950646 0.366566 0.00396199 0.75214 0.83815 0.491996 0.780568 0.0653189 0.177426 0.849983 0.697656 0.383162 0.228914 0.384469 0.475367 0.133629 0.0951328 0.148927 0.0949526 0.342854 0.961482 0.226832 0.555851 0.947788 0.852289 0.534862 0.706774 0.631982 0.0216103 0.568098 0.483068 0.670484 0.297187 0.283121 0.459753 0.749039 0.017816 0.594935 0.187779 0.995078 0.750509 0.706982 0.0879183 0.568926 0.309871 0.662099 0.588896 0.52451 0.246231 0.643048 0.204912 0.928341 0.265256 0.418797 0.388137 0.205421 0.897353 0.92721 0.172353 0.530169 0.0250808 0.432213 0.708767 0.908792 0.51096 0.61821 0.705078 0.266666 0.849562 0.21994 0.186522 0.725603 0.562291 0.282314 0.108611 0.91317 0.217547 0.193171 0.83123 0.357127 0.831289 0.862017 0.00711642 0.990917 0.40665 0.60681 0.407347 0.57149 0.0637946 0.296674 0.876272 0.136911 0.678133 0.507512 0.292636 0.574886 0.65013 0.850334 0.672636 0.355909 0.730723 0.285315 0.749559 0.327563 0.631596 0.033409 0.370109 0.196902 0.339525 0.752817 0.0773607 0.655826 0.334545 0.0521868 0.851755 0.388469 0.371943 0.361147 0.496675 0.80448 0.437446 0.292292 0.191169 0.563977
0.738714 0.38137 0.164074 0.538795 0.346219 0.264857 0.901802 0.169703 0.969578 0.642535 0.381414 0.450515 0.961103 0.787738 0.51821 0.152663 0.334008 0.518615 0.882571 0.491872 0.139474 0.514456 0.69505 0.0658287 0.699258 0.597117 0.0370875 0.966768 0.506338 0.459367 0.06795 0.649337 0.0494996 0.470665 0.309482 0.00858252 0.185689 0.851881 0.575998 0.837173 0.223037 0.907078 0.59475 0.220628 0.631975 0.385727 0.222276 0.569405 0.791693 0.183809 0.268964 0.41919 0.721518 0.916716 0.457503 0.270669 0.636935 0.614124 0.585254 0.343945 0.386517 0.476761 0.234932 0.150224 0.886134 0.862024 0.906056 0.0207445 0.340091 0.0793248 0.50974 0.534798 0.952518 0.6048 0.150505 0.731142 0.128485 0.805088 0.338665 0.352677 0.186473 0.770727 0.443437 0.205699 0.581858 0.127997 0.419676 0.684229 0.691796 0.147308 0.234495 0.924113 0.301677 0.0494077 0.557707 0.891268 0.0505202 0.665351 0.187269 0.336299 0.784175 0.483956 0.277301 0.949863 0.391369 0.880181 0.121166 0.587897 0.758851 0.258025 0.986169 0.185071 0.310505 0.861843 0.22764 0.0394677 0.910413 0.09477 0.641674 0.455483 0.789603 0.721429 0.124885 0.89525 0.414964 0.226115 0.465919 0.121554 0.798318 0.13713 0.0968674 0.312614 0.785413 0.931352 0.860231 0.0853053 0.549346 0.300811 0.309652 0.624028 0.47457 0.840873 0.250939 0.932924 0.977042 0.898352 0.0101487 0.994048 0.971692 0.619697 0.67646 0.819161 0.122822 0.116873 0.116893 0.0655762 0.838607 0.0479521 0.897941 0.926743 0.0764952 0.387264 0.800861 0.0298998 0.698052 0.873026 0.571983 0.386532 0.303005 0.559356 0.0221847 0.918558 0.450223 0.371435 0.0469568 0.520718 0.59024 0.263346 0.608617 0.186623 0.14794 0.694476 0.849166 0.380097 0.921889 0.248123 0.11762 0.658621 0.406793 0.995159 0.13798 0.649643 0.540809 0.735948 0.693759 0.673639 0.690829 0.741552 0.991868 0.511248
0.377481 0.00750602 0.750017 0.23929 0.0048125 0.239134 0.836174 0.08935 0.998074 0.983147 0.115909 0.341507 0.613618 0.716406 0.0749449 0.755714 0.34585 0.371424 0.458423 0.852619 0.86482 0.559939 0.818446 0.151481 0.353259 0.794466 0.708117 0.647824 0.379976 0.052839 0.109991 0.767493 0.938988 0.656435 0.30317 0.427381 0.172439 0.592666 0.44122 0.852591 0.875515 0.20257 0.937415 0.0946599 0.673695 0.617258 0.586165 0.283055 0.988699 0.962528 0.616345 0.929343 0.0489793 0.13943 0.163087 0.0735844 0.305332 0.268888 0.482193 0.938178 0.264225 0.803771 0.264118 0.497045 0.768792 0.154137 0.825117 0.803189 0.81833 0.0181879 0.82952 0.738346 0.113448 0.816014 0.71977 0.720385 0.184701 0.897076 0.695758 0.208373 0.150711 0.334499 0.817594 0.725583 0.0774314 0.407063 0.524153 0.759079 0.26463 0.655061 0.437733 0.696199 0.533937 0.568503 0.692847 0.567168 0.37341 0.208339 0.703198 0.851571 0.993404 0.801748 0.367518 0.766611 0.129425 0.0326741 0.50289 0.388804 0.119567 0.627832 0.234385 0.915156 0.469597 0.0799895 0.0663221 0.767652 0.744835 0.0545358 0.83071 0.273329 0.290136 0.462033 0.232462 0.748907 0.420628 0.455036 0.764984 0.643267 0.0508404 0.465103 0.548234 0.529874 0.704347 0.592093 0.0590146 0.927979 0.0831912 0.261479 0.905648 0.207967 0.838066 0.12408 0.98889 0.578223 0.360566 0.480731 0.212532 0.0504703 0.681273 0.845974 0.407826 0.763382 0.3441 0.690687 0.637223 0.216562 0.963916 0.341522 0.849731 0.86718 0.450774 0.203909 0.838831 0.0877894 0.135736 0.126257 0.454433 0.370496 0.905228 0.834615 0.846378 0.588699 0.636184 0.906546 0.847809 0.000228911 0.759722 0.292917 0.794476 0.233205 0.6671 0.612745 0.33976 0.738571 0.708625 0.528553 0.265909 0.225663 0.863646 0.265555 0.03488 0.757551 0.0649961 0.241481 0.808123 0.564412 0.271463 0.943175 0.173561 0.218823
0.160541 0.897433 0.364809 0.280783 0.0507179 0.724697 0.300272 0.354649 0.0612562 0.38458 0.139751 0.694603 0.240878 0.462257 0.0471744 0.569286 0.323773 0.978148 0.937001 0.802998 0.9505 0.157256 0.612008 0.795877 0.138486 0.95235 0.921254 0.990997 0.105444 0.149515 0.414731 0.22477 0.113425 0.521533 0.167493 0.22504 0.969918 0.623753 0.89011 0.0169189 0.116596 0.412655 0.940758 0.0674107 0.434929 0.31545 0.508426 0.359999 0.308928 0.705899 0.155071 0.47993 0.617614 0.278262 0.176062 0.852226 0.590854 0.599508 0.635324 0.0625905 0.751624 0.871652 0.961394 0.575801 0.29208 0.137974 0.99856 0.37764 0.0127685 0.561351 0.55203 0.870573 0.796182 0.128382 0.633032 0.0902482 0.8866 0.501609 0.939429 0.226589 0.688945 0.814606 0.682501 0.13007 0.997859 0.444335 0.440668 0.258574 0.766363 0.554764 0.938934 0.0854965 0.167133 0.594355 0.333043 0.269617 0.222915 0.419061 0.0413726 0.624939 0.719712 0.0297131 0.200982 0.699705 0.680203 0.402654 0.897308 0.955742 0.777893 0.591674 0.159329 0.179112 0.460296 0.564393 0.189632 0.0628724 0.889221 0.0142398 0.263537 0.811557 0.502869 0.44328 0.770729 0.478464 0.913761 0.804352 0.853992 0.678784 0.754885 0.537798 0.641578 0.709043 0.163353 0.789855 0.980001 0.934986 0.23636 0.380019 0.057542 0.699368 0.0630243 0.943229 0.769208 0.0445593 0.921455 0.0861505 0.828889 0.381415 0.428423 0.26768 0.272301 0.0582306 0.63876 0.11911 0.647323 0.957574 0.774157 0.00273117 0.275417 0.271286 0.130493 0.973839 0.563743 0.0614026 0.966244 0.000488353 0.417546 0.0117663 0.818411 0.163075 0.654765 0.952113 0.558581 0.36665 0.45525 0.994018 0.162148 0.74081 0.818885 0.549755 0.923914 0.648046 0.938646 0.797396 0.956679 0.130928 0.208103 0.843447 0.61298 0.927083 0.844614 0.363161 0.17601 0.660669 0.814668 0.404816 0.530995 0.00456429 0.703378 0.526045
0.379396 0.206083 0.619898 0.474575 0.105409 0.142535 0.41723 0.813917 0.83504 0.561692 0.52148 0.404312 0.159548 0.862001 0.224582 0.0608785 0.518483 0.412421 0.456272 0.778194 0.785926 0.274517 0.320756 0.332731 0.201299 0.0197397 0.661643 0.306516 0.197531 0.997408 0.268957 0.618339 0.41591 0.247787 0.202687 0.115598 0.968887 0.2285 0.923334 0.31347 0.9957 0.838305 0.265822 0.577466 0.38424 0.651713 0.950844 0.111591 0.612425 0.304879 0.832967 0.471387 0.380704 0.606851 0.832325 0.126503 0.116795 0.354222 0.252701 0.360218 0.830277 0.325545 0.232187 0.599109 0.105781 0.850739 0.0991181 0.764893 0.0961826 0.437699 0.436313 0.437526 0.489351 0.709988 0.472979 0.812063 0.163568 0.579712 0.36073 0.551856 0.448535 0.874974 0.840174 0.348746 0.983936 0.830377 0.834859 0.187828 0.586352 0.759406 0.0340765 0.626313 0.924876 0.995803 0.359374 0.758628 0.125138 0.156374 0.153763 0.254818 0.117415 0.3796 0.0120557 0.0118923 0.0855337 0.953265 0.39278 0.874723 0.500804 0.912224 0.424995 0.739842 0.951816 0.617326 0.333081 0.298854 0.952944 0.81578 0.964809 0.162789 0.552131 0.712251 0.419818 0.492662 0.00643401 0.533063 0.681358 0.824664 0.909097 0.832405 0.86838 0.965799 0.577965 0.811284 0.0180184 0.191509 0.305789 0.223613 0.95086 0.123815 0.459718 0.0228029 0.00360575 0.226532 0.557807 0.920125 0.393784 0.624864 0.614121 0.373135 0.912908 0.906839 0.811794 0.517257 0.480044 0.232768 0.580757 0.182263 0.217011 0.237263 0.128661 0.724206 0.232842 0.765818 0.735768 0.0880569 0.785862 0.837314 0.575439 0.609173 0.913356 0.0645406 0.105853 0.234626 0.592853 0.533303 0.107298 0.657384 0.665714 0.427101 0.00196853 0.521136 0.351208 0.694429 0.153859 0.999879 0.154075 0.0992133 0.200636 0.85664 0.68942 0.498208 0.37297 0.334347 0.304282 0.106484 0.261396 0.638641 0.877438 0.540427
0.893774 0.273051 0.376896 0.237748 0.599482 0.289871 0.625753 0.0979649 0.888441 0.899438 0.309536 0.874613 0.830886 0.0958703 0.0456482 0.887966 0.489791 0.76738 0.688909 0.93903 0.287447 0.633126 0.543281 0.884207 0.0870791 0.85664 0.466788 0.363152 0.713733 0.674794 0.655286 0.838296 0.685904 0.361055 0.148763 0.818004 0.481417 0.938737 0.503538 0.575856 0.605163 0.193664 0.601948 0.191652 0.819902 0.628096 0.665789 0.833148 0.925113 0.163954 0.572654 0.287129 0.366072 0.00676392 0.203354 0.106388 0.0891858 0.828507 0.833093 0.0243741 0.642032 0.72913 0.859701 0.562493 0.350167 0.533428 0.916626 0.966899 0.593048 0.0326701 0.785698 0.124897 0.534477 0.420231 0.77586 0.22184 0.263343 0.856229 0.804378 0.374646 0.875662 0.0197537 0.947229 0.694668 0.0272964 0.0972258 0.350806 0.770613 0.174131 0.908112 0.375068 0.0471458 0.499235 0.728778 0.279968 0.925291 0.302213 0.51004 0.662313 0.496849 0.824031 0.681237 0.765628 0.470807 0.0871565 0.0546021 0.435371 0.193773 0.383285 0.405164 0.895948 0.981003 0.668337 0.802071 0.568947 0.685267 0.570868 0.473831 0.42 0.11777 0.36029 0.48353 0.0204801 0.969788 0.214337 0.24775 0.164704 0.439629 0.884885 0.712883 0.471917 0.685014 0.406246 0.0582356 0.143189 0.821864 0.5948 0.368685 0.806166 0.779735 0.488482 0.673172 0.470235 0.154091 0.0806495 0.384476 0.764387 0.267079 0.928659 0.820906 0.450677 0.892108 0.828894 0.787162 0.795587 0.13211 0.631647 0.764966 0.670309 0.51853 0.876584 0.0409799 0.386013 0.692836 0.905792 0.513163 0.838091 0.155197 0.709565 0.870234 0.354279 0.893141 0.676402 0.0135549 0.0244246 0.61016 0.553139 0.23851 0.285578 0.361902 0.815133 0.404779 0.0437532 0.691791 0.00998084 0.757917 0.354855 0.297943 0.397986 0.359878 0.741071 0.0267787 0.779835 0.720742 0.996691 0.821149 0.975308 0.898006 0.935792 0.704721
0.337495 0.924091 0.924211 0.494837 0.165048 0.718167 0.0461385 0.687132 0.590373 0.714686 0.389135 0.697851 0.252047 0.663318 0.056686 0.232593 0.350394 0.248721 0.585254 0.198404 0.771723 0.329603 0.219164 0.573024 0.973972 0.30883 0.682451 0.271063 0.246804 0.507636 0.617035 0.320356 0.381754 0.403047 0.613791 0.262225 0.831827 0.946351 0.852706 0.231562 0.0182696 0.706057 0.666696 0.613608 0.142208 0.171452 0.913343 0.813734 0.426269 0.415726 0.706285 0.581183 0.594497 0.488058 0.451506 0.398805 0.706224 0.996211 0.205107 0.389479 0.127789 0.909552 0.249816 0.788343 0.599368 0.106128 0.0219804 0.315114 0.280711 0.274112 0.550492 0.853366 0.24485 0.141502 0.0721852 0.645738 0.375111 0.310921 0.153699 0.770163 0.0199829 0.591066 0.773957 0.0833649 0.420145 0.702019 0.43984 0.0281057 0.356917 0.869698 0.905095 0.399211 0.267515 0.841209 0.961037 0.828475 0.741268 0.858307 0.938684 0.289681 0.74634 0.458168 0.341962 0.584915 0.101999 0.641178 0.909636 0.993386 0.0877032 0.443541 0.43616 0.0430297 0.0146031 0.332236 0.377084 0.610458 0.268732 0.169689 0.363602 0.871488 0.868234 0.123412 0.692875 0.73682 0.362497 0.866171 0.38213 0.0753198 0.793764 0.325008 0.971584 0.517734 0.898639 0.645382 0.580122 0.985157 0.455392 0.86164 0.377775 0.162632 0.412567 0.914006 0.281369 0.254487 0.890842 0.680854 0.375638 0.536241 0.448555 0.980015 0.959625 0.505858 0.316273 0.0729604 0.420951 0.437816 0.415194 0.120572 0.329365 0.502126 0.668863 0.0899791 0.694712 0.164764 0.658186 0.447249 0.079983 0.17472 0.382079 0.450592 0.881876 0.826597 0.295258 0.760869 0.243347 0.440869 0.590355 0.312621 0.485037 0.566733 0.605545 0.552273 0.37356 0.823859 0.244954 0.0635931 0.673433 0.885604 0.869076 0.587574 0.84487 0.106412 0.360219 0.34576 0.209635 0.298247 0.202949 0.25436 0.981009 0.404423
0.5886 0.982365 0.965527 0.717724 0.520173 0.551342 0.585265 0.0958641 0.840349 0.555744 0.846866 0.156525 0.289783 0.699362 0.658442 0.802929 0.994957 0.0530234 0.989647 0.519224 0.596288 0.509796 0.380289 0.994397 0.312167 0.337004 0.103657 0.488739 0.317184 0.91321 0.950606 0.594832 0.180904 0.199662 0.959092 0.964225 0.376263 0.558551 0.607874 0.218414 0.497895 0.49023 0.0441719 0.189666 0.711841 0.497285 0.725571 0.396837 0.856325 0.470874 0.686558 0.612361 0.248977 0.377596 0.632934 0.144688 0.139376 0.878363 0.22792 0.938652 0.618696 0.993581 0.522642 0.127559 0.207134 0.200511 0.448682 0.478599 0.393028 0.00308649 0.163476 0.28602 0.534246 0.372839 0.246985 0.991371 0.892488 0.539052 0.916663 0.297726 0.0168076 0.268852 0.994739 0.948418 0.54599 0.736899 0.735029 0.923095 0.588447 0.260788 0.392702 0.681964 0.350001 0.0949643 0.912278 0.501164 0.0715956 0.192469 0.771613 0.48171 0.890113 0.616812 0.758409 0.138543 0.866645 0.264594 0.893629 0.725355 0.376893 0.384971 0.535889 0.186624 0.29614 0.0731016 0.936345 0.0622149 0.0441977 0.372194 0.0557391 0.549291 0.551174 0.241909 0.111071 0.4492 0.356106 0.914513 0.0282763 0.445967 0.594476 0.442158 0.282229 0.811372 0.954923 0.41417 0.141695 0.455753 0.0773363 0.09108 0.682346 0.18113 0.0879412 0.992215 0.456645 0.864165 0.285651 0.834774 0.858148 0.211679 0.998881 0.590177 0.8851 0.851407 0.850514 0.691176 0.492684 0.446896 0.436752 0.394224 0.973351 0.23375 0.334659 0.735529 0.787101 0.185373 0.856737 0.652808 0.700729 0.0409152 0.407856 0.561282 0.787067 0.176096 0.103618 0.379822 0.00452133 0.0754874 0.156312 0.42786 0.265731 0.07064 0.0480521 0.928204 0.612717 0.540453 0.141371 0.0182081 0.838606 0.922029 0.0866341 0.082888 0.584909 0.313012 0.026345 0.283488 0.458646 0.777033 0.233346 0.807121 0.59114 0.633447
0.0155632 0.430088 0.918321 0.140326 0.692124 0.469303 0.735613 0.0714481 0.104962 0.251693 0.206124 0.412715 0.154843 0.827643 0.571842 0.893267 0.507398 0.60421 0.664453 0.675747 0.358834 0.677486 0.817002 0.759405 0.522328 0.938517 0.130663 0.615489 0.587967 0.590627 0.147798 0.190809 0.60639 0.046077 0.968743 0.711647 0.0333981 0.722341 0.371196 0.402867 0.397491 0.432431 0.425769 0.653496 0.895331 0.0399537 0.732533 0.937899 0.793877 0.916763 0.746887 0.0811793 0.0896697 0.693975 0.967408 0.622834 0.150753 0.976532 0.626332 0.783951 0.753096 0.662092 0.727103 0.860921 0.696675 0.771628 0.806859 0.268186 0.325143 0.454667 0.552654 0.73373 0.615209 0.786034 0.178422 0.250494 0.712311 0.190672 0.944719 0.0639856 0.14523 0.59055 0.330595 0.869855 0.0375523 0.502571 0.592987 0.20191 0.549312 0.406247 0.179223 0.932404 0.789174 0.421997 0.104586 0.35514 0.407434 0.402504 0.327143 0.322677 0.884368 0.0191555 0.550794 0.601472 0.54861 0.867154 0.168063 0.726444 0.282281 0.362416 0.198949 0.103334 0.45369 0.637208 0.0100389 0.441767 0.617686 0.350896 0.762608 0.177559 0.576074 0.384852 0.55771 0.570709 0.950542 0.737773 0.703412 0.797078 0.656958 0.440311 0.191132 0.365359 0.682887 0.958321 0.237387 0.576888 0.226479 0.971676 0.071497 0.111977 0.742963 0.72234 0.616797 0.999295 0.940064 0.876344 0.809705 0.757592 0.842461 0.666451 0.736692 0.932109 0.992905 0.716053 0.565801 0.210607 0.928914 0.110614 0.171838 0.895926 0.521823 0.545212 0.215039 0.75143 0.867471 0.0434509 0.200454 0.592475 0.848472 0.0831809 0.170266 0.816906 0.976644 0.835628 0.67606 0.423586 0.135527 0.283759 0.068624 0.23015 0.995606 0.685481 0.176254 0.307602 0.306899 0.17281 0.224361 0.705424 0.331799 0.65798 0.73654 0.353684 0.200008 0.235704 0.953086 0.983192 0.440538 0.267249 0.00410228 0.857065
0.026893 0.760258 0.531814 0.237808 0.106789 0.598089 0.521062 0.363444 0.546718 0.246995 0.892158 0.0675609 0.879483 0.501287 0.954581 0.860704 0.322286 0.63096 0.76193 0.13102 0.264925 0.86626 0.431191 0.795405 0.059098 0.377648 0.317632 0.663498 0.574212 0.258301 0.31059 0.955153 0.476539 0.104699 0.798443 0.111088 0.619226 0.259864 0.133319 0.41353 0.159311 0.865094 0.0243062 0.806937 0.98264 0.878731 0.698791 0.0518583 0.228665 0.530267 0.795701 0.555481 0.634406 0.281358 0.50012 0.840141 0.858704 0.520953 0.121765 0.441018 0.931404 0.455399 0.712648 0.257649 0.863706 0.694984 0.316083 0.435091 0.648772 0.41412 0.943983 0.376513 0.678907 0.134768 0.27815 0.932474 0.888506 0.737423 0.974359 0.651473 0.346859 0.647739 0.871729 0.563543 0.539673 0.576289 0.0365312 0.847643 0.675093 0.161712 0.676805 0.690795 0.399434 0.738911 0.657686 0.966323 0.484075 0.492436 0.866835 0.0834829 0.236126 0.132935 0.0432747 0.481178 0.0379248 0.364309 0.359246 0.062174 0.572186 0.402288 0.541744 0.115549 0.231317 0.518954 0.551686 0.267631 0.35401 0.970197 0.872413 0.245939 0.331539 0.877642 0.257173 0.940478 0.617897 0.584788 0.360894 0.169401 0.0601133 0.487568 0.632595 0.637269 0.0922396 0.118926 0.850478 0.165207 0.411768 0.121627 0.103873 0.7357 0.946612 0.175433 0.936095 0.339825 0.981427 0.412109 0.941742 0.452516 0.989548 0.645131 0.566233 0.204861 0.0714901 0.798271 0.647851 0.731262 0.307066 0.0817591 0.0777912 0.517994 0.376266 0.422166 0.888053 0.908231 0.776832 0.628109 0.510569 0.132644 0.340827 0.496355 0.812326 0.949 0.199748 0.885283 0.914226 0.538334 0.462404 0.34584 0.860028 0.82092 0.0536549 0.783311 0.841442 0.843279 0.231382 0.838857 0.428047 0.830618 0.457331 0.249847 0.0772293 0.47952 0.455509 0.0336008 0.539494 0.284516 0.226049 0.908382 0.780103 0.622627
0.837006 0.248266 0.193044 0.0741447 0.761162 0.544663 0.249069 0.988684 0.721123 0.494756 0.380354 0.785156 0.0724925 0.239748 0.437213 0.461346 0.0441955 0.803071 0.730489 0.190658 0.375529 0.396561 0.808159 0.735628 0.421985 0.657315 0.73618 0.554643 0.741946 0.382637 0.584776 0.88157 0.00934954 0.025523 0.876495 0.273949 0.69184 0.203086 0.416345 0.891049 0.860915 0.711915 0.197267 0.0771995 0.729376 0.453434 0.492413 0.282728 0.524683 0.302873 0.397725 0.506116 0.261621 0.221511 0.14167 0.173333 0.11186 0.511382 0.947524 0.0456484 0.503849 0.847728 0.37261 0.215431 0.653658 0.787475 0.318255 0.704779 0.473304 0.221556 0.0109953 0.854524 0.516621 0.0527466 0.454943 0.910546 0.614167 0.603083 0.391538 0.849655 0.174096 0.298962 0.260945 0.610648 0.970539 0.851254 0.291254 0.376825 0.27494 0.311842 0.380518 0.84575 0.256482 0.372753 0.152687 0.849123 0.243237 0.951161 0.455989 0.973539 0.870023 0.0579315 0.862168 0.85309 0.13222 0.368468 0.0317787 0.564929 0.609839 0.944493 0.683786 0.995806 0.217932 0.324167 0.16855 0.505539 0.0121169 0.776037 0.15616 0.509985 0.506439 0.131475 0.964285 0.904044 0.347596 0.152149 0.429601 0.965446 0.66242 0.784413 0.244972 0.510728 0.777438 0.0437245 0.577377 0.55833 0.528574 0.743481 0.838014 0.353766 0.145956 0.363748 0.945554 0.155749 0.397416 0.0865328 0.0883171 0.290197 0.334358 0.339135 0.143852 0.171978 0.152898 0.913306 0.316942 0.257444 0.360497 0.854849 0.75324 0.240952 0.00392055 0.28069 0.722437 0.857631 0.64506 0.780097 0.334485 0.0962682 0.29403 0.375261 0.0487602 0.0460783 0.10933 0.310463 0.505814 0.825334 0.747188 0.882541 0.940069 0.130716 0.6633 0.992075 0.000316693 0.291398 0.0857969 0.783101 0.685435 0.637074 0.3518 0.72931 0.583409 0.0793323 0.562331 0.72769 0.297773 0.117636 0.997598 0.382533 0.400235 0.826059
0.568703 0.614836 0.817037 0.991099 0.738666 0.967533 0.55555 0.865323 0.73494 0.0747448 0.422539 0.336086 0.370845 0.595626 0.912967 0.37887 0.235162 0.198592 0.0348693 0.866177 0.18694 0.413911 0.489383 0.963956 0.220094 0.0941449 0.764888 0.394816 0.600435 0.0169834 0.894433 0.148848 0.0431483 0.0195486 0.0877731 0.161187 0.22286 0.589162 0.0285699 0.528849 0.6386 0.742125 0.767103 0.416387 0.966238 0.857571 0.129046 0.889256 0.0237268 0.45118 0.252987 0.509192 0.257137 0.0830024 0.932712 0.843997 0.386193 0.832638 0.436639 0.0589565 0.121752 0.114098 0.819317 0.564966 0.43306 0.0963751 0.310398 0.386262 0.295787 0.134243 0.828944 0.887909 0.0688967 0.817556 0.692218 0.534836 0.13245 0.82538 0.580887 0.95757 0.730632 0.34325 0.793894 0.640405 0.802782 0.612707 0.0543827 0.350409 0.30528 0.850633 0.23512 0.508646 0.915751 0.882705 0.629857 0.106178 0.506457 0.225061 0.766576 0.850598 0.839551 0.758306 0.679006 0.562209 0.890556 0.211734 0.837254 0.265234 0.57858 0.0910331 0.9112 0.117068 0.108643 0.574442 0.76924 0.0941007 0.944667 0.496358 0.928899 0.993729 0.246399 0.919109 0.684738 0.825707 0.819773 0.485101 0.842309 0.359255 0.319067 0.488884 0.74442 0.663158 0.201824 0.228419 0.4399 0.0271347 0.149784 0.336798 0.424213 0.163395 0.190388 0.648384 0.730709 0.128254 0.478642 0.948005 0.828161 0.222713 0.659219 0.722443 0.0452745 0.548414 0.138886 0.81063 0.908671 0.915167 0.331726 0.608919 0.562839 0.953538 0.134035 0.782009 0.466665 0.0375646 0.828101 0.790449 0.994353 0.77994 0.866419 0.276418 0.133678 0.638029 0.0479351 0.233689 0.804959 0.940968 0.0837338 0.400741 0.492001 0.847728 0.992861 0.726569 0.83933 0.235928 0.74265 0.77951 0.152763 0.898932 0.150386 0.801292 0.689322 0.161618 0.249192 0.659878 0.688259 0.0264138 0.516601 0.555289 0.637798 0.771798
0.191431 0.653279 0.298453 0.992946 0.60116 0.292036 0.126844 0.917614 0.811713 0.571435 0.743656 0.661686 0.279559 0.6783 0.236423 0.886402 0.940213 0.507833 0.442727 0.45638 0.541252 0.439506 0.774515 0.850648 0.795773 0.346195 0.648193 0.377251 0.841703 0.72981 0.896062 0.656674 0.898968 0.00128155 0.397806 0.676544 0.867029 0.688502 0.94302 0.867191 0.968834 0.939984 0.448422 0.572939 0.636513 0.0442247 0.943442 0.694513 0.761518 0.653168 0.848739 0.965958 0.624798 0.895619 0.35199 0.113291 0.93512 0.00092496 0.110422 0.591306 0.490709 0.0995879 0.557936 0.915918 0.654774 0.357475 0.219039 0.122489 0.0788714 0.125875 0.995042 0.0103321 0.115815 0.439094 0.538852 0.379538 0.758029 0.0127317 0.605496 0.468531 0.137519 0.22756 0.45751 0.188513 0.215316 0.801031 0.564563 0.922431 0.0238319 0.216701 0.406337 0.979192 0.919884 0.0415549 0.770811 0.789789 0.739525 0.353522 0.201455 0.150707 0.282282 0.46017 0.914427 0.0123235 0.95198 0.720333 0.24549 0.332489 0.344246 0.265867 0.82406 0.0501484 0.0912932 0.684839 0.162627 0.673782 0.499831 0.789645 0.355236 0.691619 0.0216271 0.652209 0.651307 0.317187 0.18415 0.939771 0.20123 0.756563 0.861162 0.262777 0.483642 0.386229 0.324417 0.96928 0.923646 0.335672 0.0187521 0.694202 0.780408 0.976382 0.86199 0.145135 0.445745 0.10157 0.94083 0.558251 0.453205 0.846446 0.227085 0.889075 0.583416 0.810245 0.850554 0.513618 0.195756 0.185957 0.0581557 0.350419 0.654471 0.978713 0.765364 0.609942 0.755445 0.63001 0.736757 0.958923 0.626478 0.744879 0.127491 0.898995 0.226432 0.832171 0.7579 0.763288 0.364576 0.934633 0.520261 0.543518 0.118587 0.71246 0.698078 0.00803542 0.381161 0.959381 0.980737 0.482752 0.663413 0.536213 0.273346 0.471246 0.129695 0.934673 0.704075 0.983437 0.238956 0.0910326 0.196647 0.279926 0.736486 0.0200918
0.596956 0.97251 0.963579 0.73419 0.866903 0.29328 0.0533767 0.528462 0.0944712 0.511361 0.562033 0.517504 0.814706 0.929407 0.128291 0.997545 0.71947 0.166565 0.404039 0.0603466 0.3647 0.974326 0.94828 0.762626 0.427659 0.254873 0.721425 0.415367 0.276687 0.967939 0.519928 0.212948 0.215439 0.937459 0.767834 0.365436 0.998643 0.452227 0.124315 0.579892 0.989945 0.757367 0.526614 0.156564 0.588816 0.797588 0.774576 0.518256 0.206514 0.868357 0.755139 0.552747 0.684518 0.978363 0.787418 0.461792 0.508013 0.438864 0.648092 0.670575 0.890279 0.174095 0.784406 0.719554 0.0440691 0.899708 0.894868 0.994908 0.465145 0.773359 0.604475 0.836817 0.490662 0.0705955 0.841446 0.766394 0.521987 0.469193 0.971332 0.140245 0.154404 0.427908 0.280246 0.372604 0.76347 0.264449 0.491649 0.37424 0.351554 0.546274 0.767518 0.209965 0.761844 0.0747607 0.828321 0.72273 0.997621 0.189929 0.798969 0.720806 0.886887 0.046572 0.958522 0.811582 0.577345 0.779783 0.558315 0.770538 0.158924 0.128175 0.738944 0.691792 0.504468 0.534409 0.692225 0.633275 0.63414 0.06789 0.979038 0.735037 0.107191 0.0330882 0.821833 0.108339 0.317304 0.347252 0.976792 0.687552 0.158003 0.61716 0.81706 0.518978 0.583682 0.260248 0.117675 0.326734 0.993607 0.713608 0.718395 0.406096 0.78079 0.260383 0.604397 0.385805 0.512359 0.246305 0.0552911 0.282529 0.751075 0.841916 0.937542 0.140738 0.0981776 0.566657 0.385971 0.701272 0.248785 0.349285 0.120195 0.399998 0.560528 0.280516 0.549705 0.175844 0.402804 0.499204 0.891524 0.460613 0.500727 0.71191 0.635633 0.671108 0.529764 0.98937 0.194777 0.405383 0.616458 0.980532 0.0363693 0.963132 0.367318 0.267007 0.634705 0.97571 0.316098 0.499113 0.300461 0.0658096 0.794055 0.648186 0.759404 0.512279 0.074403 0.756475 0.569044 0.457682 0.612718 0.191104 0.798282 0.525826
0.324687 0.937747 0.797324 0.209391 0.955665 0.26331 0.90485 0.223159 0.0698477 0.65003 0.855363 0.00461731 0.104645 0.729361 0.804856 0.655674 0.199844 0.978104 0.651777 0.552699 0.201719 0.540416 0.503116 0.305834 0.720161 0.986874 0.435212 0.153319 0.79169 0.153038 0.294414 0.86073 0.738278 0.556997 0.264694 0.338341 0.29492 0.793323 0.0792537 0.193876 0.987571 0.804825 0.622833 0.377637 0.337408 0.502704 0.398689 0.986934 0.777818 0.68013 0.729867 0.863216 0.337185 0.740645 0.811702 0.737876 0.94342 0.921989 0.279765 0.809636 0.856374 0.468775 0.771938 0.0117513 0.144348 0.654367 0.88976 0.0279118 0.286041 0.0830693 0.226724 0.371313 0.537542 0.220126 0.903487 0.380622 0.633623 0.225524 0.371676 0.719763 0.974975 0.759539 0.906439 0.20913 0.516859 0.797128 0.726607 0.506215 0.0983999 0.689938 0.986357 0.67114 0.694572 0.966567 0.54789 0.949544 0.9027 0.42243 0.892876 0.183717 0.88417 0.882844 0.91648 0.604993 0.317391 0.292187 0.184097 0.824909 0.811753 0.874169 0.693188 0.369809 0.698144 0.328999 0.182737 0.210217 0.266525 0.553491 0.844126 0.579647 0.11248 0.433567 0.549418 0.231552 0.655255 0.961631 0.460395 0.956011 0.43338 0.222429 0.332293 0.586129 0.437971 0.150973 0.433959 0.611027 0.437979 0.932789 0.263051 0.395491 0.228431 0.0320681 0.114746 0.374004 0.99427 0.442138 0.478042 0.19741 0.182623 0.0859798 0.613172 0.269917 0.172781 0.389392 0.295044 0.116718 0.726654 0.135599 0.421532 0.530039 0.854145 0.442687 0.171135 0.893517 0.74337 0.262999 0.0226249 0.860034 0.295992 0.756492 0.507638 0.615965 0.406576 0.755134 0.70871 0.791243 0.52752 0.835838 0.534215 0.522343 0.269464 0.716913 0.858544 0.345332 0.128843 0.0368928 0.926755 0.133429 0.261471 0.953499 0.852685 0.858443 0.978522 0.424308 0.195142 0.553504 0.431457 0.370316 0.889238 0.29792
0.271501 0.186452 0.972968 0.354196 0.107674 0.108526 0.643016 0.164334 0.391094 0.879457 0.739689 0.557145 0.618722 0.455687 0.392621 0.0190814 0.252902 0.162149 0.439096 0.284545 0.717412 0.787293 0.583682 0.387692 0.0925784 0.0205775 0.904505 0.87358 0.975651 0.449168 0.905814 0.992125 0.884507 0.00617176 0.774083 0.341371 0.878748 0.662239 0.783442 0.923253 0.0613609 0.786597 0.883351 0.51172 0.625712 0.88567 0.837054 0.735642 0.447445 0.120718 0.962509 0.765194 0.120599 0.795185 0.0419289 0.488703 0.828193 0.734873 0.575014 0.84608 0.638999 0.795044 0.198192 0.792542 0.781019 0.975288 0.304643 0.191746 0.968953 0.00622962 0.130629 0.774095 0.562427 0.225198 0.200703 0.0701106 0.404151 0.101829 0.368518 0.999416 0.806413 0.780613 0.279113 0.450647 0.000959759 0.263506 0.904795 0.021263 0.0764488 0.957685 0.658136 0.545437 0.171595 0.603681 0.144202 0.356348 0.384167 0.978549 0.419221 0.865479 0.870454 0.48381 0.903898 0.708666 0.760023 0.529527 0.0298816 0.714807 0.477163 0.369228 0.659255 0.404562 0.487793 0.536595 0.883965 0.537112 0.271765 0.571698 0.32272 0.174057 0.705359 0.733169 0.0336015 0.716189 0.163975 0.611815 0.155207 0.823328 0.284254 0.723731 0.42103 0.662069 0.903097 0.750316 0.760427 0.170576 0.579116 0.553043 0.851433 0.671748 0.517536 0.798082 0.810903 0.729676 0.476679 0.436135 0.962573 0.056041 0.493176 0.972977 0.182256 0.316761 0.881095 0.347554 0.927725 0.378045 0.436218 0.692513 0.460558 0.187067 0.691334 0.378632 0.625097 0.628316 0.0335324 0.829151 0.314405 0.828119 0.106708 0.701638 0.499986 0.444562 0.0691061 0.526777 0.774534 0.263591 0.265844 0.550945 0.842469 0.999373 0.746851 0.189605 0.375702 0.544624 0.460849 0.426016 0.489552 0.97348 0.757523 0.131964 0.602407 0.0636207 0.635814 0.134626 0.245739 0.0725337 0.877191 0.857977 0.300193 0.17995
0.039552 0.422315 0.798657 0.148354 0.934655 0.561918 0.972135 0.931947 0.87027 0.836946 0.424517 0.214283 0.23537 0.99866 0.592735 0.747627 0.903453 0.439575 0.584244 0.908942 0.907487 0.44203 0.831636 0.434904 0.360204 0.000882363 0.590037 0.233738 0.713008 0.797325 0.468971 0.551741 0.555667 0.71661 0.647571 0.952884 0.639898 0.227708 0.0664739 0.83704 0.913706 0.155073 0.648549 0.630163 0.133321 0.0475208 0.907032 0.975625 0.449012 0.0313317 0.430627 0.463174 0.806359 0.0128691 0.964512 0.762232 0.124808 0.0928764 0.279519 0.862451 0.438014 0.413905 0.925752 0.0478079 0.0228245 0.19314 0.219839 0.306445 0.523033 0.727797 0.993002 0.395806 0.263929 0.0462101 0.664828 0.527608 0.504567 0.973594 0.783315 0.0360392 0.584353 0.318764 0.486933 0.822051 0.113236 0.439888 0.0917302 0.674525 0.361746 0.115172 0.173308 0.267694 0.172488 0.976824 0.742327 0.432951 0.774869 0.436195 0.243628 0.609353 0.935057 0.949108 0.0103462 0.67957 0.384139 0.454207 0.118572 0.466024 0.3318 0.344998 0.205841 0.109505 0.402278 0.850504 0.666955 0.736851 0.356889 0.808555 0.38141 0.741613 0.995045 0.866028 0.3086 0.742456 0.700592 0.693749 0.605785 0.5642 0.243906 0.690068 0.93011 0.450362 0.128765 0.635996 0.538423 0.807817 0.119651 0.192621 0.0807254 0.316455 0.950882 0.47768 0.178495 0.575 0.139122 0.523904 0.607501 0.312121 0.912884 0.834853 0.449457 0.19123 0.427181 0.984599 0.173733 0.597728 0.676289 0.873155 0.660109 0.101945 0.549178 0.894529 0.506536 0.738676 0.453693 0.916957 0.291615 0.760128 0.54924 0.173241 0.619151 0.312197 0.0642913 0.818745 0.57012 0.409703 0.866602 0.319343 0.851417 0.492681 0.704805 0.182929 0.286801 0.780216 0.236748 0.14666 0.666981 0.606805 0.858911 0.5539 0.729488 0.175083 0.935243 0.324404 0.257925 0.799231 0.456568 0.76317 0.500255 0.474288
0.259351 0.354465 0.164983 0.0635261 0.742873 0.99561 0.21676 0.145639 0.64154 0.890801 0.79549 0.79055 0.812009 0.613085 0.239543 0.310857 0.0904679 0.0191621 0.454058 0.966018 0.50298 0.913229 0.0948849 0.505903 0.465004 0.418827 0.598277 0.469144 0.96054 0.864793 0.0216334 0.495168 0.244786 0.635389 0.511328 0.327413 0.58003 0.715104 0.984238 0.914961 0.705297 0.700898 0.910302 0.351623 0.848491 0.0072898 0.240147 0.366706 0.83334 0.218719 0.568346 0.37346 0.940566 0.607309 0.599089 0.00194842 0.798655 0.620761 0.793335 0.809747 0.202564 0.480239 0.530465 0.932001 0.175039 0.940447 0.274724 0.258666 0.262682 0.0140643 0.330645 0.827178 0.882461 0.758219 0.440232 0.556784 0.13483 0.750081 0.035097 0.085001 0.388937 0.389184 0.319036 0.781628 0.178766 0.30218 0.536851 0.320739 0.0396017 0.397762 0.472941 0.648779 0.887 0.590886 0.716916 0.316012 0.198987 0.469288 0.821024 0.242585 0.923994 0.0112398 0.727501 0.363458 0.566118 0.265864 0.810648 0.213813 0.775655 0.748986 0.666128 0.86913 0.68856 0.372987 0.169417 0.243297 0.0542837 0.477006 0.509688 0.546376 0.407806 0.624924 0.00291287 0.985778 0.972955 0.235365 0.322488 0.683942 0.209917 0.139121 0.853487 0.31824 0.0434544 0.654684 0.876084 0.400099 0.243108 0.600936 0.329339 0.0672505 0.469607 0.235216 0.346825 0.78316 0.304823 0.310374 0.893492 0.545565 0.59886 0.150577 0.807297 0.854916 0.810452 0.867171 0.588105 0.121699 0.937913 0.813798 0.41596 0.329181 0.603773 0.930638 0.341932 0.99365 0.0152592 0.191433 0.862089 0.95453 0.973536 0.617333 0.637209 0.717989 0.122147 0.0450925 0.805356 0.350296 0.277871 0.497809 0.432212 0.0779696 0.320342 0.0367238 0.141017 0.0027409 0.505024 0.324145 0.473288 0.485488 0.87061 0.996406 0.608197 0.313653 0.624998 0.0327633 0.0597577 0.250273 0.0865749 0.679004 0.934626 0.999687
0.997655 0.0126951 0.0139978 0.259954 0.469258 0.774605 0.467543 0.00960303 0.499505 0.263224 0.857703 0.14908 0.528303 0.187414 0.991996 0.501646 0.620109 0.716726 0.293411 0.623023 0.986787 0.429792 0.676756 0.251151 0.0713035 0.832602 0.217047 0.352953 0.691571 0.706418 0.307706 0.562464 0.76236 0.00558205 0.982718 0.304439 0.928249 0.264195 0.419091 0.330267 0.785168 0.721888 0.150577 0.652123 0.29625 0.55434 0.553746 0.27544 0.887078 0.630988 0.85722 0.0382006 0.898345 0.750556 0.685738 0.226575 0.277324 0.760891 0.817245 0.356845 0.233149 0.525915 0.518237 0.0469319 0.365374 0.256793 0.505023 0.72581 0.518814 0.27811 0.689202 0.778294 0.439907 0.153143 0.497731 0.790229 0.46825 0.193164 0.700475 0.178624 0.237424 0.3389 0.598239 0.432141 0.330922 0.0426014 0.792119 0.331419 0.210822 0.925764 0.135987 0.159089 0.617652 0.724511 0.415042 0.959265 0.502169 0.116289 0.904835 0.226785 0.452145 0.141072 0.816956 0.663945 0.54682 0.389349 0.404118 0.316174 0.0742419 0.427959 0.730447 0.211694 0.407903 0.643653 0.748732 0.417461 0.50975 0.0291234 0.233634 0.995943 0.923478 0.848694 0.314548 0.0809251 0.0119085 0.863397 0.406159 0.0948439 0.399449 0.155005 0.794881 0.00227893 0.998438 0.620982 0.374449 0.172202 0.544339 0.416418 0.796774 0.626575 0.337463 0.149953 0.3017 0.406736 0.0605925 0.0906884 0.0509665 0.485659 0.337452 0.336518 0.380877 0.909095 0.894537 0.235393 0.0276412 0.0308095 0.147825 0.741139 0.190613 0.760282 0.483475 0.643162 0.557638 0.104829 0.155389 0.434975 0.307118 0.201153 0.296482 0.211114 0.225851 0.969693 0.697641 0.559815 0.98104 0.189619 0.0451986 0.530427 0.329018 0.991843 0.751255 0.0789557 0.604739 0.663945 0.195423 0.00333713 0.836907 0.625706 0.469604 0.117941 0.28267 0.784934 0.36478 0.152287 0.154534 0.77747 0.0242658 0.0448597 0.889884 0.957512
0.149666 0.651129 0.338945 0.580395 0.280626 0.0290323 0.201448 0.293948 0.107303 0.857678 0.526436 0.206253 0.581086 0.875749 0.134253 0.720474 0.9293 0.999557 0.364569 0.811531 0.224296 0.754156 0.543723 0.846614 0.133552 0.867299 0.58271 0.809883 0.493207 0.828241 0.382707 0.259765 0.99551 0.881494 0.509504 0.105195 0.120708 0.497383 0.462184 0.36158 0.919511 0.70629 0.924997 0.880148 0.827647 0.367048 0.550482 0.965855 0.352737 0.722592 0.681245 0.241933 0.484212 0.74017 0.791815 0.160894 0.189516 0.779353 0.0170516 0.629834 0.345372 0.380594 0.971257 0.153819 0.135074 0.760303 0.753686 0.0495897 0.713341 0.133643 0.599021 0.589294 0.274303 0.58567 0.0642665 0.112997 0.830715 0.751301 0.421965 0.61632 0.859357 0.737811 0.325587 0.119969 0.523373 0.615134 0.386866 0.383605 0.738886 0.184629 0.936178 0.919581 0.902419 0.709395 0.507973 0.547058 0.769827 0.962743 0.941286 0.774877 0.322447 0.317768 0.0715929 0.702484 0.970825 0.0797895 0.893124 0.966754 0.106547 0.0460225 0.840425 0.330922 0.321671 0.0236628 0.669516 0.559472 0.171073 0.289002 0.493751 0.197768 0.756134 0.321295 0.193153 0.304309 0.375079 0.100081 0.341828 0.242175 0.165915 0.829723 0.795102 0.726905 0.828135 0.966316 0.64382 0.538686 0.550517 0.749094 0.736724 0.212755 0.292462 0.904884 0.783788 0.138257 0.572133 0.161723 0.711242 0.460622 0.116021 0.586143 0.830856 0.691196 0.391337 0.300078 0.539999 0.637503 0.799937 0.263256 0.161713 0.579201 0.0348313 0.875608 0.570332 0.3599 0.34833 0.916613 0.408688 0.849678 0.509518 0.827776 0.100846 0.949438 0.76888 0.551619 0.406435 0.11254 0.138572 0.326458 0.532601 0.732644 0.892498 0.047619 0.247004 0.450508 0.665659 0.460539 0.23975 0.0885904 0.758706 0.757606 0.498511 0.745401 0.70979 0.763773 0.717659 0.508058 0.706233 0.691464 0.416102 0.969309
0.377512 0.458356 0.875275 0.494177 0.985558 0.731625 0.983611 0.64259 0.643593 0.771812 0.739542 0.382924 0.26601 0.154976 0.157302 0.121233 0.0526375 0.363565 0.815937 0.230417 0.823554 0.807873 0.799873 0.468241 0.0806415 0.48003 0.690295 0.481273 0.956785 0.276767 0.733164 0.0069313 0.439782 0.0854235 0.883196 0.0274826 0.955156 0.454577 0.707742 0.733787 0.0973329 0.206576 0.925343 0.652192 0.173101 0.471488 0.0504538 0.00947998 0.930969 0.563088 0.454021 0.805571 0.298054 0.502042 0.490963 0.00785519 0.538291 0.409216 0.359507 0.182539 0.909288 0.389897 0.67122 0.739702 0.656424 0.910426 0.598009 0.228521 0.966909 0.972974 0.404154 0.306498 0.0873158 0.127928 0.540398 0.316536 0.777438 0.818661 0.829862 0.952348 0.686437 0.223517 0.775401 0.122122 0.902813 0.892825 0.921219 0.70671 0.0204321 0.435226 0.0806445 0.711885 0.810055 0.692666 0.685821 0.0644712 0.990959 0.340189 0.388127 0.990169 0.520122 0.440344 0.643541 0.484994 0.976836 0.484915 0.868738 0.974772 0.419559 0.931814 0.819036 0.168109 0.89544 0.712672 0.935392 0.367998 0.697242 0.0408038 0.873736 0.267367 0.144129 0.39227 0.19779 0.637366 0.606968 0.921291 0.969409 0.974389 0.534687 0.906188 0.401577 0.0819177 0.846391 0.603738 0.250276 0.662453 0.398414 0.0518578 0.924692 0.705967 0.14402 0.833836 0.812355 0.265238 0.0782975 0.120739 0.456461 0.82777 0.863474 0.921931 0.425728 0.886694 0.43421 0.946791 0.105422 0.0359128 0.576534 0.978337 0.137996 0.302309 0.270566 0.126316 0.703424 0.998957 0.547251 0.653382 0.0120787 0.670205 0.933926 0.349107 0.273651 0.107553 0.72164 0.95344 0.0635593 0.140642 0.024119 0.0415354 0.156261 0.305418 0.410915 0.881713 0.727143 0.782845 0.850262 0.39986 0.218672 0.845281 0.00341104 0.754543 0.904409 0.534594 0.776719 0.662676 0.184927 0.183916 0.0908879 0.86606 0.251533 0.698134
0.556235 0.592893 0.685256 0.223641 0.126308 0.977568 0.956305 0.974137 0.837588 0.241301 0.395215 0.861079 0.0460589 0.169559 0.590868 0.856087 0.518359 0.938015 0.825752 0.530725 0.0353508 0.994905 0.448925 0.918196 0.145599 0.403194 0.314771 0.58928 0.156741 0.660407 0.274214 0.703628 0.352246 0.656866 0.138921 0.175285 0.642773 0.223279 0.424677 0.520448 0.363282 0.213749 0.829449 0.0209184 0.137691 0.364349 0.264704 0.0563107 0.504894 0.90866 0.111358 0.782375 0.9339 0.0563354 0.19304 0.406508 0.166214 0.541689 0.892092 0.380482 0.736835 0.830106 0.88291 0.407709 0.00445681 0.66602 0.290583 0.332333 0.927583 0.808282 0.717278 0.265455 0.156124 0.497783 0.915318 0.481578 0.787095 0.712432 0.966306 0.179239 0.29728 0.591272 0.00934621 0.630437 0.362493 0.537762 0.338095 0.875482 0.181218 0.857236 0.0915618 0.246327 0.941538 0.735473 0.549964 0.561694 0.916504 0.346142 0.89749 0.578799 0.795705 0.0751724 0.627784 0.818653 0.0701143 0.0514749 0.426447 0.400435 0.0573772 0.159974 0.3053 0.760277 0.987665 0.378765 0.788298 0.490315 0.426163 0.886489 0.780954 0.456062 0.225643 0.523776 0.302461 0.854801 0.372059 0.792971 0.6912 0.646548 0.0255936 0.290927 0.353556 0.555517 0.554518 0.659629 0.189548 0.0578728 0.000730738 0.130671 0.494057 0.183183 0.597894 0.965809 0.832397 0.870048 0.0225956 0.903201 0.386145 0.773547 0.836103 0.301824 0.653489 0.851864 0.656775 0.732052 0.183543 0.0422868 0.4079 0.895133 0.491467 0.979194 0.951211 0.345819 0.917551 0.410821 0.0289016 0.51724 0.191021 0.338145 0.211722 0.389304 0.731021 0.566973 0.636089 0.406 0.290082 0.862079 0.404327 0.1984 0.492682 0.648506 0.18029 0.210746 0.0693581 0.995051 0.611046 0.362513 0.0561795 0.712858 0.984855 0.291523 0.201639 0.370554 0.856063 0.850493 0.873611 0.84487 0.0453005 0.149731 0.981812 0.32341
0.576614 0.98856 0.331938 0.28902 0.20826 0.32642 0.265243 0.634209 0.409758 0.633083 0.191097 0.546306 0.433127 0.110451 0.637528 0.726622 0.16325 0.260236 0.559387 0.98549 0.336215 0.389055 0.862508 0.886093 0.0295906 0.546151 0.160838 0.590281 0.179121 0.0360387 0.00515459 0.535395 0.143313 0.65523 0.508456 0.6887 0.640373 0.586256 0.048796 0.0127814 0.829208 0.493908 0.787183 0.994563 0.567102 0.611724 0.0863976 0.358306 0.134823 0.162452 0.972174 0.596886 0.539214 0.398469 0.617296 0.960979 0.72268 0.631763 0.219074 0.672116 0.960985 0.470015 0.979361 0.442345 0.420811 0.918014 0.689668 0.222838 0.40927 0.304721 0.793355 0.290081 0.225873 0.621673 0.498397 0.887196 0.154075 0.503698 0.596125 0.0842397 0.00958673 0.675059 0.806285 0.696583 0.798153 0.0804036 0.625247 0.627181 0.909475 0.313486 0.603303 0.353719 0.748318 0.237971 0.491302 0.980742 0.512944 0.545065 0.667669 0.954989 0.102126 0.924914 0.46709 0.0536846 0.592696 0.852737 0.771285 0.157134 0.137569 0.925001 0.310769 0.460075 0.893684 0.409702 0.786578 0.715409 0.253317 0.555349 0.273345 0.881542 0.976505 0.668868 0.779231 0.611826 0.0575604 0.456746 0.225281 0.54109 0.927449 0.605424 0.141212 0.180828 0.111472 0.231527 0.0661184 0.0263875 0.663881 0.582102 0.937678 0.822538 0.906234 0.459485 0.639398 0.554183 0.561671 0.77625 0.0826719 0.514184 0.512632 0.652725 0.372085 0.544002 0.434315 0.497112 0.705046 0.766289 0.851656 0.676156 0.742601 0.579594 0.289633 0.626384 0.0553849 0.797131 0.419214 0.80545 0.207621 0.0286931 0.994436 0.80259 0.994319 0.919411 0.826575 0.46287 0.956877 0.44429 0.225199 0.129443 0.985976 0.963274 0.742379 0.0150099 0.647705 0.295132 0.483032 0.4641 0.738426 0.494567 0.136445 0.319474 0.992676 0.604939 0.653002 0.976829 0.625161 0.00872718 0.303041 0.339524 0.0946779 0.280821
0.490089 0.764053 0.362499 0.744299 0.947339 0.860712 0.332285 0.445972 0.0224734 0.815407 0.649071 0.080408 0.0931125 0.0679561 0.134812 0.578598 0.0552905 0.625153 0.464994 0.924271 0.900846 0.843362 0.0364061 0.188811 0.125041 0.346247 0.41133 0.65202 0.762642 0.899435 0.624233 0.410122 0.0451229 0.164713 0.200924 0.56574 0.580274 0.173344 0.338552 0.744677 0.718829 0.69906 0.23223 0.195669 0.1809 0.0403407 0.216443 0.263528 0.782606 0.589588 0.0950621 0.644634 0.311446 0.227396 0.0381064 0.561147 0.882022 0.14314 0.599266 0.676042 0.27261 0.72427 0.0953081 0.90449 0.224527 0.571638 0.653581 0.843203 0.91602 0.839164 0.775939 0.706335 0.511258 0.123482 0.349976 0.184055 0.577156 0.771588 0.103094 0.17775 0.810724 0.993292 0.108013 0.427734 0.128519 0.116719 0.253448 0.309295 0.374519 0.893119 0.701293 0.616939 0.0500524 0.754841 0.681861 0.395893 0.71356 0.221154 0.129672 0.636905 0.715615 0.00589923 0.475841 0.0433692 0.208094 0.64798 0.0553505 0.595639 0.286626 0.552075 0.507855 0.635343 0.312537 0.949687 0.0769436 0.00409324 0.534419 0.0939609 0.968516 0.672471 0.559653 0.910016 0.485938 0.942695 0.0700039 0.659173 0.421714 0.633991 0.586131 0.741359 0.899719 0.178639 0.178591 0.0371987 0.984917 0.255426 0.97978 0.721092 0.404972 0.000478533 0.573003 0.998816 0.989014 0.552205 0.510936 0.482409 0.0538601 0.277456 0.956468 0.389772 0.0644898 0.47636 0.93921 0.497881 0.357654 0.418669 0.0530629 0.0463827 0.796374 0.538969 0.721258 0.986873 0.442643 0.55487 0.687452 0.793272 0.771861 0.478158 0.458175 0.870177 0.268202 0.653741 0.550673 0.679893 0.360571 0.548138 0.751645 0.883552 0.249549 0.836311 0.812421 0.00203594 0.291934 0.97239 0.156761 0.626276 0.417546 0.4791 0.104866 0.816235 0.909188 0.576608 0.965472 0.0530661 0.721393 0.0936396 0.91135 0.911356 0.964761 0.166251
0.480987 0.948804 0.444633 0.528888 0.0461132 0.0788051 0.0925846 0.125905 0.706659 0.408802 0.404096 0.198694 0.393218 0.703735 0.482288 0.666964 0.720374 0.678995 0.252334 0.0762278 0.461439 0.990037 0.592425 0.0452463 0.76817 0.44611 0.250301 0.587847 0.710127 0.442981 0.813602 0.915818 0.92159 0.454237 0.591468 0.885434 0.671369 0.538034 0.360505 0.386214 0.724287 0.162999 0.904707 0.574127 0.221199 0.455539 0.242825 0.855805 0.260575 0.0143471 0.927327 0.209735 0.942884 0.754272 0.68236 0.753792 0.153169 0.592353 0.598705 0.869967 0.998467 0.299538 0.220358 0.0467669 0.398159 0.643797 0.904141 0.834581 0.856658 0.325223 0.926955 0.304799 0.184242 0.397131 0.452609 0.0431433 0.132401 0.754724 0.0871849 0.200172 0.479795 0.289354 0.961991 0.281056 0.777066 0.0240894 0.503356 0.677543 0.545732 0.490347 0.881966 0.68233 0.572641 0.198324 0.904131 0.810348 0.0541375 0.885086 0.148989 0.726067 0.816293 0.224705 0.794051 0.962113 0.284009 0.868195 0.194979 0.279295 0.027692 0.400768 0.687805 0.672008 0.0367085 0.163 0.755047 0.230339 0.287823 0.596446 0.41031 0.491434 0.0195004 0.787874 0.75174 0.949226 0.601046 0.775487 0.0905193 0.778688 0.214593 0.0662353 0.497705 0.47204 0.453613 0.54313 0.745505 0.0913221 0.0730753 0.20334 0.0455003 0.786164 0.343307 0.0253089 0.334768 0.346981 0.568684 0.100106 0.140476 0.597773 0.621549 0.660401 0.491636 0.624003 0.134383 0.862304 0.861761 0.292903 0.373895 0.619943 0.896535 0.89124 0.360756 0.202665 0.393456 0.778909 0.469417 0.876666 0.630324 0.47525 0.945731 0.179327 0.922281 0.70384 0.476837 0.567062 0.573835 0.405386 0.308742 0.503734 0.743491 0.205101 0.539159 0.559555 0.00452736 0.508661 0.268285 0.483021 0.813904 0.192858 0.985353 0.567384 0.544625 0.313868 0.604516 0.0728167 0.880157 0.572077 0.860199 0.687427 0.767369 0.0667825
0.357419 0.507353 0.498717 0.103562 0.338597 0.00708766 0.77458 0.401597 0.459576 0.0148811 0.857298 0.339514 0.144319 0.396189 0.60808 0.326194 0.512177 0.277769 0.109096 0.337135 0.916698 0.87245 0.421 0.131236 0.0689663 0.997699 0.131614 0.802108 0.171763 0.307171 0.178405 0.621092 0.126358 0.754029 0.173888 0.515558 0.283447 0.329668 0.568884 0.636047 0.477508 0.672359 0.763496 0.345812 0.427802 0.734117 0.72721 0.572417 0.925261 0.433196 0.0666298 0.968677 0.449143 0.52679 0.40132 0.372734 0.527592 0.928646 0.232136 0.142231 0.913414 0.971651 0.914375 0.0540163 0.448696 0.283764 0.329102 0.896967 0.515767 0.440709 0.873771 0.220162 0.492571 0.974433 0.529811 0.17644 0.670612 0.572522 0.509918 0.906161 0.0945067 0.525007 0.698822 0.215348 0.121162 0.523131 0.539613 0.66966 0.650609 0.510766 0.512015 0.767969 0.680024 0.0222384 0.622435 0.0703226 0.6079 0.88392 0.509906 0.866654 0.780957 0.0488795 0.960253 0.0593656 0.403329 0.620139 0.316489 0.0389278 0.46304 0.623768 0.826837 0.827634 0.0820636 0.667212 0.523631 0.186247 0.0704055 0.906822 0.0409882 0.267946 0.869502 0.206149 0.272267 0.699924 0.643249 0.978081 0.30698 0.873118 0.361027 0.152748 0.27972 0.412321 0.369477 0.857338 0.852862 0.734367 0.615628 0.381627 0.094152 0.231455 0.569887 0.966807 0.308659 0.877583 0.592221 0.947083 0.739815 0.120291 0.362022 0.100535 0.239169 0.207501 0.768079 0.68994 0.757022 0.517252 0.324353 0.805769 0.204832 0.779324 0.538169 0.226195 0.508372 0.532669 0.663594 0.746062 0.849659 0.699272 0.608601 0.764559 0.14999 0.68985 0.692506 0.969833 0.138472 0.391998 0.448084 0.0931657 0.0451956 0.827261 0.531877 0.196195 0.524637 0.227872 0.0238346 0.0950673 0.0124476 0.699691 0.212893 0.425639 0.65099 0.673817 0.733179 0.12451 0.262424 0.717577 0.504005 0.764491 0.0663943 0.844874
0.413267 0.679332 0.717164 0.728946 0.140017 0.818627 0.0998736 0.931106 0.185139 0.301375 0.935986 0.419026 0.968846 0.145615 0.289589 0.069534 0.221344 0.345139 0.678465 0.513939 0.860619 0.231621 0.395438 0.586767 0.399137 0.573722 0.640687 0.751297 0.0855234 0.716758 0.442922 0.663461 0.43657 0.204914 0.757034 0.370873 0.401474 0.504867 0.460135 0.142455 0.500432 0.950721 0.876759 0.807926 0.738447 0.174382 0.481146 0.365526 0.333049 0.693603 0.846614 0.0631356 0.760296 0.683108 0.150663 0.93728 0.222914 0.06508 0.485313 0.908848 0.431349 0.243361 0.589498 0.48717 0.0420248 0.480994 0.917808 0.552373 0.577329 0.620603 0.514081 0.978693 0.590707 0.338215 0.503178 0.559404 0.583685 0.835633 0.217141 0.602931 0.603959 0.462789 0.203355 0.490449 0.242698 0.933826 0.569619 0.577131 0.311822 0.287733 0.158579 0.412918 0.103699 0.603436 0.793913 0.0979474 0.880273 0.935591 0.843105 0.301246 0.805157 0.712627 0.134882 0.385077 0.226931 0.490234 0.285583 0.589319 0.854793 0.767642 0.928956 0.222382 0.0307471 0.627017 0.00957972 0.187575 0.355281 0.243959 0.530388 0.766582 0.729396 0.23058 0.331382 0.672556 0.31038 0.92698 0.726068 0.81639 0.269136 0.125749 0.0885573 0.22942 0.533823 0.351468 0.421106 0.121053 0.111688 0.59251 0.38908 0.150943 0.774171 0.809678 0.598431 0.533024 0.158484 0.452064 0.241693 0.784932 0.362324 0.430135 0.639591 0.952207 0.581122 0.179733 0.215047 0.641647 0.424462 0.0791546 0.168607 0.121295 0.673575 0.45585 0.382816 0.0383857 0.436872 0.795096 0.15921 0.225943 0.725756 0.0154719 0.761289 0.767247 0.442088 0.654277 0.319982 0.327875 0.721704 0.761297 0.381515 0.0195323 0.0647642 0.216931 0.222961 0.231636 0.441142 0.363513 0.332574 0.87705 0.473306 0.588391 0.625812 0.265324 0.277026 0.583935 0.292084 0.293042 0.425093 0.0565224 0.956539 0.305638
0.794428 0.99049 0.583452 0.480994 0.552971 0.971181 0.562941 0.113769 0.063121 0.146357 0.162126 0.380637 0.199325 0.377253 0.0110358 0.0426963 0.41887 0.122698 0.608177 0.523769 0.209867 0.594798 0.993011 0.978712 0.896207 0.328796 0.912196 0.0509345 0.42065 0.0136384 0.116421 0.90667 0.173152 0.955014 0.00682822 0.0989784 0.85425 0.874052 0.721503 0.415863 0.363517 0.88037 0.764689 0.874399 0.130685 0.538176 0.140944 0.87856 0.937269 0.167657 0.510556 0.419123 0.175054 0.470012 0.571924 0.836287 0.481726 0.277386 0.455922 0.477343 0.664669 0.34151 0.214161 0.714153 0.172775 0.921889 0.0813787 0.679067 0.116902 0.0384769 0.980361 0.392546 0.170594 0.686464 0.703909 0.0633011 0.30408 0.958282 0.0340766 0.778213 0.83493 0.266976 0.11466 0.321225 0.16439 0.286623 0.699075 0.879958 0.573469 0.0712259 0.03646 0.509605 0.242734 0.570081 0.502351 0.685704 0.625966 0.128661 0.795607 0.543874 0.284337 0.872241 0.139575 0.86834 0.473018 0.883025 0.153334 0.312341 0.310709 0.099521 0.101045 0.229723 0.899504 0.11163 0.260894 0.422259 0.625529 0.101792 0.467474 0.189846 0.220346 0.302953 0.619694 0.0357945 0.439595 0.798887 0.53183 0.70674 0.307411 0.765012 0.818335 0.638228 0.340153 0.863395 0.448446 0.531594 0.683646 0.150495 0.439557 0.992257 0.634477 0.537913 0.439936 0.0444043 0.404847 0.648584 0.411511 0.559978 0.709441 0.0760217 0.50975 0.919163 0.942843 0.493763 0.550546 0.217085 0.731119 0.473754 0.651102 0.92349 0.851805 0.483993 0.901011 0.332724 0.206256 0.795453 0.826799 0.612447 0.0203247 0.137026 0.106869 0.320542 0.476912 0.86789 0.697506 0.534097 0.231719 0.649329 0.423101 0.562658 0.848331 0.680251 0.851649 0.555724 0.924339 0.509966 0.104996 0.760865 0.297849 0.782781 0.339724 0.949149 0.911036 0.394612 0.358021 0.443523 0.691343 0.953795 0.499179 0.96603
0.461852 0.724169 0.185072 0.529141 0.707193 0.0108389 0.0683698 0.886021 0.0484278 0.9 0.664324 0.0981589 0.903665 0.524514 0.0408136 0.326659 0.859742 0.905474 0.322852 0.809927 0.501119 0.802468 0.397452 0.61954 0.572754 0.63693 0.0675587 0.861319 0.656717 0.339334 0.410533 0.430989 0.948266 0.259101 0.559449 0.365344 0.0245601 0.628689 0.820702 0.668271 0.371705 0.162796 0.56379 0.820688 0.704535 0.953881 0.378983 0.968827 0.15498 0.438957 0.471711 0.852287 0.643779 0.578169 0.412299 0.369908 0.0754412 0.483279 0.146613 0.993647 0.187853 0.640058 0.13601 0.497127 0.958237 0.13596 0.0280102 0.513822 0.884806 0.968772 0.944844 0.616135 0.417308 0.029286 0.863962 0.566838 0.117385 0.24119 0.380738 0.953643 0.354055 0.512952 0.388291 0.856003 0.10801 0.779995 0.108184 0.69506 0.0625854 0.436652 0.188616 0.980292 0.586146 0.114474 0.442163 0.845527 0.653266 0.0825575 0.549671 0.674224 0.0954888 0.248197 0.229932 0.792465 0.134692 0.949163 0.830597 0.242356 0.587796 0.460064 0.649092 0.339232 0.246221 0.929753 0.968365 0.644351 0.83641 0.471575 0.272807 0.340577 0.513698 0.259631 0.118869 0.893381 0.870373 0.822478 0.442017 0.791273 0.483513 0.141089 0.00908185 0.0617349 0.0289169 0.53262 0.825802 0.53919 0.226179 0.381098 0.639312 0.663008 0.785285 0.200876 0.341986 0.295691 0.541877 0.382912 0.41922 0.412844 0.554627 0.574953 0.144324 0.679146 0.0304827 0.138444 0.541237 0.172227 0.958461 0.691211 0.789638 0.0347084 0.0326212 0.516162 0.444303 0.320749 0.297934 0.120584 0.196934 0.465481 0.710875 0.435391 0.423207 0.0874653 0.684905 0.283761 0.94275 0.79022 0.000649141 0.90069 0.543013 0.417686 0.694769 0.502783 0.493844 0.775274 0.710968 0.761958 0.500887 0.564147 0.553523 0.290318 0.716229 0.652573 0.349646 0.379333 0.184989 0.245541 0.597618 0.705383 0.830537 0.393033
0.864428 0.766141 0.831596 0.899044 0.58558 0.677693 0.561064 0.638182 0.828391 0.355114 0.369406 0.941142 0.0262038 0.194035 0.302489 0.462318 0.159191 0.442318 0.998932 0.430555 0.207126 0.474732 0.457077 0.869443 0.817198 0.687273 0.79948 0.5934 0.593228 0.901361 0.283009 0.322198 0.529354 0.117731 0.24644 0.595977 0.589229 0.167909 0.66965 0.0758374 0.109663 0.887979 0.205557 0.320343 0.759233 0.8644 0.293857 0.43829 0.483626 0.165335 0.332611 0.421662 0.394812 0.58084 0.0420552 0.503662 0.882335 0.997422 0.554116 0.230162 0.703865 0.249212 0.935312 0.0821126 0.0177731 0.625619 0.857227 0.621831 0.251591 0.00111331 0.101782 0.779054 0.471962 0.482414 0.275349 0.602982 0.695899 0.130492 0.487792 0.402206 0.428558 0.190943 0.975692 0.492496 0.456845 0.1235 0.126237 0.58244 0.99683 0.423772 0.180335 0.928699 0.549303 0.678058 0.485478 0.634824 0.665599 0.569866 0.157535 0.0289631 0.636703 0.146137 0.547507 0.0532601 0.876906 0.987735 0.480039 0.298638 0.501977 0.46395 0.884089 0.588827 0.456615 0.988318 0.855124 0.938653 0.781029 0.0123526 0.464951 0.00910074 0.460038 0.626333 0.95223 0.239464 0.186752 0.0538762 0.282266 0.566217 0.718273 0.135745 0.492564 0.49281 0.39542 0.0751584 0.797339 0.530075 0.760048 0.35434 0.0949913 0.0696171 0.271167 0.111572 0.852605 0.578156 0.191323 0.80385 0.862203 0.601431 0.0604451 0.235151 0.51795 0.307997 0.989931 0.981438 0.227172 0.719811 0.141523 0.602537 0.176293 0.964081 0.767113 0.0878122 0.344511 0.739794 0.377131 0.509923 0.452832 0.488756 0.122097 0.984606 0.0321293 0.237218 0.546414 0.750953 0.792677 0.184513 0.493612 0.883913 0.719262 0.706329 0.441804 0.752032 0.0618025 0.142742 0.757566 0.289823 0.451996 0.533353 0.562323 0.100498 0.431889 0.140669 0.284517 0.160893 0.495972 0.229858 0.821698 0.503155 0.738565 0.160372
0.39158 0.438611 0.634201 0.719077 0.842518 0.874402 0.36752 0.973415 0.912787 0.252338 0.902906 0.0149101 0.312656 0.895108 0.135378 0.347051 0.335475 0.833796 0.442388 0.502616 0.942238 0.795505 0.3215 0.445011 0.411524 0.439882 0.449437 0.516061 0.490263 0.593425 0.6674 0.892616 0.288209 0.922613 0.626106 0.302085 0.585993 0.684365 0.172269 0.00209599 0.464497 0.822632 0.714751 0.577699 0.390474 0.13084 0.325587 0.503348 0.819124 0.362487 0.399619 0.860645 0.305924 0.226768 0.190359 0.307884 0.0723123 0.867606 0.964616 0.749818 0.681695 0.808651 0.0721889 0.603052 0.597798 0.601734 0.475539 0.684706 0.28106 0.935807 0.278257 0.825405 0.937537 0.443082 0.39818 0.594048 0.14095 0.0414842 0.879132 0.569538 0.0602899 0.339908 0.979267 0.592671 0.483761 0.521306 0.685323 0.0162859 0.417874 0.726467 0.0223515 0.549621 0.79521 0.182309 0.255811 0.868391 0.548024 0.35984 0.502911 0.873477 0.0621238 0.506309 0.141793 0.936314 0.22836 0.686791 0.920951 0.846219 0.582521 0.229465 0.224163 0.0397789 0.855433 0.223829 0.83395 0.0473986 0.931946 0.270342 0.300936 0.502908 0.861894 0.700136 0.411521 0.689281 0.35641 0.640923 0.863691 9.511e-05 0.187102 0.0565023 0.859569 0.0193588 0.98371 0.0271808 0.304342 0.953032 0.104336 0.783287 0.199939 0.402192 0.582836 0.329697 0.11535 0.739538 0.743133 0.204724 0.0227945 0.745711 0.650244 0.374875 0.906536 0.44913 0.268543 0.484895 0.389687 0.955239 0.752644 0.960401 0.843801 0.57572 0.627522 0.0183287 0.114045 0.338573 0.115168 0.353182 0.210367 0.869362 0.66427 0.207619 0.69012 0.488097 0.700104 0.3549 0.746665 0.415073 0.125321 0.930266 0.0996178 0.30168 0.222829 0.898056 0.562662 0.152183 0.899674 0.826847 0.379966 0.101258 0.297572 0.947903 0.691731 0.197761 0.0493304 0.0216705 0.121976 0.364193 0.913149 0.610103 0.359764 0.883838
0.741027 0.813479 0.194525 0.3756 0.873099 0.174042 0.273795 0.947272 0.737564 0.138253 0.0284855 0.143705 0.0249871 0.709266 0.262355 0.242896 0.694754 0.261269 0.967693 0.559276 0.430747 0.693653 0.835902 0.18541 0.71374 0.10954 0.259217 0.0433297 0.110664 0.176946 0.905559 0.249452 0.978734 0.0942547 0.432467 0.59057 0.0897079 0.777582 0.522928 0.661537 0.486484 0.280003 0.589439 0.255473 0.640062 0.461324 0.342866 0.78727 0.135897 0.985127 0.956638 0.402119 0.478071 0.97136 0.963876 0.338593 0.306616 0.561396 0.986217 0.593884 0.645817 0.50105 0.302488 0.248422 0.510251 0.140647 0.749856 0.371296 0.126004 0.491467 0.90214 0.716873 0.643577 0.685891 0.944622 0.538828 0.57801 0.272766 0.957073 0.933414 0.628552 0.532086 0.151804 0.0938434 0.844853 0.462048 0.939822 0.727514 0.59403 0.685669 0.047107 0.446305 0.812592 0.763113 0.180203 0.0525992 0.809904 0.942299 0.597567 0.91829 0.237903 0.828092 0.742698 0.328106 0.225393 0.707025 0.218456 0.965208 0.0447593 0.699401 0.896034 0.0409663 0.770105 0.106121 0.399182 0.914872 0.500018 0.570009 0.255585 0.723349 0.620682 0.130791 0.493606 0.16417 0.430264 0.441432 0.164833 0.344673 0.567031 0.192501 0.97915 0.909153 0.542121 0.186442 0.182366 0.733949 0.191268 0.0743008 0.450346 0.0384049 0.238065 0.628189 0.952086 0.748301 0.0552901 0.024731 0.779459 0.0616512 0.897769 0.210754 0.467769 0.83913 0.904982 0.502971 0.81858 0.0420253 0.205666 0.182357 0.711399 0.186202 0.028488 0.309504 0.641148 0.734301 0.292303 0.846059 0.25876 0.0203948 0.834914 0.0941778 0.106017 0.00114942 0.399938 0.682376 0.198473 0.873704 0.718517 0.996347 0.922348 0.105921 0.437356 0.31607 0.30058 0.0351337 0.694773 0.636264 0.303525 0.842785 0.585356 0.412201 0.319733 0.87323 0.891634 0.0583719 0.0329091 0.463952 0.513235 0.707912 0.857219 0.710789
0.455878 0.239265 0.575347 0.756091 0.267986 0.427088 0.728287 0.750006 0.299605 0.791942 0.0096935 0.465775 0.763886 0.969374 0.00690574 0.609403 0.44225 0.562436 0.785197 0.0421996 0.0411839 0.0108916 0.382781 0.400636 0.691735 0.704223 0.393886 0.830765 0.612437 0.926101 0.0503528 0.132089 0.914202 0.561562 0.682843 0.76271 0.937933 0.907548 0.724821 0.981538 0.764684 0.855655 0.186279 0.554039 0.539126 0.882342 0.729539 0.97613 0.0118876 0.0111234 0.729793 0.560242 0.107782 0.597893 0.233773 0.696034 0.628903 0.210204 0.078834 0.625252 0.106275 0.177931 0.114086 0.148371 0.941368 0.396149 0.220163 0.750314 0.86074 0.813528 0.991279 0.381971 0.123814 0.735304 0.75305 0.462745 0.772693 0.670176 0.656184 0.487788 0.935944 0.914352 0.483063 0.0628451 0.129322 0.257281 0.131172 0.733004 0.148431 0.208318 0.819933 0.753868 0.351388 0.706083 0.459923 0.531148 0.156109 0.719801 0.810418 0.417974 0.899673 0.610741 0.0654285 0.401977 0.314515 0.95973 0.76416 0.316243 0.875522 0.622391 0.524381 0.436816 0.59864 0.612738 0.466266 0.515248 0.917464 0.142275 0.835443 0.10716 0.611891 0.988608 0.845593 0.581015 0.173268 0.642595 0.99934 0.873916 0.13386 0.706128 0.884548 0.239021 0.358832 0.792605 0.443117 0.775238 0.788661 0.432411 0.171585 0.379572 0.103132 0.895136 0.845106 0.68481 0.581907 0.303411 0.829753 0.991993 0.00820906 0.272591 0.428332 0.547177 0.618863 0.828884 0.736004 0.330946 0.51964 0.0642195 0.843999 0.428404 0.785103 0.424012 0.830491 0.181648 0.486228 0.0704035 0.189055 0.185661 0.626232 0.11377 0.630408 0.361346 0.812997 0.812403 0.370135 0.135903 0.768771 0.583534 0.856205 0.0208142 0.0817358 0.0048441 0.405478 0.619497 0.0524451 0.60464 0.37152 0.0262194 0.791435 0.56388 0.329426 0.458185 0.504693 0.880128 0.64815 0.390456 0.276063 0.418969 0.442337 0.325456
0.972311 0.469326 0.55352 0.428216 0.998791 0.445517 0.653595 0.146705 0.424779 0.702568 0.00981366 0.059627 0.373342 0.27826 0.380783 0.0842302 0.351476 0.172204 0.101821 0.134024 0.56838 0.864103 0.196775 0.826923 0.996506 0.307756 0.333146 0.632631 0.293485 0.0457378 0.0349044 0.259888 0.748041 0.12375 0.648553 0.763303 0.985521 0.588099 0.435072 0.132824 0.260196 0.113871 0.73657 0.959143 0.0162004 0.296936 0.623347 0.321799 0.94384 0.869421 0.469322 0.113598 0.0747597 0.388787 0.510186 0.137972 0.832916 0.911508 0.325044 0.570671 0.193436 0.397001 0.506545 0.677561 0.282696 0.0693773 0.555195 0.935288 0.573327 0.444999 0.596033 0.727642 0.761326 0.256907 0.311676 0.0172158 0.369025 0.132302 0.0353241 0.870381 0.580997 0.387139 0.113349 0.587627 0.953269 0.405358 0.819222 0.274414 0.377856 0.156744 0.436951 0.489316 0.568278 0.412848 0.715301 0.145753 0.398753 0.808078 0.135265 0.807774 0.786595 0.235417 0.778096 0.740554 0.256055 0.649429 0.0283381 0.0348027 0.0182651 0.814537 0.270336 0.562367 0.830646 0.428872 0.86393 0.674448 0.490589 0.853989 0.0111025 0.441491 0.701718 0.731182 0.388072 0.874141 0.033343 0.0097163 0.159634 0.691434 0.683287 0.515805 0.0698986 0.613131 0.554586 0.123942 0.760556 0.39275 0.268006 0.761039 0.408537 0.303556 0.827727 0.797063 0.201372 0.891283 0.847757 0.866551 0.697766 0.0126631 0.824544 0.608325 0.0503211 0.844945 0.434477 0.513808 0.416465 0.515111 0.345207 0.331805 0.881595 0.264295 0.812066 0.927043 0.614164 0.643838 0.812269 0.630159 0.247275 0.133399 0.26688 0.126566 0.131958 0.830147 0.973653 0.971273 0.0907069 0.65941 0.504317 0.285627 0.707347 0.177856 0.625993 0.562893 0.881751 0.349359 0.0101225 0.853899 0.50038 0.335577 0.813803 0.43961 0.722397 0.714618 0.0687525 0.369149 0.441648 0.424256 0.0690949 0.773308 0.155302 0.456877
0.588818 0.57008 0.130381 0.951602 0.892026 0.865626 0.280809 0.806252 0.313289 0.0223536 0.383409 0.28388 0.633863 0.385741 0.971084 0.882021 0.98117 0.283836 0.131901 0.324316 0.0612761 0.607822 0.0375468 0.616316 0.475167 0.775566 0.9155 0.828903 0.720148 0.0960809 0.43525 0.845909 0.550395 0.186036 0.40822 0.50409 0.521716 0.735717 0.328754 0.130803 0.904648 0.754946 0.0765019 0.862334 0.536304 0.394658 0.442844 0.532445 0.789914 0.184243 0.0567113 0.423249 0.426259 0.0917164 0.995977 0.295858 0.225916 0.0361314 0.362174 0.964376 0.850746 0.526996 0.37872 0.564175 0.693446 0.913689 0.247466 0.558931 0.880518 0.370779 0.149431 0.772412 0.041435 0.975703 0.429893 0.213878 0.313842 0.901432 0.594142 0.880403 0.727434 0.715377 0.486026 0.767771 0.73188 0.664601 0.485312 0.309875 0.674529 0.599241 0.965546 0.984881 0.59487 0.809001 0.195834 0.839749 0.311044 0.585406 0.20645 0.689454 0.821936 0.466334 0.390882 0.147825 0.589265 0.729825 0.463004 0.434731 0.0229604 0.801034 0.969729 0.825828 0.18843 0.225268 0.898818 0.121825 0.434156 0.774839 0.37928 0.728203 0.720425 0.399304 0.256954 0.371923 0.528935 0.781017 0.866906 0.455829 0.866017 0.519646 0.862809 0.15856 0.961343 0.757133 0.596784 0.375026 0.381901 0.470153 0.851727 0.49902 0.76306 0.711328 0.0776961 0.837002 0.0450446 0.0294974 0.575492 0.95349 0.309827 0.458701 0.658216 0.840702 0.699395 0.285304 0.185615 0.496167 0.172597 0.237011 0.586871 0.0628372 0.101917 0.279924 0.190072 0.852533 0.861809 0.248169 0.422031 0.870913 0.0318732 0.146609 0.997546 0.122493 0.694225 0.263959 0.295566 0.357678 0.593378 0.440781 0.130294 0.256336 0.171398 0.256747 0.346579 0.0458794 0.335217 0.900417 0.318627 0.207912 0.289422 0.49541 0.985396 0.822363 0.222822 0.914622 0.288475 0.610272 0.536754 0.655747 0.815134 0.0909513
0.591384 0.225393 0.565718 0.429179 0.167937 0.399759 0.690677 0.261045 0.170828 0.921522 0.815427 0.044958 0.376438 0.900851 0.433424 0.170792 0.309552 0.284735 0.619593 0.905208 0.613156 0.171149 0.730968 0.299311 0.998832 0.212571 0.935684 0.97922 0.779046 0.885053 0.158379 0.253231 0.223052 0.987678 0.614022 0.81923 0.779967 0.477786 0.00970152 0.815214 0.728222 0.422851 0.701366 0.673946 0.52233 0.0663819 0.576071 0.819924 0.552835 0.5716 0.0691438 0.985063 0.279288 0.42945 0.186297 0.0730805 0.552036 0.197387 0.607957 0.0865686 0.187631 0.0128515 0.0676525 0.312727 0.932094 0.0548308 0.592053 0.332801 0.90033 0.740204 0.903828 0.479996 0.250529 0.674251 0.0643187 0.426603 0.136098 0.726524 0.682258 0.445651 0.654979 0.897641 0.76889 0.467813 0.591781 0.8123 0.0348331 0.79277 0.937832 0.584478 0.890716 0.702254 0.159409 0.2829 0.0505157 0.216485 0.810939 0.745035 0.913857 0.514837 0.835575 0.678539 0.14588 0.890221 0.499564 0.862905 0.399964 0.657841 0.729895 0.273078 0.228562 0.107559 0.40961 0.72751 0.181584 0.773385 0.335676 0.170622 0.652106 0.574754 0.895475 0.749945 0.166919 0.22352 0.300918 0.625805 0.0991762 0.951686 0.286637 0.648731 0.86103 0.519173 0.678978 0.636267 0.237295 0.245532 0.517743 0.318494 0.138871 0.603792 0.575775 0.0224187 0.3792 0.993375 0.0802978 0.568207 0.957856 0.0408401 0.332109 0.00373014 0.148161 0.725673 0.556891 0.100091 0.316492 0.140636 0.935454 0.972943 0.0180943 0.307835 0.910994 0.220608 0.955 0.927121 0.645473 0.016587 0.552919 0.562216 0.201476 0.636832 0.549506 0.119242 0.896549 0.443928 0.101154 0.933415 0.241544 0.439068 0.65074 0.137861 0.733889 0.109556 0.373974 0.221228 0.0699902 0.438341 0.717334 0.86966 0.303522 0.436069 0.617684 0.259553 0.989886 0.437744 0.163469 0.652219 0.733189 0.280312 0.195607 0.296884
0.0163666 0.72524 0.0264786 0.631026 0.70006 0.07344 0.681189 0.766443 0.614372 0.991021 0.99248 0.0751186 0.538855 0.936047 0.891303 0.709188 0.679758 0.67522 0.843763 0.614383 0.963437 0.614446 0.435312 0.426721 0.124459 0.284957 0.169044 0.151316 0.3886 0.291909 0.348322 0.700529 0.979416 0.292107 0.55039 0.0623968 0.403625 0.41725 0.345433 0.131748 0.581085 0.527346 0.495846 0.376008 0.0271807 0.83041 0.227186 0.194721 0.30841 0.459957 0.519288 0.822453 0.607745 0.483092 0.319132 0.779556 0.36439 0.762379 0.853162 0.917207 0.864098 0.784308 0.334989 0.777099 0.0725023 0.140642 0.701379 0.945073 0.714945 0.0565309 0.728239 0.0713962 0.200561 0.230467 0.108156 0.890991 0.936421 0.128174 0.364516 0.778659 0.862502 0.10525 0.0115696 0.371181 0.578124 0.0920846 0.74767 0.123862 0.755465 0.71888 0.628741 0.264671 0.526856 0.657805 0.722586 0.894838 0.0722783 0.448291 0.56333 0.386798 0.969868 0.782944 0.988554 0.156796 0.890134 0.924559 0.63177 0.723213 0.114412 0.867367 0.802645 0.972995 0.673958 0.14964 0.792004 0.547468 0.240294 0.976231 0.249565 0.908109 0.0372424 0.246379 0.187261 0.170308 0.04793 0.486607 0.584743 0.725436 0.469452 0.685276 0.197324 0.165546 0.676355 0.554148 0.621228 0.896689 0.520861 0.414095 0.272526 0.513459 0.62486 0.548265 0.549587 0.825483 0.848467 0.896672 0.134858 0.464221 0.914006 0.20009 0.734377 0.0664868 0.260062 0.628693 0.0624593 0.4802 0.345421 0.19607 0.980528 0.498294 0.228452 0.141891 0.525444 0.276399 0.276074 0.23982 0.517005 0.91194 0.0935772 0.525537 0.781767 0.401041 0.250739 0.448576 0.185797 0.479503 0.749092 0.289651 0.07607 0.353884 0.30155 0.160278 0.62754 0.960648 0.465187 0.332644 0.127131 0.196937 0.851165 0.0929569 0.225267 0.286691 0.951746 0.0904583 0.970367 0.343268 0.701491 0.355544 0.311358 0.846028
0.188094 0.556937 0.966087 0.518439 0.721646 0.955248 0.804022 0.800903 0.520413 0.473912 0.96367 0.907669 0.0895279 0.986908 0.533139 0.735628 0.935173 0.6067 0.100499 0.838138 0.371512 0.870133 0.854956 0.873422 0.660085 0.7231 0.54859 0.788948 0.971713 0.146997 0.722025 0.227127 0.326723 0.253064 0.713219 0.997399 0.746596 0.887532 0.137843 0.295418 0.432843 0.0825008 0.149974 0.891075 0.0432224 0.774849 0.0740654 0.735882 0.453533 0.821229 0.728291 0.10158 0.0861793 0.911998 0.0633831 0.376272 0.00423231 0.394195 0.100662 0.605924 0.300205 0.652185 0.713284 0.681996 0.428138 0.839657 0.341699 0.0989106 0.110578 0.146119 0.0216385 0.831448 0.91826 0.25662 0.694994 0.747117 0.845822 0.535992 0.712071 0.31298 0.546076 0.927329 0.154026 0.327993 0.66353 0.0315447 0.328889 0.597693 0.696788 0.00477521 0.502943 0.311717 0.864503 0.633299 0.411272 0.12053 0.222805 0.0487449 0.72186 0.172093 0.39794 0.0467664 0.592817 0.5648 0.763819 0.649403 0.760705 0.968458 0.816187 0.0254821 0.423912 0.36711 0.77961 0.765804 0.616802 0.746866 0.230001 0.348031 0.716521 0.169344 0.903568 0.912155 0.372024 0.320321 0.511214 0.25362 0.905097 0.183155 0.490564 0.43041 0.381591 0.6292 0.849363 0.783664 0.105699 0.450396 0.809986 0.678227 0.0527146 0.913358 0.570047 0.374871 0.570048 0.934956 0.841944 0.542118 0.553597 0.737348 0.56811 0.388865 0.455983 0.80436 0.640653 0.540606 0.654056 0.744506 0.400163 0.463 0.277386 0.502611 0.371681 0.473157 0.0451278 0.830007 0.727912 0.342376 0.230615 0.217414 0.0481862 0.164022 0.835067 0.435855 0.596803 0.436683 0.582307 0.25087 0.863931 0.806582 0.229151 0.291869 0.86322 0.0388994 0.487981 0.531913 0.199183 0.321885 0.453653 0.196436 0.607781 0.043638 0.83419 0.673605 0.124356 0.661089 0.0109052 0.903049 0.130967 0.987399 0.933886 0.0313807
0.0161784 0.787657 0.354206 0.587606 0.107151 0.419621 0.347574 0.531697 0.224958 0.626955 0.43929 0.471706 0.97175 0.640002 0.151512 0.982396 0.348788 0.924066 0.890432 0.809524 0.2059 0.631199 0.678585 0.322123 0.423586 0.291879 0.337292 0.285669 0.59819 0.543856 0.109951 0.873227 0.427781 0.988137 0.699169 0.90289 0.190386 0.760475 0.447703 0.161867 0.264549 0.425652 0.761995 0.331813 0.883189 0.625794 0.948034 0.323554 0.56453 0.230676 0.83196 0.428994 0.991812 0.728695 0.309403 0.538355 0.967119 0.801066 0.410877 0.631459 0.172863 0.462717 0.0698937 0.0946762 0.389752 0.650214 0.121391 0.635582 0.0952421 0.126502 0.0847306 0.952657 0.921019 0.0798865 0.686915 0.764982 0.713437 0.23878 0.0415784 0.0010578 0.131778 0.795477 0.0256385 0.610108 0.0718189 0.0897678 0.406635 0.0552871 0.538098 0.753295 0.838381 0.261965 0.351557 0.0733383 0.237361 0.227668 0.846791 0.0923658 0.601921 0.634741 0.75848 0.386993 0.193522 0.970606 0.72854 0.0192305 0.569938 0.670925 0.560136 0.309023 0.629685 0.771793 0.727889 0.382029 0.441104 0.37262 0.171511 0.87745 0.121975 0.190079 0.594154 0.0704038 0.805046 0.689293 0.615278 0.704263 0.698923 0.261397 0.903813 0.110892 0.20267 0.405243 0.331873 0.134985 0.51386 0.538522 0.517824 0.653334 0.872988 0.475633 0.255255 0.712598 0.981716 0.109291 0.0401156 0.85749 0.990732 0.760678 0.802634 0.022683 0.00962678 0.292158 0.973302 0.943838 0.679733 0.0891783 0.922317 0.526838 0.1349 0.563735 0.728437 0.203293 0.00313796 0.388332 0.128674 0.87784 0.0454455 0.848119 0.533945 0.704891 0.00457853 0.334145 0.894814 0.106027 0.511733 0.13968 0.135755 0.846231 0.432077 0.998057 0.1776 0.856512 0.995555 0.600091 0.0533836 0.850259 0.0896713 0.814485 0.252763 0.871114 0.337355 0.823533 0.870205 0.0877468 0.203755 0.357429 0.0703097 0.390244 0.368679 0.939503
0.60432 0.871985 0.725832 0.230811 0.969495 0.345868 0.163699 0.122482 0.824087 0.766783 0.467763 0.14061 0.788616 0.988633 0.736803 0.212745 0.235794 0.889087 0.98941 0.733108 0.826219 0.263111 0.637337 0.655347 0.241532 0.763412 0.529432 0.715163 0.820683 0.242537 0.716819 0.42944 0.914323 0.12306 0.9183 0.369095 0.818714 0.179555 0.256359 0.196501 0.333509 0.673235 0.235779 0.691951 0.575464 0.472158 0.346248 0.803919 0.71374 0.864353 0.949427 0.844881 0.35818 0.913744 0.8533 0.158606 0.773614 0.386663 0.358946 0.328666 0.436078 0.809295 0.14825 0.467736 0.0869757 0.719207 0.183707 0.418162 0.0651199 0.359742 0.129488 0.300967 0.802996 0.5229 0.390952 0.155455 0.891767 0.52029 0.313598 0.160674 0.526635 0.512444 0.616365 0.262554 0.219548 0.20356 0.625724 0.621134 0.807499 0.83291 0.947591 0.30867 0.66274 0.263442 0.73651 0.485159 0.47329 0.454402 0.458274 0.939128 0.0418957 0.903494 0.689287 0.185376 0.877773 0.442214 0.506494 0.486958 0.503847 0.366194 0.13098 0.467373 0.561796 0.2645 0.868889 0.749101 0.917874 0.0637542 0.610211 0.725932 0.111852 0.333427 0.783624 0.928014 0.756984 0.724626 0.744984 0.117775 0.614043 0.141381 0.616348 0.585265 0.834554 0.352814 0.0325279 0.389693 0.656977 0.381634 0.936582 0.807241 0.0823386 0.780128 0.562272 0.35016 0.909724 0.514636 0.90179 0.280495 0.479587 0.993105 0.00691871 0.57178 0.737047 0.952892 0.769346 0.100205 0.697738 0.0138938 0.109691 0.0190073 0.703568 0.70574 0.729859 0.537216 0.489519 0.667421 0.442331 0.162783 0.612958 0.359491 0.640898 0.716987 0.702845 0.660058 0.038307 0.243515 0.789131 0.314219 0.68014 0.463227 0.386737 0.682985 0.0478512 0.864396 0.996039 0.733317 0.740469 0.238554 0.224258 0.540963 0.939932 0.620658 0.863898 0.566824 0.539137 0.958064 0.143141 0.34679 0.10559 0.950723
0.41954 0.946464 0.135476 0.602493 0.613704 0.824163 0.476869 0.676851 0.60864 0.433628 0.535257 0.582868 0.307624 0.59897 0.907989 0.212538 0.521375 0.618899 0.968545 0.192982 0.489829 0.304642 0.851624 0.848393 0.0501372 0.698881 0.20532 0.685106 0.0168509 0.604001 0.639826 0.172204 0.460657 0.0885759 0.23851 0.16504 0.0327813 0.944269 0.94828 0.553107 0.606421 0.12139 0.14735 0.246448 0.42532 0.0120334 0.145396 0.980069 0.34849 0.723131 0.431897 0.414639 0.605078 0.0822766 0.939955 0.375312 0.947979 0.352127 0.0399808 0.602752 0.57335 0.343074 0.894268 0.577192 0.898667 0.512668 0.28534 0.349524 0.655963 0.398549 0.306323 0.401368 0.164391 0.233719 0.989842 0.0523031 0.48038 0.631932 0.289394 0.153357 0.268662 0.49394 0.646602 0.0177688 0.929522 0.699462 0.645005 0.900607 0.0248558 0.0731748 0.233911 0.912441 0.638618 0.878228 0.75236 0.971739 0.809521 0.271277 0.423198 0.543824 0.849128 0.432064 0.594534 0.775634 0.704704 0.584806 0.892908 0.42173 0.321525 0.0202662 0.468188 0.327099 0.205412 0.530885 0.746657 0.0151424 0.298826 0.684858 0.019779 0.785891 0.581423 0.277041 0.571217 0.019616 0.954872 0.741312 0.687616 0.173681 0.747567 0.905165 0.802953 0.944093 0.398825 0.158284 0.123663 0.115768 0.21911 0.349896 0.112477 0.323069 0.742277 0.138304 0.504994 0.34779 0.0108777 0.0710423 0.572278 0.00569398 0.558193 0.373217 0.843041 0.811041 0.805498 0.764642 0.00658055 0.552511 0.823002 0.893516 0.793796 0.633443 0.439324 0.463894 0.888099 0.123118 0.0199811 0.468816 0.549778 0.697233 0.760707 0.378038 0.47114 0.249065 0.708111 0.805522 0.47892 0.525466 0.98464 0.108142 0.110973 0.0449052 0.419217 0.225308 0.39684 0.32204 0.656922 0.263675 0.326079 0.725023 0.327234 0.275212 0.264168 0.56846 0.693764 0.001798 0.224944 0.562981 0.659098 0.681165 0.458031 0.760892
0.897701 0.88478 0.275013 0.805317 0.165053 0.0750739 0.921527 0.694778 0.717508 0.953566 0.430996 0.965516 0.75586 0.632209 0.924422 0.480702 0.897236 0.985021 0.230313 0.800208 0.711659 0.416353 0.451331 0.268729 0.420549 0.836794 0.984277 0.253227 0.900214 0.521116 0.90151 0.972799 0.396085 0.13572 0.0399723 0.396085 0.833085 0.665856 0.970483 0.481498 0.739501 0.168068 0.458219 0.489549 0.859531 0.712546 0.700806 0.436423 0.851899 0.249726 0.706767 0.555126 0.269626 0.617932 0.460217 0.0129369 0.358964 0.556294 0.814915 0.0372443 0.791498 0.0636424 0.852404 0.875896 0.520247 0.569067 0.123832 0.42987 0.391456 0.348503 0.077735 0.399811 0.412075 0.64052 0.846655 0.577482 0.263115 0.276573 0.827135 0.0275069 0.614858 0.617391 0.648957 0.542076 0.959651 0.348977 0.487384 0.759593 0.764387 0.601059 0.519795 0.781528 0.759981 0.607495 0.79997 0.97318 0.603956 0.994509 0.605351 0.413589 0.585314 0.108148 0.0434988 0.433821 0.558962 0.485225 0.316066 0.580255 0.090962 0.01989 0.525438 0.872475 0.977806 0.548894 0.279469 0.401617 0.180383 0.223994 0.229541 0.978595 0.633286 0.430242 0.72649 0.350041 0.443982 0.0710656 0.734585 0.412925 0.186878 0.620369 0.90281 0.134919 0.29368 0.835985 0.226348 0.87035 0.805933 0.806504 0.766903 0.954301 0.731483 0.947728 0.672882 0.62514 0.117131 0.874666 0.430705 0.356005 0.451517 0.75112 0.944551 0.0590174 0.690413 0.211802 0.856606 0.98699 0.519718 0.972356 0.699081 0.754824 0.702283 0.553288 0.561402 0.940432 0.875878 0.430571 0.471743 0.982941 0.246524 0.467577 0.433709 0.77158 0.285426 0.202374 0.931322 0.499877 0.538021 0.291288 0.543481 0.314317 0.0891956 0.610451 0.603381 0.709165 0.0782025 0.975835 0.182664 0.209056 0.0917872 0.582968 0.490856 0.811745 0.615026 0.107764 0.0110653 0.049777 0.516603 0.327729 0.470949 0.946617
0.656595 0.770922 0.448227 0.595895 0.67436 0.769134 0.930508 0.975487 0.86234 0.622236 0.043071 0.0813053 0.157084 0.0838247 0.0940852 0.455249 0.334743 0.226575 0.768575 0.751259 0.51905 0.590918 0.300758 0.777004 0.952611 0.699969 0.711785 0.526305 0.212154 0.501839 0.341294 0.0543475 0.239429 0.461068 0.959586 0.946844 0.205735 0.507618 0.483925 0.735023 0.65187 0.552079 0.590562 0.540123 0.292686 0.0948889 0.817296 0.632134 0.392763 0.846179 0.0972294 0.691399 0.737556 0.479525 0.194885 0.129109 0.769224 0.308765 0.147735 0.7022 0.678096 0.911869 0.766557 0.914318 0.940335 0.0896914 0.354795 0.698506 0.81177 0.997857 0.850568 0.843422 0.317625 0.6012 0.524965 0.981861 0.803593 0.404464 0.895404 0.981415 0.133074 0.559727 0.464032 0.134299 0.721846 0.399465 0.706269 0.276076 0.678892 0.185704 0.613625 0.843438 0.879459 0.852211 0.562195 0.517927 0.845965 0.629831 0.0693732 0.49318 0.646408 0.132517 0.676254 0.0402407 0.951181 0.465289 0.899436 0.524068 0.210478 0.558767 0.367189 0.0723765 0.899995 0.501093 0.463351 0.731476 0.434885 0.481748 0.26199 0.275283 0.878025 0.641645 0.319389 0.776463 0.0621224 0.696774 0.696788 0.26319 0.216903 0.79689 0.53687 0.287997 0.538859 0.0707862 0.741236 0.277454 0.275804 0.141719 0.867783 0.117315 0.333941 0.605851 0.458015 0.712734 0.0457262 0.788176 0.672797 0.161222 0.443489 0.0395835 0.296825 0.171679 0.753549 0.222216 0.905857 0.649145 0.592426 0.258294 0.170039 0.119436 0.354147 0.946194 0.655562 0.512305 0.462978 0.850293 0.686433 0.872461 0.718072 0.990685 0.148562 0.434309 0.32495 0.993317 0.13895 0.34095 0.685131 0.55934 0.320524 0.118164 0.474324 0.156351 0.997571 0.829948 0.395258 0.661613 0.00612119 0.588295 0.37385 0.245247 0.764968 0.657878 0.843428 0.159955 0.396193 0.412797 0.564011 0.770012 0.462741 0.249006
0.211501 0.112139 0.642037 0.922059 0.201551 0.281881 0.366766 0.57144 0.46163 0.0263456 0.690825 0.563374 0.491684 0.136407 0.851358 0.166166 0.232995 0.54788 0.108794 0.283444 0.171255 0.288204 0.00862628 0.266487 0.663116 0.355573 0.964284 0.638686 0.811233 0.319565 0.966367 0.475664 0.831309 0.930002 0.123044 0.766362 0.0682511 0.484777 0.279347 0.219139 0.862869 0.177868 0.832456 0.618047 0.92937 0.667851 0.665042 0.82774 0.649891 0.601616 0.707501 0.170015 0.878881 0.983856 0.936921 0.483902 0.315251 0.120461 0.876679 0.417667 0.51978 0.862544 0.46449 0.87236 0.03722 0.305429 0.221555 0.255716 0.738753 0.577636 0.202717 0.700464 0.321838 0.13055 0.517741 0.599973 0.78759 0.888764 0.86598 0.370804 0.8678 0.977916 0.622046 0.0492722 0.30245 0.460961 0.532158 0.98022 0.956778 0.89581 0.0104537 0.371367 0.871855 0.726349 0.492035 0.151213 0.223256 0.911256 0.600943 0.784282 0.326397 0.741081 0.859878 0.697493 0.515429 0.465922 0.509807 0.0860402 0.377961 0.306283 0.85803 0.950981 0.649548 0.138978 0.288183 0.225887 0.579172 0.516272 0.814781 0.403895 0.852074 0.493475 0.516393 0.89957 0.800757 0.28931 0.90604 0.586451 0.378598 0.357105 0.00687374 0.380988 0.782289 0.411354 0.985178 0.200136 0.374717 0.0190952 0.56137 0.205618 0.236337 0.697622 0.452559 0.983859 0.726458 0.193346 0.17729 0.121225 0.813887 0.701612 0.866724 0.725885 0.706778 0.154467 0.771356 0.37469 0.0501979 0.564951 0.0934921 0.847332 0.481953 0.313378 0.424242 0.444412 0.16282 0.081829 0.871144 0.125927 0.525397 0.145123 0.407853 0.113763 0.293516 0.803486 0.881721 0.0065548 0.317646 0.940144 0.503053 0.209666 0.939957 0.459042 0.986891 0.323675 0.994577 0.352473 0.0437645 0.0972757 0.921276 0.195089 0.46218 0.894771 0.549145 0.691351 0.0431832 0.727973 0.765701 0.969415 0.550331 0.544572
0.114807 0.0634003 0.84662 0.499802 0.281913 0.732483 0.21746 0.103395 0.356526 0.063287 0.908202 0.977863 0.0350767 0.254784 0.899344 0.637972 0.0838421 0.758416 0.460333 0.715105 0.27433 0.829365 0.390078 0.870792 0.0749007 0.340663 0.274024 0.243662 0.0903726 0.212936 0.498863 0.10478 0.0360671 0.257911 0.263508 0.113233 0.183353 0.317077 0.59662 0.655158 0.972662 0.705451 0.531288 0.470029 0.574733 0.024768 0.190239 0.450149 0.438817 0.146675 0.597275 0.316506 0.136011 0.741044 0.478741 0.350444 0.873676 0.819418 0.0241376 0.0750472 0.63269 0.607637 0.133934 0.193078 0.509523 0.834294 0.869734 0.633643 0.959177 0.542759 0.168982 0.971277 0.555367 0.616524 0.358731 0.77244 0.788122 0.587989 0.910361 0.148383 0.320414 0.46249 0.621132 0.743398 0.0403488 0.3519 0.670338 0.749556 0.387167 0.745369 0.90312 0.522044 0.344189 0.310491 0.253589 0.199099 0.524162 0.777526 0.422012 0.0884604 0.52152 0.815941 0.988575 0.166837 0.370364 0.958313 0.272309 0.0980758 0.181033 0.850132 0.281998 0.0366473 0.270662 0.598138 0.759658 0.906505 0.708465 0.97098 0.344275 0.163494 0.852541 0.559415 0.820357 0.124134 0.472185 0.0733333 0.502031 0.630546 0.441653 0.0286703 0.869912 0.366414 0.260786 0.906498 0.0984116 0.747643 0.909831 0.846868 0.616696 0.218923 0.0112982 0.961121 0.2122 0.0109973 0.00324032 0.693522 0.408649 0.760366 0.681136 0.882052 0.67636 0.140919 0.341028 0.703358 0.112015 0.952806 0.941175 0.172967 0.0855618 0.170624 0.738348 0.322779 0.566933 0.403967 0.204588 0.163257 0.244287 0.0907823 0.381786 0.698946 0.730368 0.0992949 0.723838 0.947776 0.692316 0.0216359 0.0187091 0.438779 0.710266 0.192484 0.590816 0.315527 0.282916 0.944196 0.922727 0.919276 0.951394 0.355882 0.436404 0.594417 0.330029 0.887237 0.605934 0.860618 0.239877 0.73177 0.264094 0.13336 0.838849 0.43481
0.589023 0.758298 0.309881 0.64153 0.232312 0.0915018 0.361558 0.394611 0.52441 0.345001 0.423252 0.201839 0.264282 0.608515 0.778216 0.703157 0.737503 0.508668 0.609282 0.794842 0.82643 0.0817311 0.158277 0.221713 0.155589 0.369573 0.211365 0.278924 0.965692 0.756137 0.0105773 0.995664 0.271437 0.163499 0.824756 0.442019 0.574544 0.17314 0.120733 0.639203 0.753092 0.256158 0.829978 0.506155 0.389304 0.780079 0.16428 0.577798 0.200361 0.505977 0.860906 0.847193 0.663212 0.407507 0.363814 0.156924 0.898894 0.210881 0.78629 0.499267 0.461143 0.844638 0.0842416 0.0247993 0.480952 0.860749 0.35075 0.739784 0.0553163 0.330056 0.362049 0.815193 0.621728 0.464298 0.0841805 0.00360493 0.0445249 0.473442 0.6076 0.561119 0.870487 0.273162 0.652769 0.0365278 0.254273 0.0316 0.054018 0.623323 0.637989 0.407666 0.812836 0.784394 0.355855 0.567842 0.244212 0.168792 0.866605 0.939405 0.683986 0.216578 0.472261 0.524357 0.691978 0.560877 0.607402 0.327843 0.689027 0.398868 0.722173 0.790021 0.077408 0.111442 0.95303 0.814469 0.642823 0.223026 0.58944 0.934294 0.957077 0.570515 0.910173 0.640153 0.953836 0.983407 0.803296 0.663848 0.260912 0.730959 0.267369 0.544947 0.215067 0.447637 0.752394 0.171976 0.76048 0.152767 0.856468 0.209281 0.71602 0.840127 0.490849 0.586813 0.970106 0.845058 0.120347 0.881739 0.400981 0.0987673 0.826972 0.593964 0.919081 0.104896 0.487699 0.944447 0.429544 0.981532 0.754228 0.972213 0.690867 0.948431 0.685231 0.639297 0.0643266 0.285767 0.379291 0.0736832 0.157473 0.538973 0.958188 0.0437377 0.25351 0.540803 0.751975 0.25789 0.894409 0.962567 0.148248 0.402368 0.188162 0.367993 0.626649 0.128463 0.0108247 0.962853 0.0898804 0.172116 0.978632 0.174185 0.0270435 0.226802 0.106202 0.113544 0.699748 0.528384 0.979742 0.988909 0.339745 0.426908 0.117257 0.336989
0.258948 0.0610547 0.276513 0.224801 0.0747404 0.756007 0.921152 0.091922 0.0184518 0.712808 0.640964 0.82101 0.968737 0.738052 0.228243 0.189684 0.2653 0.0404908 0.846904 0.539319 0.998874 0.1064 0.862059 0.491464 0.653404 0.99411 0.537983 0.303244 0.709892 0.105301 0.44087 0.753257 0.1572 0.547757 0.828244 0.899988 0.241253 0.550583 0.152311 0.274723 0.155151 0.523889 0.845972 0.984222 0.0329132 0.138398 0.0940875 0.128912 0.701371 0.103875 0.399015 0.892081 0.684045 0.411968 0.812759 0.426897 0.753064 0.105966 0.0450086 0.404656 0.730609 0.0855537 0.998092 0.450132 0.69314 0.372108 0.349421 0.930806 0.521198 0.654964 0.439938 0.867272 0.942171 0.189166 0.596756 0.230996 0.320216 0.0429268 0.519114 0.394975 0.55787 0.445869 0.399486 0.0498782 0.0567282 0.348065 0.819175 0.202846 0.375597 0.511781 0.439309 0.671412 0.845989 0.621 0.0137512 0.995662 0.988583 0.759238 0.739965 0.98156 0.840938 0.661073 0.503137 0.683216 0.455349 0.87588 0.879684 0.403071 0.290528 0.585796 0.539694 0.792274 0.763117 0.31742 0.610763 0.999752 0.0601914 0.0452269 0.469056 0.960254 0.306575 0.846368 0.221067 0.929035 0.504117 0.259444 0.0471427 0.0495533 0.550607 0.000598869 0.716808 0.918631 0.518786 0.16293 0.00506607 0.623 0.265002 0.710413 0.00262101 0.241856 0.42366 0.810686 0.679215 0.0724458 0.986294 0.659927 0.224709 0.901811 0.767735 0.421507 0.719867 0.974402 0.153902 0.484204 0.579741 0.629873 0.0635488 0.635067 0.361779 0.448547 0.27831 0.878115 0.382002 0.177988 0.432948 0.447686 0.288963 0.221006 0.0918455 0.726318 0.297842 0.430831 0.786869 0.260403 0.494555 0.417764 0.207606 0.986386 0.319924 0.958234 0.600566 0.584015 0.0649142 0.478432 0.540601 0.319031 0.515572 0.597071 0.0521277 0.378311 0.259815 0.671467 0.638778 0.611559 0.769208 0.419362 0.404932 0.0529752 0.103883 0.269189
0.841654 0.0997012 0.433603 0.976344 0.965807 0.237384 0.198923 0.841273 0.184564 0.104766 0.526708 0.0376022 0.920173 0.188493 0.0634706 0.731874 0.0861119 0.425232 0.520976 0.708616 0.773743 0.125992 0.359868 0.435673 0.526775 0.368825 0.672578 0.619512 0.458213 0.65676 0.837814 0.708009 0.498897 0.388178 0.380134 0.647278 0.503802 0.203214 0.25334 0.18715 0.0152353 0.996973 0.493272 0.362609 0.660895 0.890216 0.287944 0.165851 0.560888 0.674068 0.710378 0.00314539 0.088854 0.749252 0.655676 0.692699 0.85136 0.375916 0.138651 0.266541 0.590946 0.492514 0.338643 0.932552 0.536338 0.328538 0.605785 0.8096 0.782366 0.992842 0.698559 0.336647 0.198983 0.207046 0.657161 0.279114 0.134271 0.950181 0.245333 0.774521 0.0525123 0.67891 0.0906993 0.169026 0.582511 0.257995 0.89853 0.515875 0.0384494 0.888937 0.780298 0.709545 0.46974 0.886708 0.660975 0.195003 0.131069 0.558693 0.0653998 0.727681 0.973894 0.395136 0.204766 0.0805362 0.663817 0.310381 0.0506482 0.630884 0.285536 0.0647338 0.283062 0.0340799 0.454033 0.573246 0.223131 0.186936 0.0699269 0.482633 0.636267 0.149063 0.538493 0.310258 0.620235 0.992532 0.228184 0.704603 0.8932 0.145212 0.579071 0.828648 0.269508 0.210971 0.751391 0.556269 0.325399 0.095384 0.228118 0.183189 0.816312 0.139316 0.0732026 0.987285 0.795342 0.278754 0.436432 0.8272 0.191299 0.391594 0.121251 0.748446 0.805216 0.438334 0.369981 0.721974 0.304387 0.851515 0.832936 0.36658 0.863762 0.164719 0.417787 0.434463 0.134084 0.518328 0.711148 0.284225 0.503213 0.934919 0.80694 0.991628 0.251142 0.25083 0.656315 0.0010744 0.623357 0.219643 0.480888 0.525183 0.293466 0.107577 0.189718 0.437695 0.779026 0.529626 0.0213707 0.387329 0.615 0.288874 0.548347 0.462857 0.974924 0.613856 0.0138029 0.0222725 0.947466 0.574154 0.507872 0.256672 0.298058 0.411426
0.979698 0.234599 0.596208 0.272603 0.381678 0.615488 0.334874 0.069815 0.695599 0.43501 0.230823 0.261764 0.0099978 0.337693 0.745618 0.139786 0.392516 0.857624 0.527016 0.864045 0.553012 0.16002 0.679441 0.549688 0.777708 0.527934 0.98831 0.370456 0.410838 0.835441 0.0292484 0.232994 0.216245 0.135514 0.807432 0.920197 0.167783 0.383301 0.942023 0.589768 0.5671 0.446627 0.898124 0.933101 0.277406 0.223114 0.571172 0.243969 0.263252 0.846175 0.979139 0.671246 0.124044 0.741291 0.713283 0.0490968 0.755875 0.357954 0.892011 0.11158 0.774641 0.750371 0.32036 0.265608 0.545822 0.0552524 0.19188 0.283351 0.242122 0.372964 0.769775 0.465746 0.287521 0.0759194 0.164536 0.195608 0.351536 0.366913 0.146407 0.22633 0.135483 0.461342 0.832123 0.888171 0.624163 0.275205 0.561118 0.315379 0.173754 0.756298 0.390032 0.919654 0.176341 0.9212 0.145794 0.799854 0.503059 0.773422 0.114709 0.109038 0.326425 0.979794 0.336266 0.72028 0.532806 0.548671 0.252633 0.398075 0.609919 0.518531 0.745802 0.54679 0.0366294 0.582252 0.334287 0.110176 0.41719 0.355513 0.0323881 0.452123 0.266321 0.344275 0.686699 0.636644 0.590105 0.0481453 0.159348 0.358875 0.508912 0.173363 0.629027 0.241066 0.988666 0.127178 0.396597 0.512469 0.463637 0.269504 0.985012 0.359417 0.831984 0.582352 0.110307 0.202608 0.372342 0.493659 0.658807 0.222533 0.373831 0.512638 0.206814 0.536655 0.410416 0.394889 0.794638 0.0480358 0.896892 0.274262 0.705963 0.135015 0.993554 0.364476 0.679383 0.255949 0.660657 0.354814 0.52608 0.0790901 0.789189 0.45789 0.707801 0.431982 0.859372 0.43851 0.0174674 0.444445 0.227089 0.458121 0.427723 0.352979 0.894781 0.953294 0.0236904 0.508358 0.135556 0.839854 0.680219 0.225332 0.775408 0.232903 0.957485 0.521246 0.612476 0.233508 0.348883 0.208733 0.85785 0.0287915 0.0260735 0.0148628
0.367227 0.112522 0.0369893 0.402594 0.880925 0.469736 0.258973 0.789205 0.860589 0.367389 0.620977 0.642409 0.813349 0.476051 0.616472 0.0566278 0.393388 0.601122 0.63983 0.276607 0.233327 0.805004 0.64738 0.650981 0.825614 0.74809 0.393537 0.406391 0.790683 0.207654 0.0434494 0.134708 0.886976 0.840472 0.0125021 0.818589 0.0798368 0.687963 0.263568 0.028889 0.667649 0.769042 0.790349 0.908567 0.128228 0.13587 0.193662 0.915049 0.587658 0.922589 0.688611 0.79541 0.990638 0.445373 0.700219 0.976934 0.562096 0.650373 0.545328 0.321819 0.911698 0.450662 0.0635059 0.807659 0.552467 0.648644 0.19922 0.452202 0.192984 0.0985847 0.638602 0.0760704 0.782008 0.567103 0.0287981 0.79215 0.437182 0.396926 0.465595 0.519811 0.805209 0.924814 0.469744 0.392508 0.773194 0.916428 0.0567444 0.975137 0.421042 0.51048 0.731923 0.992059 0.0747374 0.784131 0.072255 0.746195 0.205563 0.0792016 0.179616 0.267693 0.356906 0.936448 0.595491 0.585955 0.729746 0.537017 0.162021 0.0404543 0.376284 0.733377 0.518151 0.0976236 0.456841 0.657215 0.828136 0.582137 0.39597 0.467732 0.454108 0.208524 0.835961 0.398019 0.0728796 0.634405 0.981387 0.80061 0.759293 0.0383931 0.263032 0.443931 0.14086 0.571776 0.0488227 0.0655762 0.795323 0.00280666 0.452528 0.141108 0.427306 0.321071 0.263785 0.499306 0.34129 0.0717246 0.50336 0.588914 0.199929 0.125721 0.992767 0.269858 0.148728 0.618679 0.382919 0.770684 0.2198 0.843309 0.571527 0.298226 0.393627 0.482346 0.0621787 0.430428 0.75301 0.137913 0.112045 0.323757 0.489904 0.0976102 0.695391 0.874029 0.317401 0.036069 0.427549 0.52395 0.471248 0.128905 0.190025 0.339283 0.12478 0.113697 0.357698 0.705816 0.655903 0.717135 0.157025 0.0786352 0.487231 0.806754 0.0940611 0.0687136 0.0479321 0.377692 0.708387 0.373998 0.241613 0.810155 0.612332 0.295208 0.449062 0.877337
0.838318 0.30724 0.599151 0.858453 0.598952 0.431123 0.0897907 0.46472 0.133491 0.304228 0.525406 0.382603 0.985993 0.110931 0.270193 0.108603 0.0380491 0.329473 0.544681 0.987262 0.145979 0.31663 0.296191 0.539009 0.22855 0.548508 0.488024 0.709124 0.265232 0.371736 0.898716 0.591705 0.111082 0.300756 0.154158 0.860318 0.237255 0.300661 0.754557 0.199201 0.129378 0.711031 0.213171 0.115811 0.65998 0.0205507 0.857515 0.556031 0.0556404 0.604308 0.743022 0.54774 0.243014 0.143405 0.5123 0.791768 0.756711 0.801474 0.139669 0.916612 0.260197 0.691712 0.745271 0.8909 0.674297 0.019682 0.407496 0.352823 0.524639 0.504558 0.722695 0.397766 0.939893 0.769061 0.61779 0.139064 0.124296 0.753777 0.147391 0.924207 0.423342 0.549026 0.937275 0.407882 0.111198 0.722139 0.144414 0.32497 0.337189 0.512442 0.722789 0.346223 0.175039 0.891495 0.559052 0.484392 0.956339 0.534616 0.550472 0.236438 0.590273 0.790419 0.663247 0.466201 0.175285 0.467276 0.636881 0.433686 0.957507 0.958561 0.641391 0.187871 0.931155 0.441275 0.164392 0.510291 0.920446 0.309316 0.818134 0.622588 0.17851 0.114854 0.89412 0.639308 0.0542182 0.199137 0.244576 0.205938 0.397026 0.215017 0.406393 0.142718 0.343334 0.564693 0.225345 0.441548 0.261374 0.952066 0.986847 0.598187 0.917009 0.679416 0.260149 0.0317409 0.26204 0.0585066 0.67492 0.454913 0.0548088 0.953913 0.439377 0.205205 0.488216 0.00901676 0.161686 0.953594 0.579184 0.248923 0.48398 0.850695 0.941226 0.557414 0.124331 0.529101 0.310899 0.831534 0.260584 0.453528 0.978016 0.177179 0.367638 0.634594 0.625943 0.974458 0.547858 0.711699 0.161075 0.336231 0.238002 0.50791 0.673279 0.218577 0.612891 0.08235 0.69127 0.20996 0.829685 0.662532 0.98969 0.0549466 0.776742 0.240415 0.520268 0.94174 0.824239 0.0548675 0.097862 0.702383 0.709776 0.220915
0.75198 0.601749 0.574704 0.445258 0.0812978 0.231797 0.174688 0.0792006 0.406704 0.0349474 0.16959 0.444348 0.710407 0.102116 0.321655 0.248357 0.11887 0.0803203 0.695136 0.061529 0.669231 0.263237 0.0990471 0.522585 0.244696 0.899351 0.479516 0.944883 0.646283 0.0329408 0.958912 0.702416 0.550298 0.416345 0.0809219 0.295738 0.796045 0.412211 0.465821 0.579616 0.865255 0.480956 0.745324 0.927504 0.506979 0.557198 0.278325 0.757577 0.852912 0.893359 0.521556 0.339935 0.554442 0.782779 0.864343 0.356996 0.725486 0.937096 0.461545 0.29273 0.598256 0.6166 0.655797 0.42773 0.437241 0.891487 0.79189 0.491713 0.77574 0.845753 0.467441 0.509809 0.923731 0.701335 0.342637 0.0771898 0.902149 0.221282 0.964428 0.26093 0.551474 0.93088 0.397498 0.665663 0.623161 0.647683 0.806258 0.272883 0.907231 0.987141 0.609889 0.524812 0.927622 0.338911 0.860936 0.184851 0.596981 0.21194 0.268715 0.885568 0.304647 0.933041 0.03204 0.952434 0.682395 0.523412 0.86289 0.309718 0.837647 0.496948 0.278231 0.24633 0.00119498 0.324254 0.258877 0.0462567 0.494365 0.826817 0.43667 0.261178 0.877719 0.0654997 0.677769 0.180382 0.264433 0.48313 0.208731 0.912252 0.585455 0.964175 0.0801265 0.496018 0.102153 0.858004 0.00577626 0.856182 0.126082 0.305805 0.594934 0.508026 0.577408 0.206272 0.656753 0.356096 0.759605 0.39964 0.951277 0.602451 0.572543 0.458446 0.014272 0.503694 0.194426 0.813844 0.59235 0.514633 0.515391 0.427629 0.830236 0.522405 0.276907 0.212167 0.481392 0.599491 0.688812 0.875437 0.169765 0.388137 0.377988 0.896517 0.687641 0.275754 0.0550935 0.558532 0.0450015 0.433902 0.112661 0.272722 0.962569 0.443323 0.97752 0.692085 0.45218 0.601568 0.938134 0.337902 0.941324 0.472553 0.725028 0.16638 0.620159 0.226403 0.608668 0.113654 0.983876 0.875146 0.867686 0.731854 0.327214 0.49218
0.222275 0.596952 0.182823 0.0901745 0.212445 0.45295 0.134394 0.160158 0.399411 0.72392 0.97294 0.958866 0.441528 0.603689 0.870569 0.999502 0.261538 0.438964 0.619992 0.0503305 0.544093 0.0875973 0.970436 0.297884 0.196848 0.628811 0.141652 0.724363 0.688486 0.156272 0.291529 0.965507 0.707163 0.337133 0.455342 0.738183 0.944606 0.591562 0.682429 0.030293 0.025189 0.36657 0.799661 0.0285576 0.0561363 0.859861 0.0482014 0.183964 0.469273 0.0658546 0.393965 0.295088 0.719126 0.362422 0.0678173 0.415772 0.516398 0.876282 0.614805 0.478033 0.630634 0.341558 0.164504 0.759869 0.929276 0.317548 0.335886 0.01439 0.0921002 0.18115 0.440288 0.638261 0.310995 0.906346 0.648776 0.955413 0.199305 0.315902 0.210348 0.670449 0.231692 0.0776004 0.239939 0.869658 0.480866 0.349471 0.975029 0.841554 0.879321 0.716241 0.917991 0.0644808 0.459438 0.255131 0.205539 0.571132 0.485496 0.999368 0.716935 0.744286 0.394919 0.822497 0.341472 0.574141 0.602984 0.595452 0.735979 0.180383 0.517579 0.939533 0.909963 0.497415 0.213448 0.856878 0.673617 0.903723 0.789854 0.692145 0.851943 0.90067 0.756994 0.147593 0.490682 0.319916 0.656011 0.22596 0.604585 0.739354 0.481873 0.469846 0.466561 0.589683 0.601501 0.457822 0.996237 0.487131 0.55338 0.154549 0.0700952 0.46761 0.699153 0.982003 0.938457 0.638987 0.330373 0.906295 0.605438 0.971542 0.0836784 0.191791 0.0402003 0.79412 0.194079 0.74289 0.765472 0.0147643 0.323595 0.475463 0.356852 0.242012 0.373428 0.385493 0.774685 0.895543 0.143228 0.803767 0.189054 0.217146 0.706223 0.55267 0.0269095 0.844083 0.512798 0.148763 0.59559 0.583076 0.783432 0.70926 0.697614 0.626508 0.241746 0.549856 0.487281 0.0987267 0.57359 0.0379057 0.792856 0.497858 0.684796 0.769333 0.0511582 0.124944 0.160714 0.868128 0.540531 0.947602 0.641136 0.842667 0.118125 0.086744
0.509361 0.0601816 0.406989 0.762896 0.762283 0.722377 0.41921 0.113343 0.635421 0.73257 0.148421 0.505494 0.86264 0.876283 0.217086 0.146885 0.532189 0.561897 0.274537 0.563977 0.915496 0.025185 0.193237 0.244712 0.171344 0.817407 0.177092 0.0198457 0.280614 0.289186 0.0739688 0.44177 0.303375 0.983248 0.678622 0.273564 0.990145 0.961603 0.141899 0.301204 0.855603 0.162858 0.0193467 0.932914 0.353597 0.97878 0.222244 0.711161 0.868127 0.288968 0.207234 0.912476 0.209369 0.486471 0.632155 0.911007 0.405176 0.927169 0.303161 0.25479 0.0196998 0.870205 0.997279 0.20428 0.408583 0.873542 0.032137 0.58306 0.99315 0.860764 0.192902 0.302097 0.940002 0.433264 0.280314 0.513205 0.753013 0.250318 0.840665 0.524458 0.0998097 0.623319 0.0926401 0.15035 0.838999 0.632982 0.184451 0.14468 0.684239 0.713774 0.925659 0.416122 0.962491 0.633361 0.489293 0.302522 0.593338 0.878838 0.910876 0.683395 0.597793 0.136303 0.852438 0.958955 0.786624 0.390782 0.172329 0.889337 0.110302 0.942933 0.0572475 0.754988 0.0151962 0.289556 0.828485 0.565528 0.295863 0.364468 0.672034 0.854755 0.0460181 0.475152 0.368032 0.889619 0.563999 0.351567 0.869395 0.220168 0.647773 0.108556 0.124906 0.47463 0.334213 0.990649 0.0850262 0.883137 0.420156 0.600173 0.864584 0.600768 0.504955 0.508461 0.516042 0.388651 0.327988 0.76554 0.540317 0.258921 0.39544 0.335295 0.928817 0.758919 0.321558 0.0368833 0.864721 0.635422 0.17829 0.687385 0.013749 0.0210048 0.486152 0.386928 0.260272 0.357703 0.693857 0.252439 0.794932 0.208821 0.931752 0.0929481 0.97019 0.509075 0.212528 0.277794 0.181363 0.323491 0.3797 0.092015 0.179968 0.707158 0.237728 0.541449 0.139749 0.945531 0.536563 0.304671 0.3127 0.435485 0.206729 0.99624 0.447646 0.407917 0.175086 0.840555 0.979435 0.167099 0.317379 0.0122922 0.325474 0.248727
0.800941 0.760073 0.359647 0.395195 0.500628 0.224231 0.511778 0.658683 0.289389 0.360823 0.832659 0.0341359 0.171209 0.237249 0.130238 0.903078 0.656565 0.227035 0.8952 0.242314 0.190829 0.685429 0.708079 0.500016 0.6675 0.768275 0.408014 0.396022 0.221536 0.219859 0.570464 0.729588 0.147416 0.698176 0.48577 0.701625 0.835772 0.844944 0.238925 0.050741 0.319299 0.748498 0.259051 0.0735669 0.290307 0.723617 0.809331 0.975616 0.822367 0.737751 0.246049 0.337372 0.982359 0.379366 0.847443 0.127409 0.527407 0.633346 0.00571934 0.272408 0.73153 0.60499 0.62146 0.683089 0.875884 0.500586 0.958343 0.911169 0.427509 0.515496 0.383314 0.48353 0.397781 0.259195 0.353932 0.776542 0.813648 0.206142 0.252551 0.880914 0.500661 0.797307 0.0699665 0.599362 0.488722 0.878747 0.563639 0.618686 0.920316 0.413273 0.781776 0.127672 0.205949 0.611966 0.310317 0.937237 0.619337 0.12343 0.4193 0.0155655 0.564102 0.377926 0.565669 0.298726 0.442078 0.896493 0.477739 0.889924 0.748695 0.150695 0.334723 0.325446 0.820226 0.77989 0.124274 0.13305 0.959946 0.182591 0.159522 0.297677 0.373286 0.0445058 0.7395 0.374466 0.2259 0.729615 0.446764 0.660934 0.935362 0.00741104 0.937816 0.39061 0.0134721 0.747374 0.716297 0.986289 0.465083 0.518902 0.751606 0.452115 0.255731 0.503425 0.258423 0.333472 0.0745374 0.380955 0.401267 0.786744 0.657099 0.207779 0.767308 0.878615 0.518581 0.153353 0.589723 0.46728 0.682261 0.383349 0.486472 0.196587 0.0383457 0.620457 0.286246 0.172561 0.375992 0.881307 0.851709 0.51977 0.26361 0.630576 0.557165 0.538791 0.956659 0.878039 0.608723 0.786603 0.350138 0.658762 0.966965 0.947586 0.84269 0.084147 0.777513 0.406012 0.777277 0.956538 0.0850115 0.867397 0.56586 0.0823878 0.542003 0.624572 0.355905 0.195981 0.803441 0.950575 0.492441 0.746063 0.399482 0.811787
0.87215 0.304511 0.97847 0.174563 0.0459179 0.82258 0.788004 0.986898 0.185966 0.392437 0.289069 0.850211 0.577022 0.00606799 0.301801 0.751155 0.862889 0.913868 0.703301 0.11562 0.843901 0.511247 0.645047 0.132531 0.00951241 0.00883118 0.0691105 0.787389 0.322468 0.505799 0.972899 0.0688118 0.275475 0.717713 0.226267 0.295619 0.468474 0.215544 0.0329357 0.037438 0.852162 0.165096 0.715737 0.72833 0.302651 0.356002 0.183618 0.0923327 0.213151 0.603636 0.199148 0.275029 0.165716 0.182055 0.063907 0.637079 0.990956 0.681724 0.071522 0.742535 0.536203 0.236383 0.572188 0.993866 0.382121 0.701598 0.893782 0.861478 0.563609 0.408296 0.545275 0.877749 0.276984 0.413293 0.467617 0.280133 0.739575 0.350358 0.447442 0.677167 0.131557 0.0609017 0.710051 0.936116 0.327333 0.636837 0.809792 0.356793 0.628213 0.396527 0.975394 0.15684 0.8677 0.458045 0.118429 0.948736 0.135298 0.150637 0.216826 0.0579917 0.336421 0.447636 0.544588 0.454873 0.827702 0.684666 0.367657 0.279559 0.151016 0.483432 0.230574 0.184268 0.499502 0.690268 0.702992 0.669952 0.218973 0.397526 0.509504 0.0786982 0.153814 0.1897 0.0177032 0.503631 0.959116 0.0659561 0.607519 0.235812 0.0348356 0.768443 0.652673 0.564547 0.182197 0.766796 0.426649 0.477858 0.577997 0.6919 0.878907 0.537689 0.365804 0.163464 0.0421382 0.409415 0.659238 0.0888655 0.596163 0.453742 0.405319 0.572618 0.300968 0.648868 0.636921 0.834507 0.0786328 0.79191 0.244306 0.178204 0.759901 0.945744 0.529159 0.0271313 0.966292 0.605194 0.754584 0.630658 0.438689 0.962217 0.70337 0.0796628 0.470017 0.370141 0.465279 0.168179 0.534673 0.00730185 0.139691 0.129407 0.256499 0.543891 0.877327 0.987311 0.847643 0.398857 0.886107 0.790633 0.611762 0.431331 0.365 0.514876 0.119432 0.712661 0.303757 0.368797 0.121341 0.914714 0.930701 0.273194 0.954497 0.456684
0.848296 0.0281109 0.733493 0.903501 0.739868 0.583943 0.486953 0.162137 0.525982 0.479283 0.32528 0.507453 0.229019 0.0583982 0.338272 0.15713 0.104693 0.528228 0.668804 0.233934 0.443425 0.668026 0.613298 0.569049 0.350582 0.118232 0.475852 0.535886 0.965128 0.423574 0.386759 0.21345 0.515169 0.283257 0.421503 0.946955 0.600004 0.30171 0.216821 0.58278 0.835538 0.575458 0.618409 0.772465 0.581248 0.051926 0.789217 0.113725 0.967441 0.364468 0.286417 0.601849 0.477044 0.192746 0.178346 0.363117 0.282187 0.381951 0.255745 0.940695 0.213429 0.939108 0.787261 0.520663 0.328059 0.424531 0.494237 0.346922 0.353873 0.405516 0.345245 0.967916 0.139532 0.904017 0.697085 0.191601 0.592014 0.175075 0.773697 0.260315 0.69231 0.735094 0.555778 0.172573 0.366785 0.99709 0.641014 0.74608 0.0199554 0.118234 0.62671 0.823748 0.307245 0.928911 0.110896 0.214832 0.445465 0.847486 0.120282 0.727875 0.112967 0.851755 0.868397 0.995882 0.933858 0.67652 0.352721 0.946819 0.0268377 0.766399 0.364111 0.58578 0.00566542 0.287396 0.916055 0.377095 0.535244 0.420618 0.933232 0.444657 0.531271 0.936631 0.262049 0.0122339 0.652992 0.53906 0.636519 0.383082 0.401878 0.439531 0.560978 0.476816 0.62612 0.735661 0.279072 0.0717992 0.643819 0.686625 0.859506 0.146495 0.955934 0.289462 0.140016 0.970732 0.97722 0.0488151 0.0785956 0.846458 0.870617 0.444958 0.650769 0.746788 0.167873 0.652258 0.882603 0.0100452 0.596636 0.495265 0.235013 0.430611 0.711118 0.282678 0.637305 0.888038 0.081085 0.193893 0.57427 0.704478 0.870113 0.505237 0.663093 0.347029 0.471703 0.846227 0.0786491 0.691415 0.17688 0.649237 0.869525 0.187925 0.0656809 0.758803 0.378145 0.180539 0.995805 0.9358 0.696286 0.194483 0.422423 0.620233 0.0694893 0.518897 0.700182 0.35374 0.251815 0.814515 0.83323 0.4947 0.596194 0.0351528
0.389947 0.524595 0.0355315 0.978607 0.430501 0.162735 0.74914 0.206802 0.707384 0.234354 0.129594 0.508049 0.729943 0.864766 0.804482 0.959845 0.159141 0.536364 0.755549 0.0597938 0.26312 0.709146 0.316566 0.796924 0.944175 0.80879 0.0333313 0.141504 0.127037 0.575048 0.244788 0.0135819 0.594253 0.093527 0.719749 0.725216 0.401311 0.209423 0.293123 0.34957 0.347237 0.199778 0.327007 0.295657 0.899566 0.232607 0.612442 0.373264 0.589194 0.722423 0.488352 0.125881 0.461091 0.770621 0.467406 0.879402 0.476052 0.00958617 0.578039 0.807879 0.919649 0.437452 0.208054 0.138875 0.207889 0.550758 0.227134 0.169698 0.326266 0.378436 0.812142 0.44651 0.454199 0.494435 0.644233 0.51745 0.356381 0.0561396 0.357175 0.211091 0.824231 0.984025 0.173191 0.131627 0.0327071 0.693322 0.890802 0.264159 0.718272 0.795277 0.158319 0.583631 0.44131 0.48629 0.372034 0.887519 0.280323 0.932781 0.703187 0.982963 0.993355 0.645857 0.371138 0.30105 0.089873 0.297015 0.0980998 0.808571 0.661095 0.754324 0.154258 0.783997 0.193515 0.0867014 0.359089 0.195829 0.351088 0.165257 0.395791 0.89394 0.807774 0.351814 0.764478 0.713121 0.0632563 0.746689 0.456247 0.644223 0.510781 0.42657 0.57802 0.551805 0.47813 0.405594 0.590415 0.0134508 0.0696677 0.413003 0.204707 0.983791 0.673869 0.608319 0.713009 0.248663 0.0759455 0.898554 0.712287 0.214061 0.151049 0.321803 0.00709874 0.558183 0.951698 0.467451 0.558504 0.649111 0.20544 0.953499 0.924318 0.676858 0.191111 0.760554 0.406313 0.108945 0.3899 0.808182 0.865715 0.802363 0.0271982 0.157163 0.958833 0.920245 0.373756 0.301445 0.546417 0.898334 0.987358 0.18569 0.53951 0.213632 0.663482 0.894624 0.0220819 0.69685 0.81172 0.0347754 0.839682 0.811753 0.644301 0.720696 0.820603 0.502551 0.855569 0.42039 0.581043 0.656758 0.945442 0.382685 0.370044 0.264145
0.221924 0.201955 0.102076 0.715327 0.53763 0.00450662 0.816028 0.917055 0.372687 0.770159 0.442889 0.326049 0.503922 0.600235 0.778431 0.48166 0.0923518 0.458151 0.089031 0.0220912 0.693851 0.978844 0.16931 0.236807 0.797514 0.641703 0.952898 0.295629 0.555976 0.961118 0.769734 0.531483 0.329794 0.203065 0.299029 0.69517 0.151106 0.546772 0.624859 0.756413 0.707093 0.648879 0.223279 0.618124 0.662277 0.574479 0.38546 0.234082 0.298798 0.616956 0.896956 0.966571 0.917181 0.765628 0.593976 0.921322 0.21741 0.213426 0.977074 0.740482 0.488103 0.668543 0.0722085 0.687183 0.472518 0.959683 0.133274 0.260119 0.246544 0.00587519 0.925119 0.488877 0.434587 0.555549 0.124581 0.272118 0.185232 0.775708 0.062387 0.690802 0.63866 0.665346 0.405627 0.150103 0.598095 0.848789 0.485554 0.533539 0.326434 0.61157 0.675564 0.00814137 0.0648239 0.383133 0.949558 0.873525 0.481064 0.928543 0.522179 0.71871 0.430447 0.225806 0.620951 0.48598 0.410579 0.608243 0.793155 0.0693887 0.955109 0.463094 0.146307 0.811186 0.0285267 0.44316 0.118647 0.713902 0.170481 0.424513 0.800889 0.503123 0.188311 0.927343 0.126838 0.925162 0.729303 0.454329 0.187354 0.55735 0.938022 0.698504 0.0685818 0.191356 0.709031 0.298476 0.34767 0.917211 0.146187 0.416803 0.219477 0.343697 0.564486 0.824613 0.727783 0.23854 0.289795 0.631645 0.323049 0.44547 0.83943 0.998655 0.947574 0.176333 0.427441 0.564326 0.709581 0.504673 0.34705 0.17365 0.677524 0.580383 0.0761853 0.123238 0.29689 0.456847 0.720856 0.794322 0.850135 0.853352 0.651896 0.0225064 0.025487 0.150051 0.531737 0.126248 0.142577 0.557759 0.778386 0.251712 0.26898 0.570676 0.542491 0.480951 0.988019 0.539604 0.986974 0.282632 0.565677 0.496415 0.95823 0.611742 0.457557 0.821475 0.151687 0.501924 0.81638 0.626974 0.991368 0.809198 0.288348 0.791336
0.130614 0.0533262 0.741226 0.784554 0.267677 0.35398 0.0559471 0.298052 0.579139 0.718281 0.218814 0.00728611 0.751825 0.237832 0.266354 0.00318285 0.85576 0.637063 0.518955 0.770646 0.924287 0.53788 0.320999 0.250652 0.207967 0.745294 0.00935118 0.966198 0.697098 0.0961271 0.103939 0.0810433 0.983135 0.108245 0.60707 0.656595 0.260481 0.427688 0.707087 0.22114 0.61573 0.800805 0.0452517 0.171007 0.552869 0.082213 0.935035 0.187377 0.439982 0.294533 0.84421 0.328789 0.458406 0.944418 0.696298 0.151035 0.365685 0.526134 0.375643 0.36562 0.0522994 0.591552 0.208948 0.309408 0.190536 0.625589 0.77541 0.639343 0.340193 0.288191 0.100869 0.0230036 0.356503 0.864568 0.310072 0.838746 0.994841 0.958651 0.0479864 0.482646 0.780663 0.0251764 0.630154 0.446655 0.225198 0.35315 0.484202 0.358733 0.93453 0.404877 0.231189 0.0400237 0.401662 0.668952 0.988545 0.434216 0.00777337 0.612965 0.235766 0.171017 0.253212 0.427453 0.858324 0.19795 0.40541 0.902937 0.366167 0.197657 0.243213 0.813195 0.108908 0.776436 0.347871 0.768165 0.23759 0.0701998 0.192405 0.023041 0.966926 0.527893 0.0401935 0.952942 0.247721 0.860946 0.48326 0.707592 0.321429 0.963782 0.44099 0.0284443 0.301645 0.234853 0.270109 0.646903 0.250665 0.844207 0.0427435 0.595122 0.790855 0.48376 0.130399 0.827114 0.184577 0.531841 0.292856 0.902771 0.836458 0.490012 0.215238 0.409165 0.459341 0.860047 0.0673737 0.61704 0.366986 0.319158 0.0920237 0.209589 0.315219 0.435749 0.175545 0.864818 0.261243 0.747166 0.867947 0.0364402 0.89943 0.871112 0.691713 0.855265 0.868077 0.494036 0.505918 0.155963 0.341227 0.77046 0.251013 0.938032 0.163611 0.232587 0.514661 0.237448 0.915017 0.684747 0.673646 0.550937 0.836505 0.656618 0.61321 0.309726 0.108216 0.661788 0.97927 0.440638 0.61228 0.478694 0.430166 0.634906 0.580924 0.131252
0.780803 0.464728 0.940154 0.322283 0.78667 0.986235 0.309366 0.497941 0.590795 0.947425 0.800576 0.728346 0.823483 0.487419 0.689655 0.0581875 0.806605 0.11995 0.0909321 0.269494 0.654952 0.523752 0.0960754 0.101842 0.590221 0.209675 0.897879 0.44411 0.19541 0.710016 0.28238 0.926888 0.466599 0.575518 0.654546 0.945287 0.0788336 0.1686 0.126076 0.489635 0.987941 0.91063 0.904099 0.177233 0.546153 0.204078 0.105274 0.537237 0.473893 0.687283 0.0548532 0.565504 0.222358 0.441838 0.780201 0.682634 0.505089 0.433192 0.00803747 0.678145 0.369318 0.512473 0.329207 0.779939 0.596354 0.679067 0.342464 0.0408264 0.0988791 0.044216 0.227604 0.706936 0.673576 0.419147 0.558727 0.000956538 0.0405884 0.0170503 0.388924 0.304489 0.386748 0.748841 0.473553 0.013181 0.725534 0.547573 0.781367 0.829163 0.124275 0.153882 0.892406 0.446453 0.599137 0.411499 0.686617 0.640204 0.900089 0.393843 0.822407 0.186694 0.588966 0.343166 0.872906 0.866735 0.792205 0.826229 0.42821 0.765072 0.171827 0.38976 0.0917184 0.706204 0.0517622 0.492273 0.744472 0.689823 0.0959135 0.465679 0.172596 0.897754 0.866654 0.723377 0.733303 0.231862 0.861152 0.775065 0.658387 0.323163 0.510669 0.795728 0.584646 0.335276 0.232857 0.563417 0.836817 0.34843 0.81555 0.416652 0.790172 0.653691 0.942692 0.76216 0.279435 0.392719 0.717909 0.950402 0.135099 0.35705 0.302565 0.561915 0.201761 0.842403 0.391857 0.56553 0.423914 0.763606 0.803241 0.351361 0.475951 0.127937 0.45225 0.83144 0.605214 0.111538 0.878484 0.363808 0.0958057 0.613262 0.00155082 0.346496 0.507941 0.654635 0.424507 0.155867 0.984255 0.788035 0.959927 0.0864064 0.885401 0.00449906 0.255196 0.484581 0.577332 0.227061 0.18014 0.654984 0.602207 0.717141 0.845865 0.250159 0.781786 0.119606 0.0203368 0.208903 0.320931 0.764584 0.789845 0.0206523 0.31639 0.238913
0.230571 0.177449 0.577168 0.731635 0.405702 0.283724 0.466392 0.59252 0.819606 0.235599 0.840775 0.986408 0.35047 0.799578 0.521208 0.209497 0.280359 0.171327 0.552696 0.585379 0.414576 0.619625 0.779101 0.642973 0.824001 0.540569 0.60627 0.900101 0.160734 0.948741 0.966629 0.767032 0.444551 0.72571 0.284636 0.319099 0.205168 0.620999 0.291551 0.784432 0.341321 0.214526 0.693289 0.4628 0.396461 0.255805 0.894257 0.664983 0.22009 0.545088 0.682503 0.387002 0.377277 0.748759 0.824493 0.00589908 0.583917 0.389413 0.817036 0.904825 0.645274 0.714282 0.526799 0.845326 0.922685 0.307743 0.503942 0.915808 0.378504 0.0570923 0.409319 0.36324 0.449079 0.206997 0.565039 0.819125 0.301741 0.611462 0.426779 0.286987 0.162981 0.261343 0.711476 0.245297 0.0604222 0.812493 0.319661 0.627015 0.0954733 0.2423 0.00554916 0.231444 0.575246 0.132138 0.109067 0.265974 0.738687 0.802437 0.843929 0.804674 0.894504 0.571171 0.153041 0.101824 0.750668 0.694559 0.346873 0.407036 0.059993 0.679255 0.0978324 0.431423 0.819298 0.670351 0.837421 0.109303 0.387679 0.485604 0.0512567 0.0326297 0.570126 0.833334 0.206861 0.157284 0.146156 0.558363 0.33459 0.492898 0.027209 0.50654 0.953419 0.89748 0.066667 0.689927 0.236951 0.606408 0.734392 0.154605 0.352678 0.151382 0.66889 0.372915 0.0253352 0.772039 0.896551 0.0946193 0.800159 0.543128 0.48906 0.637683 0.419281 0.189843 0.0602272 0.388105 0.403366 0.690994 0.242172 0.984184 0.221581 0.0286376 0.925563 0.598535 0.867012 0.276522 0.218186 0.409502 0.442045 0.625392 0.857349 0.1742 0.899843 0.452327 0.445775 0.0956729 0.570542 0.647781 0.532589 0.221697 0.369596 0.373168 0.898236 0.403855 0.0756094 0.507782 0.500107 0.2668 0.973208 0.629747 0.625327 0.507229 0.846359 0.189848 0.461228 0.867208 0.837221 0.660019 0.0277646 0.597364 0.174996 0.980069
0.207522 0.194084 0.861325 0.953494 0.824374 0.885642 0.311337 0.309343 0.00273126 0.135428 0.0869429 0.541557 0.63781 0.56367 0.257305 0.568533 0.685392 0.0261897 0.636499 0.450345 0.415101 0.90158 0.0347375 0.188866 0.0826659 0.18958 0.180867 0.138144 0.888148 0.804469 0.944648 0.189763 0.0560593 0.912759 0.185363 0.802292 0.0906808 0.106145 0.484599 0.721127 0.361347 0.237191 0.383523 0.901294 0.384926 0.530911 0.229704 0.806005 0.266987 0.995823 0.452264 0.272613 0.629699 0.41347 0.0729465 0.39262 0.680046 0.0401206 0.82185 0.570954 0.423122 0.173554 0.356438 0.0520973 0.452249 0.457359 0.762478 0.0240048 0.400048 0.294225 0.0777582 0.501623 0.527138 0.732788 0.231838 0.339128 0.813093 0.702405 0.209188 0.72763 0.220375 0.747556 0.0914767 0.832337 0.85547 0.831494 0.997459 0.454197 0.418822 0.941656 0.544253 0.823356 0.782344 0.860195 0.140848 0.28886 0.664405 0.199636 0.578743 0.761881 0.16649 0.788974 0.404918 0.758937 0.470346 0.499508 0.537745 0.177424 0.587974 0.566871 0.870244 0.171464 0.496638 0.542384 0.103002 0.789567 0.624399 0.612809 0.866893 0.865198 0.949683 0.41452 0.205792 0.991124 0.328812 0.990421 0.809128 0.215037 0.841543 0.821455 0.401166 0.83395 0.79336 0.414561 0.419733 0.484157 0.854632 0.197832 0.22603 0.876102 0.667318 0.370342 0.576772 0.509132 0.0693067 0.696254 0.860232 0.463094 0.036571 0.0372363 0.480284 0.421908 0.755504 0.178625 0.56935 0.18184 0.287135 0.282789 0.362225 0.450158 0.863018 0.536853 0.981085 0.0526314 0.300343 0.142252 0.580585 0.710071 0.647793 0.524722 0.723684 0.0140026 0.551916 0.59431 0.77418 0.478845 0.671944 0.859653 0.698139 0.000350279 0.922292 0.906529 0.213177 0.627846 0.504431 0.225416 0.515196 0.842869 0.696024 0.63912 0.739106 0.410507 0.800664 0.810362 0.666965 0.0626514 0.968058 0.881766 0.0788248 0.794493
0.718732 0.0377342 0.39912 0.350519 0.973947 0.222393 0.828344 0.249896 0.851547 0.788098 0.0476208 0.316082 0.705714 0.425034 0.766826 0.140752 0.223501 0.863844 0.825337 0.32671 0.519212 0.858898 0.547521 0.685158 0.633863 0.235247 0.173357 0.490546 0.740807 0.384286 0.683452 0.784537 0.755495 0.527397 0.547097 0.187833 0.98315 0.962303 0.244196 0.22987 0.554458 0.183151 0.208122 0.823039 0.0615423 0.797917 0.259817 0.749192 0.184273 0.581145 0.972575 0.768355 0.501405 0.326119 0.0880103 0.624996 0.733649 0.638843 0.499771 0.255409 0.225535 0.463704 0.404432 0.284598 0.19013 0.0811381 0.0238631 0.675806 0.487451 0.460553 0.836887 0.196555 0.718726 0.676272 0.0864681 0.336948 0.81661 0.308854 0.963232 0.0242899 0.6268 0.703648 0.177753 0.337922 0.767931 0.146001 0.229381 0.0541697 0.701262 0.273673 0.534052 0.720152 0.842596 0.637299 0.476788 0.410279 0.858462 0.268307 0.842359 0.837852 0.513214 0.757294 0.623052 0.942313 0.413416 0.651215 0.943162 0.790976 0.591827 0.204746 0.124653 0.222272 0.0894854 0.462342 0.920475 0.481712 0.813584 0.996154 0.767493 0.251656 0.093833 0.0325361 0.451084 0.479857 0.490967 0.520615 0.393195 0.613047 0.37997 0.135196 0.6251 0.252497 0.550322 0.144491 0.808898 0.76568 0.713533 0.238184 0.495923 0.825092 0.350234 0.939444 0.708238 0.703678 0.47549 0.920777 0.546883 0.9388 0.533146 0.24376 0.918261 0.695514 0.9152 0.578949 0.252671 0.750775 0.718309 0.926805 0.486368 0.223932 0.871421 0.675781 0.675328 0.496457 0.981391 0.681143 0.235028 0.426911 0.932523 0.0667591 0.413224 0.265502 0.427375 0.949479 0.116481 0.085771 0.334265 0.533725 0.428766 0.0840917 0.927648 0.80148 0.133455 0.701793 0.393395 0.492932 0.524667 0.758994 0.947036 0.448055 0.518274 0.25912 0.602401 0.260293 0.0661782 0.180014 0.622429 0.00267198 0.812025 0.473401
0.0318786 0.527372 0.909959 0.770437 0.686177 0.119198 0.0869198 0.468189 0.21122 0.649898 0.965925 0.594664 0.163454 0.833526 0.715402 0.302686 0.477481 0.393114 0.510793 0.315498 0.165883 0.0960412 0.975308 0.407595 0.0246436 0.319375 0.729267 0.256423 0.997578 0.399669 0.841006 0.43858 0.551027 0.661983 0.833302 0.800676 0.241745 0.666896 0.721384 0.149955 0.554199 0.749431 0.588451 0.809751 0.908761 0.555463 0.765001 0.684051 0.881705 0.586198 0.0580715 0.427464 0.158222 0.884785 0.747368 0.239234 0.820242 0.423621 0.930938 0.646286 0.383329 0.566175 0.135996 0.717121 0.923237 0.46256 0.000443082 0.162202 0.988384 0.902591 0.0561389 0.442064 0.0639386 0.346234 0.927185 0.472642 0.336208 0.925776 0.750367 0.688476 0.314571 0.205271 0.156379 0.363853 0.152627 0.488701 0.492476 0.0243562 0.327085 0.607886 0.321068 0.71574 0.685455 0.482234 0.189847 0.847539 0.255684 0.384683 0.394512 0.488387 0.774762 0.850738 0.883044 0.992203 0.390638 0.303022 0.904316 0.635564 0.46045 0.0611988 0.0828074 0.313762 0.690252 0.786929 0.783434 0.110166 0.617281 0.701713 0.230778 0.501504 0.830211 0.407274 0.232641 0.93204 0.649494 0.834452 0.3998 0.612584 0.0645194 0.795424 0.0884395 0.839984 0.953319 0.575106 0.281776 0.0861634 0.173384 0.923394 0.437849 0.393505 0.517221 0.703039 0.897642 0.0640575 0.407789 0.607751 0.854025 0.205685 0.78164 0.398211 0.661158 0.679899 0.319528 0.151748 0.334865 0.33411 0.191565 0.868887 0.325211 0.442451 0.286918 0.305634 0.767473 0.0864212 0.417904 0.0822183 0.220876 0.725526 0.231083 0.500103 0.673303 0.940324 0.306693 0.844058 0.41045 0.349555 0.00118927 0.748593 0.215685 0.950841 0.789353 0.426317 0.239339 0.198113 0.394975 0.386082 0.472607 0.137196 0.656299 0.0942087 0.569314 0.844043 0.179303 0.70187 0.473902 0.0639102 0.935126 0.230547 0.569861 0.749705
0.456781 0.780768 0.121692 0.332189 0.293766 0.543182 0.324944 0.516694 0.61496 0.235356 0.697631 0.594063 0.970013 0.632781 0.515119 0.81702 0.199139 0.733677 0.225369 0.725839 0.0515438 0.975042 0.982554 0.495794 0.0312147 0.200561 0.904628 0.714135 0.423072 0.0655938 0.0988637 0.730678 0.743472 0.365604 0.480534 0.0132655 0.740948 0.542462 0.911952 0.923396 0.739054 0.847326 0.962293 0.582277 0.340709 0.300096 0.35766 0.748963 0.606496 0.54784 0.537805 0.785757 0.350093 0.340748 0.666744 0.871749 0.764243 0.781916 0.627139 0.702364 0.726053 0.407013 0.283733 0.299067 0.406833 0.649911 0.860024 0.4372 0.903054 0.524294 0.0500241 0.441188 0.675978 0.249295 0.685838 0.74352 0.256553 0.802082 0.616189 0.761743 0.0497804 0.701662 0.727876 0.360781 0.493289 0.443424 0.512971 0.958958 0.708584 0.337197 0.535733 0.0013583 0.90816 0.267536 0.168576 0.715174 0.751596 0.973744 0.0137638 0.279128 0.0432205 0.879832 0.416073 0.0084722 0.490478 0.721864 0.375329 0.912049 0.25405 0.266695 0.629578 0.271136 0.429295 0.623308 0.342059 0.423343 0.47747 0.132527 0.421078 0.151788 0.679216 0.310239 0.0598646 0.712018 0.904208 0.905329 0.314367 0.611141 0.714971 0.367465 0.668785 0.615642 0.241508 0.87861 0.597112 0.328888 0.270841 0.512182 0.556783 0.389549 0.72486 0.966617 0.566427 0.648441 0.919036 0.54695 0.828488 0.514812 0.814027 0.21626 0.962774 0.475892 0.0121343 0.731775 0.053093 0.548691 0.0527226 0.724188 0.912644 0.752063 0.893138 0.071392 0.414609 0.176642 0.840782 0.00627281 0.0972061 0.365515 0.0849831 0.823899 0.490842 0.158825 0.312534 0.720557 0.457784 0.541392 0.749837 0.854097 0.709679 0.552121 0.0306709 0.217087 0.73593 0.320467 0.537742 0.560108 0.618147 0.0207049 0.775296 0.828058 0.96203 0.36719 0.856234 0.155457 0.854846 0.840165 0.445368 0.309362 0.144204 0.893098
0.305555 0.15037 0.652491 0.422019 0.721668 0.444864 0.159852 0.683972 0.899532 0.189285 0.947516 0.380034 0.844028 0.0218597 0.441946 0.439743 0.833192 0.902375 0.800744 0.282637 0.943671 0.109289 0.93235 0.913369 0.0337633 0.765572 0.637017 0.0647856 0.499629 0.543001 0.758167 0.973607 0.917207 0.144175 0.283036 0.964367 0.603941 0.320246 0.358526 0.530633 0.930772 0.0996925 0.80995 0.195762 0.479786 0.0594864 0.883067 0.360085 0.109087 0.474488 0.0895384 0.565651 0.385438 0.301624 0.895474 0.808785 0.887392 0.292074 0.534947 0.11433 0.32356 0.786584 0.535757 0.336912 0.224732 0.874141 0.857155 0.437463 0.355589 0.989308 0.604486 0.248985 0.363739 0.453742 0.595592 0.265441 0.0132145 0.402143 0.951591 0.542637 0.343492 0.917382 0.332333 0.327595 0.888325 0.948074 0.552119 0.0912792 0.223932 0.112485 0.27511 0.149529 0.510649 0.244304 0.707274 0.944607 0.65345 0.734065 0.9922 0.777673 0.584219 0.802316 0.879946 0.550856 0.641049 0.969323 0.0143994 0.818536 0.578025 0.689254 0.138808 0.0734217 0.519116 0.903273 0.49257 0.940534 0.488198 0.86893 0.108354 0.415387 0.175855 0.104736 0.22482 0.0068551 0.376253 0.882941 0.772465 0.528571 0.622885 0.776105 0.862073 0.334779 0.222525 0.0910875 0.756625 0.396566 0.679259 0.269313 0.867745 0.337824 0.641051 0.631139 0.556659 0.881017 0.454625 0.819511 0.0941603 0.891685 0.515033 0.509269 0.998996 0.57583 0.8712 0.0278995 0.874409 0.691424 0.872228 0.800119 0.192492 0.475653 0.436677 0.309266 0.32757 0.882746 0.00753496 0.327747 0.637734 0.823064 0.209681 0.240643 0.5647 0.215287 0.124379 0.854261 0.241323 0.215615 0.378335 0.0790163 0.250644 0.348605 0.3412 0.0898041 0.545074 0.217993 0.811948 0.430546 0.399806 0.058232 0.287795 0.602524 0.72484 0.634286 0.0705658 0.247545 0.948962 0.288611 0.321105 0.605 0.763069 0.364062
0.0574779 0.561303 0.187711 0.627712 0.387635 0.383643 0.512058 0.86607 0.386393 0.343699 0.0133189 0.10298 0.625105 0.432519 0.934916 0.723342 0.158444 0.131488 0.086138 0.347087 0.950919 0.887261 0.758959 0.391354 0.369597 0.586252 0.883928 0.508707 0.192804 0.66691 0.677152 0.745676 0.305331 0.661417 0.314129 0.843742 0.489488 0.643793 0.113691 0.582766 0.365102 0.892673 0.215204 0.95833 0.206183 0.208414 0.872147 0.291685 0.85822 0.387299 0.162945 0.25645 0.467885 0.620724 0.146571 0.16328 0.571459 0.373585 0.960656 0.0444223 0.208799 0.999208 0.0726489 0.761907 0.0355154 0.772836 0.766554 0.459023 0.779116 0.767204 0.807863 0.748225 0.980898 0.0592785 0.812372 0.0777417 0.433189 0.906211 0.214176 0.196316 0.766964 0.384411 0.680924 0.951972 0.390394 0.0620321 0.143223 0.521663 0.958306 0.465746 0.405321 0.300211 0.797679 0.74374 0.329877 0.294552 0.13516 0.896431 0.42589 0.428071 0.614863 0.486611 0.770655 0.883389 0.708497 0.614712 0.506639 0.361488 0.806835 0.679524 0.159416 0.350994 0.0475804 0.459085 0.185999 0.187987 0.418322 0.823582 0.642127 0.198057 0.0275121 0.0253319 0.540865 0.92955 0.771443 5.97433e-06 0.273627 0.281119 0.511164 0.302786 0.317453 0.596993 0.357972 0.567066 0.910999 0.779498 0.699974 0.384982 0.225462 0.74457 0.483685 0.750872 0.906515 0.404522 0.61825 0.971743 0.222802 0.667755 0.779139 0.600391 0.115627 0.172394 0.585602 0.938106 0.963844 0.436683 0.66642 0.495897 0.746682 0.745791 0.660151 0.747417 0.853672 0.327006 0.0554912 0.292306 0.0503137 0.617932 0.969294 0.837195 0.867918 0.360331 0.597712 0.851764 0.741804 0.8412 0.260982 0.895589 0.655813 0.639845 0.725541 0.665994 0.659229 0.894291 0.159956 0.502671 0.0391471 0.657541 0.477681 0.0640243 0.608803 0.0125391 0.705787 0.201601 0.114124 0.73329 0.0375445 0.685485 0.319638 0.793298
0.439431 0.353823 0.776038 0.416669 0.875718 0.256824 0.263181 0.684929 0.257361 0.221935 0.612046 0.858061 0.271213 0.125894 0.931171 0.13292 0.605682 0.595695 0.608784 0.391675 0.500481 0.946985 0.496477 0.0133525 0.0576274 0.229641 0.266246 0.240006 0.32573 0.852845 0.185688 0.353254 0.524572 0.841432 0.190494 0.510196 0.504068 0.0182033 0.68435 0.919181 0.54251 0.798013 0.858243 0.0429954 0.845868 0.809778 0.54297 0.768163 0.407284 0.349753 0.110946 0.275374 0.00858552 0.523568 0.134975 0.0625165 0.958625 0.376815 0.481062 0.0422638 0.661105 0.615457 0.811897 0.601422 0.304527 0.215296 0.42252 0.378084 0.0890248 0.946251 0.697916 0.289325 0.674534 0.244851 0.570216 0.188218 0.586475 0.0493657 0.722648 0.836139 0.454404 0.0258549 0.174312 0.742391 0.830581 0.103825 0.166492 0.109356 0.00459433 0.320114 0.164236 0.98354 0.974351 0.72375 0.938963 0.107413 0.920632 0.497261 0.954676 0.597014 0.852285 0.75887 0.335187 0.739473 0.150621 0.902954 0.956061 0.995908 0.279058 0.419882 0.966942 0.115605 0.153186 0.619624 0.739047 0.80026 0.958433 0.683183 0.529659 0.626177 0.897985 0.519339 0.539247 0.288743 0.249369 0.203135 0.522005 0.63593 0.988482 0.628789 0.291598 0.041457 0.689975 0.435875 0.712185 0.14121 0.471163 0.72268 0.489411 0.449306 0.197237 0.773788 0.684822 0.072264 0.717178 0.454633 0.127144 0.99483 0.820315 0.354871 0.163042 0.940976 0.477928 0.238894 0.528234 0.0340472 0.49153 0.657077 0.79877 0.108101 0.761959 0.29289 0.239965 0.334213 0.4037 0.0330806 0.677834 0.0470371 0.321185 0.994122 0.48763 0.61883 0.208137 0.27757 0.781787 0.242207 0.349625 0.496459 0.859384 0.0354228 0.893878 0.457655 0.466299 0.735377 0.891815 0.793445 0.908146 0.103488 0.927541 0.739378 0.224746 0.847523 0.865615 0.470512 0.919444 0.802447 0.34042 0.242077 0.68341 0.534663
0.621596 0.344053 0.0991596 0.999994 0.553281 0.0302129 0.842014 0.609151 0.966848 0.242881 0.211271 0.541796 0.94158 0.0413166 0.497557 0.656016 0.618695 0.550142 0.960845 0.096424 0.989772 0.839633 0.94818 0.18762 0.250841 0.499313 0.208778 0.784453 0.299907 0.291994 0.182089 0.387521 0.839 0.818438 0.13178 0.754617 0.699324 0.295311 0.182963 0.570981 0.476345 0.0872379 0.632371 0.340452 0.906635 0.823136 0.736951 0.483146 0.647463 0.459727 0.0724855 0.239221 0.579079 0.629624 0.997164 0.561179 0.560745 0.52623 0.365135 0.527461 0.712104 0.547804 0.25571 0.530223 0.622933 0.301251 0.864055 0.622909 0.172899 0.546535 0.991443 0.0498423 0.178502 0.603752 0.47098 0.411524 0.702919 0.857303 0.107052 0.836121 0.425239 0.616196 0.0280403 0.155765 0.356468 0.273437 0.909464 0.533816 0.132614 0.552116 0.699561 0.12151 0.691926 0.00281458 0.658896 0.954699 0.81316 0.0405128 0.76038 0.558349 0.0535877 0.320824 0.179937 0.372411 0.0927738 0.804551 0.584621 0.580642 0.726068 0.650012 0.503388 0.900751 0.559519 0.0500496 0.623067 0.860131 0.712646 0.901012 0.262265 0.79436 0.379092 0.926646 0.979476 0.954866 0.0741218 0.965304 0.548623 0.961436 0.653803 0.046843 0.0185126 0.0899362 0.667554 0.482619 0.723572 0.422045 0.705553 0.857578 0.536236 0.428155 0.35101 0.995559 0.505199 0.359667 0.775795 0.326319 0.732769 0.41759 0.942527 0.330371 0.194627 0.745396 0.855328 0.269225 0.278964 0.828146 0.964289 0.403201 0.0509749 0.468116 0.0681087 0.409696 0.588951 0.638092 0.955304 0.653301 0.317256 0.415516 0.104097 0.568379 0.144725 0.924457 0.635909 0.728578 0.462741 0.947769 0.0354353 0.986146 0.0577796 0.833127 0.595844 0.43261 0.948115 0.944635 0.972934 0.687421 0.382447 0.675572 0.24893 0.286571 0.539507 0.443513 0.636061 0.0479076 0.613736 0.887463 0.0550424 0.313393 0.426711 0.847301
0.95222 0.600135 0.459309 0.567351 0.0414504 0.213167 0.0237599 0.929349 0.72414 0.208085 0.135594 0.178017 0.846157 0.65514 0.658741 0.345209 0.745391 0.81909 0.327194 0.948856 0.777901 0.759579 0.394884 0.0722911 0.687315 0.594865 0.788609 0.832663 0.327992 0.348839 0.64424 0.325798 0.361918 0.032558 0.00698499 0.636089 0.0569497 0.286872 0.226717 0.123049 0.327911 0.282226 0.316199 0.299277 0.610899 0.389566 0.148175 0.546925 0.958 0.288999 0.440514 0.456709 0.431298 0.765277 0.363902 0.520955 0.771706 0.792281 0.179761 0.449498 0.840325 0.668675 0.0753314 0.699287 0.608594 0.216154 0.742426 0.988466 0.801654 0.11856 0.382357 0.890315 0.34706 0.129044 0.581031 0.173033 0.476236 0.508616 0.851715 0.419551 0.864248 0.0747565 0.574566 0.17235 0.54128 0.314021 0.580104 0.630098 0.273133 0.0337275 0.949922 0.281645 0.0270174 0.474108 0.956002 0.0623334 0.466291 0.342283 0.279073 0.862808 0.471448 0.844793 0.517946 0.228559 0.932367 0.112782 0.0666611 0.343209 0.601953 0.24171 0.460115 0.515359 0.362265 0.432704 0.381106 0.491706 0.915102 0.686075 0.537576 0.733009 0.165775 0.368455 0.303317 0.833708 0.174906 0.0622626 0.659626 0.593602 0.840879 0.508814 0.633876 0.744028 0.0440435 0.965647 0.189056 0.262829 0.686658 0.648494 0.543734 0.783795 0.581679 0.0675527 0.0509839 0.667334 0.874831 0.925216 0.485404 0.240638 0.0905204 0.421239 0.582513 0.974825 0.985984 0.193948 0.868024 0.356672 0.244491 0.271987 0.459219 0.445925 0.243597 0.420166 0.897096 0.941616 0.0952433 0.273113 0.994775 0.835558 0.656177 0.661984 0.902627 0.203918 0.70918 0.967384 0.475365 0.527949 0.746959 0.852806 0.380657 0.964608 0.046969 0.0213443 0.379742 0.814168 0.416333 0.835763 0.597706 0.474104 0.025168 0.485251 0.985384 0.665104 0.933829 0.436185 0.520567 0.854611 0.0609012 0.680785 0.698599 0.984674
0.465346 0.76235 0.823505 0.582396 0.551807 0.806927 0.988965 0.43157 0.180154 0.0155789 0.780434 0.585883 0.0506596 0.103339 0.88732 0.568824 0.363391 0.178574 0.874703 0.525334 0.132401 0.259923 0.780558 0.794541 0.676989 0.216017 0.579193 0.943817 0.861839 0.333938 0.399027 0.880399 0.611794 0.899693 0.506613 0.590667 0.80277 0.349027 0.948027 0.00555776 0.856688 0.134194 0.297442 0.0685284 0.890457 0.548047 0.861181 0.403363 0.723483 0.360438 0.241233 0.228958 0.08285 0.187575 0.698738 0.94411 0.651171 0.830539 0.141748 0.270807 0.30124 0.53241 0.862224 0.961981 0.956695 0.435182 0.964126 0.484055 0.160515 0.622675 0.46245 0.118968 0.105523 0.360347 0.814215 0.248726 0.829281 0.387552 0.753127 0.411015 0.0927649 0.731871 0.431671 0.513443 0.812264 0.207393 0.58543 0.0415408 0.96913 0.703996 0.163666 0.986443 0.124774 0.477459 0.727634 0.587168 0.190775 0.527035 0.0296374 0.242674 0.278882 0.212007 0.331374 0.261784 0.609888 0.458997 0.21244 0.659545 0.239165 0.202366 0.867072 0.954263 0.846458 0.842192 0.199638 0.321709 0.89272 0.283361 0.620469 0.461218 0.645788 0.0574848 0.83114 0.811665 0.95507 0.230101 0.508859 0.659273 0.635826 0.681599 0.952825 0.0263313 0.858583 0.779488 0.128201 0.639462 0.017992 0.791213 0.995032 0.938464 0.684938 0.477616 0.411381 0.0375466 0.611525 0.405968 0.0804413 0.508155 0.723661 0.532795 0.681343 0.482185 0.686238 0.43194 0.0179002 0.053916 0.778617 0.38111 0.107628 0.544222 0.64502 0.695156 0.854171 0.462424 0.384768 0.117395 0.497578 0.251296 0.275834 0.0796642 0.243721 0.784584 0.45713 0.715509 0.225751 0.311654 0.681774 0.792199 0.88916 0.345 0.328398 0.760838 0.764594 0.0168165 0.844974 0.382805 0.962605 0.394777 0.622627 0.967101 0.67509 0.954989 0.949965 0.365157 0.0502858 0.17117 0.909945 0.818212 0.511743 0.359627
0.923043 0.563606 0.391682 0.760683 0.266382 0.182541 0.668867 0.213087 0.20738 0.262255 0.186858 0.772742 0.200304 0.499977 0.380447 0.450987 0.967725 0.0355808 0.0188418 0.162253 0.307105 0.149693 0.990249 0.591921 0.517927 0.456449 0.58668 0.602416 0.892727 0.984069 0.390107 0.312413 0.967153 0.315023 0.999786 0.227701 0.694259 0.712868 0.45618 0.841836 0.275466 0.831513 0.637016 0.356862 0.162885 0.186861 0.865557 0.345608 0.72677 0.0354579 0.162312 0.25466 0.0583684 0.389075 0.660531 0.267516 0.694734 0.600705 0.232789 0.848361 0.134078 0.485698 0.335707 0.807117 0.825908 0.653019 0.126703 0.450834 0.837665 0.940584 0.530227 0.32337 0.57584 0.483252 0.183604 0.328303 0.209575 0.0355981 0.936788 0.951095 0.226542 0.808907 0.834913 0.297615 0.495121 0.832094 0.606047 0.169799 0.189927 0.786432 0.523944 0.978584 0.901346 0.1074 0.144967 0.63275 0.236961 0.00573324 0.595287 0.553467 0.102473 0.633118 0.478571 0.0395659 0.822232 0.592968 0.588356 0.310269 0.0975835 0.630056 0.811718 0.904591 0.216235 0.681493 0.555669 0.625739 0.0628961 0.0955025 0.673814 0.450289 0.489739 0.0529337 0.867791 0.993771 0.769094 0.849863 0.903863 0.471071 0.813544 0.0343018 0.652065 0.699826 0.14838 0.999768 0.124084 0.778877 0.877464 0.62767 0.431565 0.678876 0.662908 0.423363 0.392495 0.920998 0.756933 0.475114 0.359779 0.382241 0.174051 0.133417 0.463052 0.36955 0.738864 0.950349 0.700504 0.0616413 0.28322 0.658763 0.948255 0.311806 0.664319 0.350147 0.300603 0.746751 0.85669 0.682466 0.915653 0.486724 0.181845 0.638083 0.513066 0.507012 0.839455 0.0132839 0.92465 0.890037 0.830562 0.0415344 0.4169 0.258882 0.405226 0.24818 0.496028 0.335438 0.600833 0.369187 0.603744 0.806322 0.9872 0.557652 0.725614 0.926683 0.273824 0.691075 0.950834 0.664353 0.67063 0.704325 0.164781 0.775052
0.00972359 0.861932 0.118868 0.759124 0.977825 0.514226 0.420006 0.813578 0.221338 0.939147 0.0155769 0.107585 0.888588 0.71362 0.53601 0.511816 0.805749 0.590565 0.375213 0.509556 0.612597 0.239443 0.390814 0.635526 0.508077 0.152271 0.767773 0.869333 0.229041 0.0830933 0.437693 0.478423 0.350108 0.749613 0.703018 0.0313063 0.539145 0.321708 0.784718 0.903196 0.66101 0.0298779 0.492539 0.856489 0.951379 0.62144 0.131765 0.573054 0.863886 0.664188 0.0570341 0.331469 0.682203 0.211573 0.261272 0.583201 0.360908 0.134211 0.0204723 0.401172 0.858314 0.995249 0.178773 0.44948 0.665558 0.642766 0.141178 0.029419 0.598494 0.549778 0.246908 0.78972 0.584088 0.94365 0.674318 0.168824 0.615547 0.139971 0.835412 0.489042 0.49571 0.827625 0.0655015 0.687056 0.748457 0.335646 0.398167 0.82762 0.181787 0.525459 0.600342 0.935522 0.989508 0.68421 0.64336 0.729664 0.0720838 0.358559 0.190739 0.917977 0.654463 0.808331 0.774294 0.962929 0.639847 0.312318 0.479298 0.228958 0.125168 0.920032 0.585886 0.195575 0.608192 0.77115 0.390286 0.714193 0.45738 0.609608 0.929744 0.546866 0.217955 0.593062 0.870327 0.305431 0.636575 0.384259 0.183331 0.410305 0.738945 0.954011 0.795917 0.0500079 0.317335 0.161908 0.875397 0.844003 0.950472 0.577249 0.148475 0.958089 0.969875 0.60358 0.129121 0.667305 0.989035 0.902986 0.915785 0.856672 0.657248 0.258422 0.427871 0.873915 0.0234742 0.742698 0.385219 0.977996 0.166015 0.0576473 0.614674 0.359358 0.605194 0.68934 0.775591 0.747838 0.964541 0.288355 0.266257 0.000587712 0.829694 0.34295 0.233722 0.953831 0.539492 0.877184 0.797686 0.941081 0.168555 0.506414 0.495026 0.0576007 0.680935 0.316953 0.809023 0.609352 0.646168 0.247774 0.0189316 0.672815 0.159199 0.303755 0.348659 0.408404 0.130703 0.0187333 0.653662 0.981768 0.304657 0.339455 0.124367 0.103211
0.708625 0.282279 0.646184 0.549547 0.93794 0.349225 0.504446 0.681064 0.502903 0.0274873 0.697936 0.39258 0.00987373 0.520557 0.9775 0.843176 0.246911 0.868343 0.144139 0.917682 0.0610931 0.930387 0.275792 0.829644 0.0618522 0.250322 0.0511298 0.39336 0.682228 0.599085 0.760318 0.856958 0.90284 0.32551 0.461164 0.061552 0.168362 0.376202 0.847192 0.0150091 0.561643 0.618002 0.104911 0.704113 0.935448 0.267744 0.178361 0.791644 0.202271 0.360342 0.0599715 0.756181 0.316774 0.00177398 0.450783 0.780214 0.577438 0.91208 0.513751 0.161699 0.77633 0.527384 0.512631 0.261043 0.987132 0.590783 0.976228 0.147353 0.392749 0.208573 0.727814 0.783307 0.462642 0.844103 0.409606 0.98784 0.0211357 0.314777 0.732205 0.802663 0.268082 0.974291 0.546682 0.210751 0.826101 0.413121 0.6684 0.365397 0.622948 0.0975912 0.0674359 0.271583 0.516795 0.657788 0.985723 0.519201 0.885359 0.415792 0.438184 0.0660758 0.515705 0.429304 0.499745 0.0747301 0.438011 0.982714 0.444383 0.586755 0.79522 0.0811441 0.161828 0.643963 0.630647 0.338245 0.649629 0.666694 0.969777 0.184079 0.552023 0.0878217 0.738412 0.504212 0.725936 0.432241 0.640209 0.343923 0.80045 0.988732 0.0698946 0.0669074 0.202035 0.309267 0.899886 0.907173 0.751339 0.643115 0.630834 0.326749 0.242872 0.256707 0.573823 0.985319 0.857251 0.587075 0.203941 0.706494 0.798304 0.646252 0.719513 0.575138 0.716262 0.609143 0.78155 0.829249 0.133726 0.250759 0.804878 0.166496 0.834008 0.808143 0.262255 0.338054 0.125414 0.366193 0.660343 0.833325 0.81449 0.0189852 0.359135 0.310435 0.423794 0.837743 0.434832 0.435696 0.634324 0.313199 0.87315 0.483923 0.508372 0.889672 0.242436 0.847395 0.263231 0.898418 0.8441 0.79818 0.712807 0.145604 0.247708 0.642521 0.778381 0.513361 0.403415 0.0324456 0.356931 0.424389 0.323646 0.673831 0.300577 0.0253776
0.408088 0.268966 0.727353 0.410385 0.850545 0.00355473 0.534635 0.925619 0.455978 0.480208 0.806823 0.108267 0.264669 0.72542 0.1661 0.329623 0.867301 0.865954 0.886291 0.651092 0.880909 0.160353 0.680475 0.949102 0.65242 0.1957 0.134199 0.649091 0.62844 0.451504 0.219214 0.0845157 0.958774 0.107429 0.538862 0.284974 0.959447 0.397384 0.179378 0.0843192 0.737153 0.95419 0.604847 0.153993 0.805942 0.116812 0.899371 0.355193 0.652472 0.557218 0.0703549 0.123187 0.954648 0.813784 0.0341829 0.610678 0.0580143 0.358555 0.167349 0.573107 0.266227 0.17286 0.97677 0.610204 0.148103 0.949746 0.303874 0.313222 0.393531 0.420749 0.406666 0.681757 0.355861 0.388187 0.974853 0.691973 0.212221 0.173084 0.45094 0.838009 0.125927 0.0190405 0.485009 0.378569 0.122281 0.951269 0.0552543 0.492799 0.843518 0.970165 0.221105 0.141317 0.559877 0.85747 0.101584 0.0669045 0.473146 0.183759 0.0610406 0.219347 0.111663 0.314242 0.242437 0.816836 0.760027 0.404484 0.174082 0.698208 0.850703 0.618613 0.177018 0.641339 0.429836 0.823297 0.780762 0.472706 0.329595 0.543007 0.857985 0.627284 0.190885 0.260793 0.328845 0.0240169 0.929295 0.794052 0.545785 0.94539 0.685208 0.118847 0.269133 0.10331 0.943605 0.823422 0.225859 0.84065 0.896282 0.612888 0.390312 0.866272 0.594743 0.0406225 0.366678 0.389729 0.697414 0.617014 0.294778 0.774247 0.14988 0.452047 0.969693 0.601967 0.0925655 0.150559 0.443788 0.160696 0.0868938 0.0110995 0.56106 0.912932 0.460829 0.352803 0.515981 0.224059 0.0948545 0.669796 0.617924 0.954243 0.388008 0.43914 0.720252 0.623862 0.510299 0.528799 0.0966893 0.78433 0.159526 0.574267 0.387242 0.385374 0.516003 0.286873 0.409677 0.965848 0.0133349 0.847429 0.40995 0.638757 0.536298 0.543766 0.200183 0.937005 0.668924 0.5405 0.825519 0.783033 0.948905 0.877352 0.465011 0.54386
0.164144 0.905224 0.652991 0.340041 0.152417 0.135722 0.754465 0.22656 0.927342 0.473129 0.771424 0.221295 0.989118 0.582224 0.576503 0.490434 0.642152 0.825501 0.164143 0.0352056 0.579332 0.802894 0.0678597 0.0115007 0.233993 0.287518 0.249097 0.228177 0.621186 0.542167 0.122104 0.380163 0.371824 0.996551 0.745465 0.356713 0.475983 0.202601 0.919423 0.901608 0.383381 0.0477635 0.97112 0.381264 0.185953 0.866843 0.334392 0.680921 0.109271 0.358751 0.67733 0.659706 0.982042 0.0221392 0.61391 0.242103 0.54091 0.945143 0.719652 0.966162 0.490394 0.16631 0.46578 0.405423 0.642916 0.13058 0.845897 0.058346 0.822894 0.105524 0.714891 0.577729 0.260963 0.072544 0.32746 0.670617 0.508795 0.645116 0.671587 0.427051 0.513326 0.701019 0.44624 0.44682 0.0026851 0.963694 0.795797 0.314362 0.868461 0.760945 0.0560607 0.653416 0.228863 0.236769 0.35293 0.333452 0.286136 0.768508 0.913535 0.293262 0.965225 0.921106 0.120677 0.106702 0.62922 0.425872 0.647431 0.734168 0.764455 0.172642 0.668742 0.618429 0.184012 0.305875 0.0950294 0.413043 0.68034 0.357564 0.511087 0.938153 0.392386 0.900968 0.512592 0.765347 0.93932 0.776694 0.428118 0.343799 0.0808323 0.939307 0.115562 0.368557 0.194581 0.374847 0.0966485 0.676979 0.472157 0.113518 0.501904 0.672751 0.871457 0.748737 0.378389 0.0912351 0.541611 0.950447 0.0498685 0.693463 0.525154 0.125806 0.940886 0.507921 0.52464 0.150588 0.255877 0.633226 0.511373 0.769863 0.0752252 0.529905 0.879463 0.39527 0.868908 0.142158 0.642825 0.361067 0.832662 0.0802826 0.348033 0.0494154 0.882944 0.840323 0.789895 0.218257 0.178938 0.700591 0.380565 0.129364 0.75488 0.0933781 0.779472 0.538627 0.760595 0.170533 0.441633 0.886569 0.99232 0.482379 0.672129 0.0964078 0.320996 0.200662 0.311849 0.325626 0.803804 0.044954 0.182768 0.0663011 0.407307 0.0647173
0.0479609 0.420712 0.806296 0.00174746 0.602368 0.551688 0.128118 0.438037 0.250809 0.563768 0.742393 0.9564 0.301721 0.348045 0.268892 0.760765 0.165414 0.933022 0.183714 0.147017 0.0856162 0.814287 0.0641554 0.689785 0.0449568 0.24969 0.143716 0.252941 0.75916 0.637435 0.819714 0.207258 0.49026 0.139038 0.469457 0.0903078 0.292742 0.66692 0.712234 0.921882 0.0998573 0.0817507 0.636921 0.351873 0.886936 0.624057 0.206825 0.38891 0.520835 0.502919 0.948869 0.802548 0.470996 0.924418 0.517457 0.463058 0.713697 0.691099 0.0445042 0.149081 0.550367 0.84753 0.41349 0.928094 0.663757 0.450352 0.902267 0.0464811 0.684398 0.122256 0.416547 0.48261 0.287243 0.396422 0.146151 0.112296 0.942527 0.6775 0.00223003 0.311196 0.752275 0.562789 0.545506 0.856703 0.917523 0.991123 0.824196 0.432862 0.989522 0.0805956 0.487525 0.533495 0.775293 0.0476496 0.551302 0.402266 0.569701 0.510062 0.192862 0.379966 0.0687022 0.951315 0.218779 0.279464 0.592053 0.914786 0.666508 0.448901 0.245858 0.0365798 0.11991 0.64524 0.28245 0.922291 0.646449 0.826807 0.333806 0.607517 0.33172 0.784725 0.750421 0.958879 0.810581 0.836746 0.608854 0.327554 0.795196 0.0442983 0.831709 0.206096 0.58399 0.438958 0.211229 0.344999 0.237045 0.824448 0.448819 0.396463 0.218516 0.947672 0.422646 0.529471 0.621557 0.701317 0.105221 0.272624 0.475626 0.139294 0.0970343 0.92042 0.824611 0.583982 0.628693 0.308789 0.595784 0.633941 0.272016 0.0739416 0.397919 0.142632 0.246869 0.285741 0.926931 0.448862 0.942504 0.371129 0.887372 0.810623 0.806475 0.681374 0.856262 0.0138314 0.197063 0.558043 0.517673 0.395443 0.536743 0.681935 0.617507 0.938595 0.031756 0.537887 0.944655 0.308364 0.810782 0.286269 0.0278935 0.860575 0.552875 0.615068 0.171179 0.320619 0.269016 0.460382 0.224403 0.731602 0.153829 0.23559 0.144846 0.0777287
0.633801 0.488837 0.286124 0.767011 0.39001 0.120623 0.127923 0.0202342 0.419047 0.258358 0.918381 0.0242225 0.116173 0.843748 0.281717 0.669576 0.483566 0.232218 0.895127 0.863147 0.59095 0.48259 0.177891 0.0515549 0.761521 0.197862 0.698326 0.914747 0.903058 0.133696 0.0496112 0.718673 0.673958 0.295361 0.895135 0.208883 0.0462682 0.410891 0.770979 0.12333 0.0994522 0.252042 0.930231 0.778766 0.943783 0.959632 0.65278 0.0105506 0.710981 0.370667 0.48336 0.346974 0.675575 0.904587 0.701815 0.229309 0.0241675 0.113919 0.864616 0.77065 0.283084 0.14083 0.579486 0.865907 0.761122 0.460755 0.493492 0.849465 0.840827 0.670562 0.0641167 0.579539 0.0863515 0.723672 0.29088 0.893277 0.740746 0.121894 0.366093 0.240698 0.994284 0.471946 0.32869 0.490424 0.262091 0.63191 0.772585 0.722489 0.850325 0.670249 0.969124 0.206191 0.382133 0.742622 0.814556 0.294825 0.663897 0.078708 0.316457 0.872379 0.275408 0.506774 0.737562 0.109062 0.602501 0.335054 0.423659 0.71365 0.471543 0.524194 0.423089 0.951922 0.783433 0.111629 0.374208 0.0463587 0.449806 0.274893 0.137814 0.536473 0.72326 0.263527 0.386463 0.499027 0.504368 0.719505 0.641724 0.702011 0.779632 0.873786 0.0288054 0.626342 0.508597 0.883346 0.275197 0.0165017 0.603299 0.690946 0.809684 0.623716 0.981321 0.706403 0.311765 0.821324 0.342215 0.571397 0.986036 0.612568 0.532246 0.0505208 0.679672 0.66754 0.495825 0.074767 0.467465 0.361439 0.574306 0.43187 0.329421 0.486708 0.729796 0.0309458 0.46592 0.85688 0.382787 0.915546 0.112724 0.73014 0.839086 0.232888 0.374964 0.0861043 0.496151 0.645522 0.0215498 0.346679 0.44014 0.0129285 0.90142 0.536204 0.0489007 0.606616 0.741773 0.117911 0.564697 0.83437 0.435775 0.0801317 0.811796 0.736844 0.164216 0.485912 0.531646 0.481506 0.649736 0.0365841 0.228583 0.172363 0.0157938 0.67371
0.670329 0.284226 0.520584 0.725288 0.251615 0.354221 0.866901 0.168198 0.605747 0.303031 0.80038 0.229068 0.519319 0.689815 0.115492 0.0531606 0.229331 0.954171 0.765913 0.530394 0.703227 0.922568 0.745249 0.426358 0.322401 0.251475 0.266189 0.581325 0.573959 0.0753151 0.76879 0.5001 0.527347 0.979655 0.892835 0.0274169 0.973507 0.787846 0.982849 0.64252 0.127258 0.264077 0.702591 0.189769 0.809422 0.68306 0.155341 0.105009 0.353247 0.563592 0.530525 0.385235 0.879939 0.673289 0.967024 0.255456 0.0670291 0.169024 0.405131 0.295776 0.765387 0.158713 0.112071 0.600736 0.618943 0.68905 0.856996 0.455991 0.261724 0.276799 0.970029 0.36194 0.175569 0.932569 0.0569586 0.0707354 0.429401 0.259771 0.750888 0.815078 0.976529 0.338777 0.526784 0.48015 0.64899 0.146337 0.316248 0.144828 0.872096 0.63617 0.122586 0.927391 0.727627 0.853155 0.261817 0.948798 0.259561 0.784524 0.917756 0.933316 0.0512083 0.086317 0.625947 0.267425 0.226293 0.299885 0.24189 0.767427 0.460214 0.193575 0.462295 0.257255 0.237572 0.32774 0.445599 0.73181 0.272272 0.208165 0.424747 0.294567 0.742581 0.539271 0.863572 0.580485 0.787331 0.802705 0.08018 0.506713 0.327189 0.788206 0.672265 0.0999888 0.49368 0.950637 0.523696 0.730071 0.200982 0.445312 0.0294431 0.425599 0.138198 0.0300673 0.717663 0.896886 0.810942 0.1131 0.324933 0.556444 0.492221 0.900757 0.805871 0.275758 0.437918 0.434894 0.608593 0.0191775 0.871022 0.771905 0.907633 0.96067 0.964916 0.361369 0.582585 0.803076 0.0774606 0.563709 0.487018 0.303206 0.960647 0.226605 0.530158 0.756626 0.285856 0.679645 0.716879 0.432297 0.949751 0.574273 0.26185 0.0814197 0.135373 0.717012 0.0307542 0.943663 0.93851 0.360589 0.0386529 0.575579 0.534943 0.181519 0.71833 0.630365 0.700679 0.721851 0.897903 0.164422 0.819231 0.338715 0.191388 0.911459
0.0155502 0.335158 0.151872 0.638425 0.859318 0.0685208 0.718279 0.252552 0.401421 0.983187 0.72489 0.645425 0.941275 0.652766 0.123249 0.651902 0.716154 0.907824 0.237971 0.476573 0.7547 0.525499 0.325284 0.926843 0.278227 0.154374 0.206233 0.602415 0.648895 0.340731 0.777904 0.880087 0.626463 0.394689 0.911539 0.56405 0.409145 0.350709 0.965287 0.297636 0.449771 0.0903068 0.343842 0.106873 0.174632 0.567182 0.132672 0.687541 0.566033 0.292768 0.293185 0.44484 0.72237 0.692478 0.727448 0.502419 0.0615354 0.407956 0.161582 0.332741 0.236764 0.45852 0.451482 0.56299 0.0359362 0.649678 0.640898 0.0516737 0.78377 0.177511 0.814993 0.750653 0.478934 0.227107 0.477168 0.732861 0.276636 0.281152 0.90197 0.00031981 0.171515 0.392736 0.375306 0.304122 0.417528 0.181621 0.781824 0.794361 0.0129037 0.33785 0.485989 0.0553789 0.723531 0.228795 0.354962 0.330211 0.232349 0.440783 0.2477 0.691672 0.593673 0.228978 0.778663 0.00659794 0.526512 0.785697 0.374774 0.229715 0.400613 0.40793 0.0664375 0.76171 0.961685 0.668769 0.365439 0.537785 0.843893 0.284867 0.516644 0.11977 0.137452 0.790219 0.969764 0.39832 0.729096 0.178883 0.889556 0.0624966 0.358185 0.561898 0.350437 0.351444 0.0124596 0.973812 0.528829 0.593212 0.864984 0.35336 0.248104 0.338437 0.405286 0.264154 0.659599 0.126417 0.556708 0.692559 0.929791 0.342015 0.430216 0.713533 0.538221 0.711683 0.312798 0.286602 0.978986 0.343875 0.222331 0.128185 0.762252 0.756918 0.0802258 0.387821 0.869008 0.159128 0.503376 0.655925 0.184776 0.149415 0.229494 0.0104322 0.0806366 0.653999 0.309733 0.848008 0.841976 0.300547 0.236977 0.889615 0.570851 0.469823 0.208248 0.19542 0.321738 0.0968072 0.462691 0.504855 0.878282 0.180908 0.57642 0.0678257 0.998515 0.0963922 0.0800742 0.685115 0.299673 0.960348 0.924352 0.045907 0.393192 0.935176
0.960746 0.522513 0.164829 0.0941134 0.793448 0.458416 0.900362 0.223915 0.480775 0.931158 0.691732 0.458027 0.926284 0.905915 0.548572 0.273449 0.529287 0.839825 0.979874 0.14164 0.4877 0.555474 0.584998 0.552134 0.0640118 0.813441 0.990232 0.90538 0.178664 0.0247145 0.16432 0.788644 0.0211561 0.0471185 0.898576 0.993471 0.830594 0.554641 0.547692 0.784161 0.96732 0.968404 0.879446 0.866451 0.594101 0.537102 0.88315 0.338339 0.950665 0.692706 0.153436 0.91356 0.290102 0.186939 0.0692036 0.187679 0.148358 0.431705 0.504755 0.289756 0.292138 0.849101 0.630496 0.39322 0.616273 0.374346 0.427633 0.256769 0.774651 0.399527 0.606311 0.433316 0.159908 0.966956 0.322282 0.26062 0.352238 0.515276 0.142383 0.450137 0.602856 0.98467 0.741895 0.238962 0.343373 0.990514 0.0405199 0.386821 0.420545 0.390285 0.459981 0.986693 0.066037 0.323157 0.254993 0.910854 0.0445655 0.0820465 0.0692521 0.673496 0.146942 0.45605 0.570134 0.050291 0.495602 0.87293 0.526093 0.468845 0.224139 0.491762 0.0864256 0.381279 0.850332 0.0177252 0.719285 0.516507 0.294346 0.809294 0.762494 0.185283 0.358824 0.659106 0.0375233 0.706066 0.731642 0.517716 0.726181 0.750929 0.237653 0.206267 0.270539 0.852141 0.886498 0.699047 0.256569 0.148621 0.539095 0.385957 0.899314 0.507565 0.605339 0.897693 0.718518 0.347549 0.832976 0.999222 0.494448 0.0642141 0.0098781 0.982745 0.353466 0.819122 0.195734 0.336332 0.969784 0.38928 0.694103 0.914953 0.740664 0.684651 0.0226271 0.196383 0.816802 0.228853 0.945141 0.88229 0.470056 0.53363 0.171601 0.971434 0.760539 0.731181 0.444921 0.62484 0.84274 0.695969 0.693849 0.049663 0.0974 0.511051 0.125778 0.940155 0.148598 0.612716 0.371755 0.563771 0.0246149 0.921135 0.45262 0.416927 0.309605 0.405685 0.38816 0.33342 0.25741 0.741635 0.706051 0.922717 0.745896 0.384323
0.526943 0.796974 0.0482726 0.050814 0.110007 0.0363321 0.101738 0.520052 0.603842 0.957233 0.522892 0.153256 0.117008 0.131033 0.0767183 0.407918 0.591337 0.331345 0.515453 0.61118 0.770539 0.150122 0.0777237 0.224599 0.503245 0.863537 0.789862 0.628239 0.45958 0.0303789 0.725806 0.897548 0.381739 0.26255 0.501239 0.0928388 0.830762 0.154633 0.623895 0.952768 0.056832 0.0906829 0.984236 0.610252 0.931525 0.58734 0.202964 0.78657 0.579314 0.464094 0.47497 0.921869 0.808186 0.785401 0.986574 0.552712 0.0613366 0.372278 0.973251 0.00909507 0.00174963 0.123287 0.051006 0.521735 0.903444 0.239905 0.507639 0.940534 0.453035 0.769394 0.483504 0.550215 0.795256 0.842643 0.0695735 0.672842 0.0593634 0.54947 0.126092 0.269783 0.575024 0.887726 0.00981977 0.293194 0.64269 0.96184 0.559797 0.78026 0.257155 0.915878 0.617891 0.136538 0.503542 0.0887184 0.419088 0.101173 0.204496 0.823346 0.128279 0.142737 0.269276 0.623519 0.317837 0.315652 0.834039 0.399783 0.738045 0.540677 0.222345 0.874186 0.0516742 0.0133698 0.8924 0.6761 0.751443 0.503541 0.65501 0.0698947 0.509639 0.965939 0.85129 0.696712 0.786981 0.16945 0.465506 0.865234 0.414108 0.435496 0.533814 0.51132 0.982745 0.931302 0.889982 0.0972679 0.572163 0.856699 0.536328 0.00950027 0.872889 0.432724 0.910375 0.604923 0.205391 0.95551 0.446757 0.666612 0.468233 0.224091 0.358685 0.769533 0.410558 0.459841 0.225038 0.876703 0.394419 0.0775596 0.411188 0.154399 0.617081 0.45329 0.735596 0.757565 0.79801 0.470178 0.154042 0.628979 0.695219 0.421157 0.0933472 0.915668 0.659619 0.888281 0.0137094 0.11793 0.417982 0.555671 0.854171 0.290527 0.192752 0.600242 0.193742 0.0541006 0.412331 0.719621 0.329172 0.677555 0.92302 0.466448 0.545407 0.358194 0.319366 0.530853 0.104794 0.93491 0.795672 0.263553 0.413404 0.504546 0.585135 0.400649
0.00538423 0.412289 0.359727 0.612426 0.892839 0.656322 0.239125 0.385352 0.163047 0.789992 0.574844 0.698562 0.0900646 0.0687702 0.811328 0.364221 0.472217 0.124457 0.241051 0.689325 0.266404 0.0363013 0.993692 0.63119 0.667245 0.386573 0.528734 0.855409 0.743172 0.645895 0.599809 0.529343 0.820342 0.392293 0.910652 0.821288 0.183787 0.643395 0.787073 0.287701 0.506237 0.0338233 0.162432 0.347553 0.805259 0.845704 0.00816908 0.817603 0.968224 0.794974 0.591878 0.418815 0.25462 0.998299 0.0104203 0.540158 0.0386499 0.163847 0.609837 0.517169 0.197066 0.394647 0.747456 0.715799 0.791216 0.834118 0.0117473 0.637292 0.984596 0.731453 0.206862 0.266764 0.931737 0.71719 0.302819 0.117311 0.767088 0.580899 0.623836 0.88843 0.532322 0.19415 0.714462 0.239821 0.51273 0.315057 0.445748 0.905243 0.651604 0.571399 0.916033 0.464599 0.561002 0.761131 0.176641 0.0354221 0.595667 0.421632 0.78175 0.163841 0.779138 0.813235 0.508424 0.0367609 0.0608164 0.558722 0.173033 0.790399 0.764429 0.815588 0.687846 0.190979 0.4686 0.701715 0.716301 0.690613 0.383287 0.784217 0.654735 0.133676 0.178564 0.175653 0.929119 0.682832 0.450137 0.832387 0.987592 0.0969251 0.80358 0.289704 0.489768 0.461339 0.508905 0.830284 0.57607 0.68599 0.78883 0.0620042 0.975571 0.0504107 0.152496 0.0361903 0.898512 0.728528 0.865659 0.654045 0.27246 0.265672 0.156686 0.339631 0.574693 0.615074 0.621981 0.699586 0.735761 0.3939 0.843915 0.944038 0.388178 0.130281 0.166163 0.134446 0.192543 0.550647 0.0810606 0.600305 0.564103 0.0426938 0.245236 0.374004 0.637544 0.570067 0.0146779 0.506108 0.406928 0.86308 0.021185 0.643376 0.0292165 0.905202 0.449155 0.145799 0.0243788 0.96713 0.513455 0.434069 0.757313 0.116016 0.449697 0.458193 0.131277 0.649325 0.578262 0.417009 0.0886825 0.625561 0.45844 0.76433 0.0713989 0.489957
0.703971 0.452115 0.734859 0.280895 0.176375 0.0804811 0.648821 0.902517 0.304635 0.95275 0.213323 0.55069 0.153961 0.107182 0.947847 0.247906 0.79004 0.458155 0.713274 0.0916153 0.219611 0.765472 0.0109568 0.0522578 0.366483 0.412225 0.497284 0.462923 0.496893 0.68716 0.0650169 0.803693 0.896628 0.886207 0.621164 0.418088 0.939818 0.513903 0.36149 0.36272 0.793686 0.614443 0.735535 0.851432 0.0589831 0.671268 0.942633 0.944282 0.279585 0.861594 0.168817 0.979059 0.532352 0.82441 0.936016 0.205046 0.0280863 0.816911 0.464631 0.916439 0.541837 0.212653 0.577101 0.330215 0.628941 0.508627 0.10068 0.638179 0.56214 0.275789 0.304991 0.527959 0.831201 0.190668 0.504657 0.508644 0.394223 0.140712 0.0421077 0.847338 0.775202 0.209641 0.888582 0.870833 0.342969 0.510529 0.88259 0.647938 0.347469 0.762152 0.660391 0.0184415 0.182303 0.523044 0.664081 0.437434 0.8756 0.713178 0.871509 0.249041 0.546014 0.250097 0.221108 0.366356 0.128577 0.755186 0.27746 0.22221 0.148522 0.0665265 0.982314 0.778305 0.379214 0.344647 0.836989 0.680091 0.499887 0.576979 0.467225 0.306019 0.195618 0.49203 0.695757 0.663723 0.376944 0.331008 0.906994 0.657179 0.340718 0.24488 0.205767 0.204971 0.214951 0.714289 0.290645 0.533347 0.266835 0.452775 0.422672 0.543096 0.869082 0.548577 0.408703 0.685707 0.646048 0.372644 0.964871 0.866755 0.684432 0.634037 0.809242 0.477791 0.197767 0.0619031 0.613107 0.648703 0.345686 0.148339 0.554552 0.554516 0.736074 0.283522 0.927043 0.182431 0.761989 0.651832 0.303347 0.595562 0.792244 0.115741 0.848173 0.305473 0.733034 0.108547 0.883977 0.982919 0.501348 0.10626 0.183671 0.612044 0.932965 0.962213 0.754553 0.740954 0.937873 0.0524628 0.635474 0.628508 0.872182 0.644461 0.632848 0.14096 0.778873 0.868568 0.287515 0.0769023 0.61948 0.516449 0.771465 0.210917
0.355599 0.425387 0.558572 0.979044 0.589057 0.615074 0.744162 0.424389 0.0601053 0.807153 0.470087 0.651427 0.281933 0.568193 0.920028 0.0221673 0.0157595 0.790128 0.105819 0.648264 0.257428 0.899617 0.402108 0.782715 0.683989 0.651107 0.577522 0.0682416 0.548411 0.494413 0.931612 0.548557 0.425559 0.154771 0.375455 0.932562 0.199696 0.872681 0.651653 0.880865 0.479775 0.71004 0.63724 0.0247755 0.371703 0.76555 0.303204 0.63098 0.680368 0.682017 0.873012 0.958305 0.19704 0.24106 0.586191 0.704913 0.922088 0.208064 0.369532 0.299171 0.0801556 0.572589 0.281707 0.419966 0.741128 0.751097 0.704758 0.172638 0.443606 0.109756 0.885404 0.315502 0.549459 0.538358 0.588518 0.319275 0.732794 0.898406 0.534887 0.324161 0.300698 0.23559 0.794442 0.998202 0.372053 0.723748 0.594625 0.601685 0.536461 0.55725 0.0911347 0.0323329 0.640022 0.569026 0.584893 0.343246 0.299052 0.747507 0.262637 0.672815 0.520662 0.811319 0.28719 0.0623397 0.815218 0.655228 0.273394 0.967 0.94628 0.298441 0.22477 0.956101 0.322 0.622123 0.00755256 0.941065 0.312823 0.524047 0.853533 0.0191588 0.708517 0.163478 0.210837 0.692559 0.60131 0.177588 0.353601 0.755844 0.801009 0.42837 0.274391 0.657908 0.65612 0.487549 0.226075 0.247735 0.467675 0.320953 0.839282 0.189076 0.650566 0.549245 0.407454 0.558921 0.475555 0.593923 0.210337 0.348011 0.0108463 0.867106 0.905436 0.110049 0.529201 0.619292 0.999543 0.441062 0.352829 0.381388 0.692317 0.306407 0.2757 0.616759 0.558421 0.21518 0.058457 0.95444 0.0747527 0.0514819 0.497553 0.580275 0.135889 0.141749 0.181198 0.301887 0.886309 0.937881 0.0835814 0.19889 0.685883 0.877309 0.243225 0.983281 0.867637 0.0415485 0.080066 0.299272 0.472768 0.00560972 0.523895 0.286799 0.852068 0.167052 0.983654 0.146583 0.629299 0.0763402 0.546115 0.27945 0.801046 0.982446
0.314429 0.607011 0.546621 0.433501 0.674679 0.559995 0.0050097 0.0816091 0.661404 0.930315 0.477856 0.544153 0.101759 0.408499 0.620523 0.43235 0.161936 0.694864 0.458411 0.54363 0.63735 0.361263 0.811597 0.349105 0.516831 0.200025 0.694662 0.978439 0.293362 0.603524 0.974563 0.363808 0.056518 0.464118 0.473625 0.69266 0.740272 0.489595 0.65334 0.761733 0.178843 0.707546 0.460825 0.458626 0.203094 0.459267 0.242506 0.435199 0.37633 0.856491 0.873764 0.13021 0.622073 0.699992 0.58181 0.707902 0.224768 0.323508 0.05127 0.938476 0.978409 0.512158 0.99357 0.0576321 0.388071 0.309567 0.702261 0.519057 0.500542 0.446431 0.227127 0.563701 0.525845 0.804103 0.0896775 0.140405 0.706376 0.268187 0.880319 0.948146 0.722397 0.809647 0.971748 0.136881 0.86484 0.211875 0.15933 0.0090148 0.481001 0.77946 0.416814 0.417621 0.379387 0.506641 0.797307 0.840398 0.352658 0.622439 0.698938 0.0877499 0.9164 0.95175 0.0380804 0.116467 0.12002 0.0761736 0.243035 0.717018 0.301939 0.337082 7.01612e-05 0.752229 0.0144798 0.212736 0.091015 0.370573 0.740764 0.137777 0.728086 0.550534 0.665759 0.718939 0.857675 0.344945 0.761962 0.110573 0.343017 0.0540446 0.196296 0.112739 0.40355 0.512099 0.439861 0.45279 0.242802 0.704322 0.394697 0.444524 0.621248 0.33434 0.261517 0.108148 0.422373 0.69249 0.150833 0.321291 0.866289 0.121741 0.191501 0.620463 0.625505 0.415715 0.627136 0.386277 0.901514 0.606529 0.058209 0.685689 0.875076 0.263923 0.0136821 0.594672 0.140525 0.616609 0.872069 0.429977 0.925347 0.113129 0.496799 0.700088 0.0950664 0.408826 0.570101 0.454446 0.249481 0.794849 0.14773 0.418506 0.220597 0.0595734 0.786102 0.499002 0.839703 0.722291 0.410808 0.532618 0.395602 0.0750953 0.746743 0.386334 0.925859 0.182136 0.643933 0.646389 0.442247 0.991619 0.829796 0.214313 0.82865 0.486473
0.0766906 0.607842 0.339472 0.82314 0.186743 0.365559 0.995113 0.479525 0.671926 0.283086 0.895971 0.617161 0.656921 0.472604 0.331823 0.168654 0.653436 0.904209 0.59616 0.455365 0.175772 0.427805 0.0144563 0.936511 0.222731 0.109074 0.864357 0.41387 0.94623 0.00706824 0.337241 0.277352 0.539574 0.662819 0.239627 0.172585 0.915137 0.158288 0.4833 0.273413 0.0957576 0.121796 0.290258 0.515948 0.637355 0.513115 0.661735 0.00980465 0.589254 0.582253 0.56059 0.42729 0.213516 0.636026 0.605954 0.376226 0.987268 0.971532 0.0109703 0.647433 0.192256 0.430936 0.704005 0.612419 0.499977 0.318306 0.113579 0.211186 0.836407 0.188582 0.165121 0.709423 0.406858 0.411335 0.256841 0.573102 0.920481 0.709495 0.106909 0.0517729 0.1512 0.905851 0.0876017 0.586913 0.441089 0.081893 0.76006 0.452927 0.992681 0.69597 0.927539 0.532337 0.355749 0.953294 0.367619 0.983786 0.395438 0.18626 0.859307 0.0969371 0.562962 0.537747 0.728755 0.781837 0.909799 0.102474 0.382708 0.85018 0.970418 0.993957 0.832432 0.753407 0.335223 0.63354 0.258009 0.457728 0.181905 0.717113 0.0979738 0.759386 0.730821 0.950299 0.980474 0.284808 0.75503 0.152341 0.581528 0.924052 0.644639 0.444944 0.485572 0.224362 0.0995896 0.151221 0.766214 0.264322 0.181129 0.0777572 0.365229 0.181072 0.457314 0.859893 0.0899713 0.191609 0.411685 0.0383397 0.327669 0.183098 0.438875 0.431264 0.422255 0.288042 0.941117 0.21706 0.174869 0.657734 0.244671 0.614706 0.684734 0.829361 0.761673 0.402971 0.911456 0.836998 0.469504 0.0369994 0.0665952 0.876987 0.730496 0.854335 0.113584 0.210087 0.978598 0.470384 0.519248 0.400224 0.980241 0.733169 0.482794 0.71244 0.491225 0.955696 0.719908 0.911479 0.386711 0.610483 0.430966 0.66197 0.251221 0.170634 0.575835 0.935957 0.163939 0.8473 0.771045 0.836518 0.977769 0.608024 0.357222 0.890062
0.609906 0.906839 0.142635 0.192992 0.210947 0.617106 0.723039 0.181355 0.513819 0.669228 0.237257 0.439319 0.460224 0.570713 0.835204 0.794614 0.335084 0.159837 0.521903 0.312869 0.390606 0.212684 0.0371732 0.510888 0.886887 0.929543 0.165835 0.633957 0.341892 0.637661 0.360821 0.870824 0.463958 0.903642 0.590991 0.791129 0.73175 0.827178 0.436971 0.900793 0.178069 0.915546 0.773586 0.724605 0.440545 0.5024 0.4875 0.495714 0.391326 0.87125 0.340409 0.474134 0.569441 0.616961 0.540392 0.881932 0.268534 0.356297 0.531908 0.188144 0.949566 0.728526 0.683352 0.612246 0.530463 0.978042 0.68517 0.397861 0.364912 0.0551816 0.432014 0.491293 0.600852 0.209383 0.704405 0.380068 0.45158 0.908915 0.0560108 0.0676775 0.556098 0.775405 0.798422 0.551568 0.771706 0.52655 0.143282 0.171239 0.239195 0.042291 0.277399 0.135732 0.552299 0.933778 0.7152 0.527638 0.863151 0.383782 0.871129 0.538554 0.547205 0.659557 0.0858022 0.56433 0.423557 0.743081 0.825704 0.200641 0.294523 0.309427 0.67163 0.602473 0.614859 0.936752 0.837849 0.027473 0.794379 0.349601 0.739781 0.926133 0.418954 0.957184 0.661193 0.642384 0.978594 0.483234 0.326374 0.947076 0.765863 0.311196 0.259027 0.414999 0.900427 0.6702 0.790035 0.67992 0.758048 0.581485 0.700698 0.196693 0.779474 0.595647 0.0690588 0.757319 0.88104 0.565691 0.652717 0.873296 0.907921 0.284406 0.901759 0.811769 0.564477 0.115298 0.985311 0.417059 0.222303 0.549162 0.515781 0.881138 0.287301 0.458129 0.197674 0.15069 0.206215 0.29701 0.0781262 0.0885 0.388143 0.215243 0.819934 0.614479 0.949878 0.299884 0.718432 0.835712 0.804766 0.956971 0.634223 0.349959 0.912909 0.926708 0.102205 0.116352 0.964973 0.0938411 0.663972 0.876837 0.231937 0.582631 0.635787 0.747603 0.890325 0.738899 0.558244 0.608247 0.546221 0.59206 0.00568702 0.6758
0.998846 0.616313 0.503967 0.738798 0.598727 0.53369 0.542813 0.525865 0.40043 0.910525 3.03837e-05 0.325931 0.0964065 0.774982 0.0544164 0.673611 0.545766 0.28237 0.074419 0.072276 0.269353 0.461991 0.248189 0.316185 0.308254 0.867996 0.242963 0.941092 0.982481 0.144164 0.562363 0.557313 0.768508 0.427469 0.340282 0.631897 0.482146 0.456286 0.952353 0.99115 0.515688 0.0932171 0.54981 0.944095 0.405261 0.203601 0.265409 0.993392 0.1559 0.0264304 0.71466 0.308941 0.318448 0.150763 0.993533 0.536888 0.330576 0.0518656 0.128566 0.69671 0.0530645 0.164734 0.371764 0.0115956 0.377231 0.678754 0.543253 0.894835 0.957611 0.132094 0.975176 0.123631 0.303243 0.154134 0.681971 0.762861 0.882373 0.138866 0.17859 0.510571 0.185349 0.587116 0.11976 0.723081 0.551587 0.847592 0.724582 0.785001 0.630223 0.656399 0.224543 0.727427 0.0613572 0.271661 0.212318 0.69965 0.212239 0.0955653 0.0341014 0.5554 0.185059 0.156699 0.279164 0.200344 0.83729 0.758187 0.229835 0.93901 0.274216 0.159481 0.951708 0.354207 0.176028 0.514909 0.444658 0.769486 0.289005 0.227835 0.944236 0.73885 0.166214 0.195026 0.735377 0.0868881 0.549772 0.0620167 0.0350221 0.113754 0.728454 0.740508 0.966491 0.0668262 0.895222 0.797171 0.431688 0.876301 0.417125 0.341769 0.829664 0.889798 0.928534 0.726488 0.301183 0.913135 0.443732 0.0532432 0.0423543 0.0779333 0.228769 0.733064 0.841204 0.244584 0.0404048 0.850673 0.0947622 0.660819 0.472554 0.951087 0.896832 0.873253 0.664211 0.368069 0.586353 0.626005 0.712887 0.00659482 0.0231656 0.532871 0.871373 0.152047 0.401796 0.548429 0.194224 0.590969 0.524689 0.0845975 0.110838 0.716997 0.668792 0.0928349 0.979291 0.156113 0.544996 0.949692 0.652005 0.973333 0.00661578 0.240297 0.0751763 0.814599 0.909251 0.0160934 0.992569 0.71781 0.470804 0.690796 0.593494 0.00129664 0.744369 0.851198
0.71097 0.507293 0.480519 0.962389 0.978926 0.720281 0.974645 0.227653 0.532086 0.801546 0.574199 0.466243 0.216439 0.28187 0.717387 0.0631497 0.655117 0.377312 0.268165 0.538338 0.960456 0.659417 0.914564 0.528333 0.777616 0.438775 0.433238 0.118234 0.801024 0.276732 0.889351 0.777877 0.651882 0.808312 0.886125 0.645876 0.449085 0.675701 0.129399 0.164969 0.371652 0.877349 0.577971 0.824987 0.57397 0.238068 0.684128 0.106436 0.117593 0.843257 0.700689 0.512702 0.0703427 0.555152 0.929502 0.631666 0.362834 0.469294 0.383324 0.0360317 0.722122 0.246014 0.321925 0.640113 0.237671 0.395107 0.919751 0.716606 0.687947 0.829133 0.18875 0.0524289 0.496111 0.701509 0.322451 0.975644 0.00969738 0.918211 0.206819 0.49528 0.00735496 0.430521 0.0601481 0.0827741 0.683541 0.494146 0.33381 0.70391 0.906063 0.735495 0.083506 0.263935 0.556617 0.0601021 0.190135 0.931784 0.0994053 0.25713 0.374026 0.277388 0.13352 0.866523 0.624374 0.352738 0.0352456 0.95385 0.468565 0.624671 0.173649 0.747314 0.374173 0.513539 0.1883 0.257195 0.900564 0.0164363 0.811022 0.0288894 0.937774 0.934752 0.164585 0.551427 0.408397 0.639498 0.802501 0.647238 0.305871 0.231806 0.668849 0.36503 0.441588 0.414422 0.593295 0.85341 0.992102 0.501838 0.569804 0.644258 0.815591 0.908834 0.79576 0.508157 0.836747 0.903723 0.494344 0.12476 0.675523 0.982566 0.414638 0.243662 0.812336 0.238344 0.212523 0.885068 0.626438 0.786508 0.139626 0.382556 0.48257 0.59538 0.0994176 0.22622 0.424237 0.0168194 0.687038 0.733792 0.981447 0.616359 0.280869 0.286442 0.182932 0.589848 0.977405 0.531749 0.907293 0.660266 0.595098 0.271539 0.926502 0.731136 0.471307 0.325313 0.223199 0.026981 0.294351 0.722593 0.232541 0.138771 0.165907 0.704447 0.881169 0.196985 0.121652 0.765234 0.524016 0.609513 0.377278 0.728183 0.309526 0.49686
0.761022 0.225539 0.556264 0.221918 0.441379 0.958254 0.655106 0.521819 0.585694 0.439205 0.385774 0.0250002 0.91236 0.196258 0.368124 0.790967 0.11268 0.468667 0.37417 0.425922 0.33011 0.318328 0.314943 0.419692 0.226841 0.179091 0.418909 0.788302 0.641442 0.570372 0.394135 0.166491 0.887327 0.878051 0.526033 0.761608 0.151955 0.383132 0.870207 0.589453 0.0107764 0.53046 0.0340281 0.383929 0.560801 0.97648 0.0767637 0.293606 0.638229 0.814144 0.395847 0.0242367 0.767331 0.58002 0.773707 0.973913 0.200393 0.549111 0.147568 0.247704 0.418179 0.875573 0.26681 0.867515 0.591565 0.992516 0.127203 0.44352 0.426378 0.373942 0.911493 0.255637 0.945437 0.333979 0.0248392 0.318 0.843874 0.736623 0.628665 0.0739099 0.905493 0.505097 0.924177 0.74316 0.704295 0.974646 0.149464 0.475962 0.258743 0.925871 0.462514 0.992162 0.210946 0.981111 0.0614533 0.108115 0.296524 0.0644623 0.784638 0.864507 0.0981027 0.131067 0.917181 0.445725 0.569605 0.131734 0.311708 0.526104 0.155279 0.384919 0.922135 0.795101 0.033778 0.692707 0.774639 0.148335 0.749831 0.634706 0.66896 0.333124 0.668394 0.259986 0.68383 0.240636 0.426162 0.652119 0.473046 0.167055 0.607159 0.207062 0.372438 0.758749 0.352394 0.514393 0.356028 0.753494 0.264362 0.679366 0.327091 0.0441532 0.0387132 0.420413 0.648534 0.566259 0.196098 0.0122147 0.29239 0.272507 0.00781893 0.250297 0.69011 0.306925 0.550411 0.929215 0.567364 0.639551 0.245294 0.754423 0.55672 0.122427 0.63841 0.0401645 0.2506 0.93319 0.141666 0.880008 0.531853 0.626726 0.820622 0.623476 0.365293 0.963979 0.855251 0.104352 0.936697 0.600733 0.66135 0.14733 0.880499 0.991286 0.714133 0.38662 0.846302 0.451522 0.165131 0.986812 0.631931 0.19868 0.207976 0.387285 0.606283 0.141217 0.467216 0.680814 0.691749 0.052914 0.783484 0.706952 0.897985 0.784571
0.349434 0.743534 0.316691 0.990937 0.368762 0.406218 0.71276 0.240526 0.145718 0.563086 0.349308 0.894503 0.192012 0.1516 0.90925 0.454525 0.50637 0.30735 0.407711 0.255646 0.693484 0.850572 0.473421 0.274441 0.19866 0.644615 0.993666 0.415153 0.000652909 0.111467 0.765439 0.330162 0.891159 0.459725 0.527247 0.0775829 0.306984 0.947013 0.323133 0.0654343 0.1972 0.0564008 0.149977 0.720993 0.113253 0.707638 0.788197 0.686918 0.559651 0.900693 0.466215 0.88453 0.438279 0.268785 0.530147 0.419991 0.408836 0.880421 0.173351 0.970407 0.0306294 0.211302 0.745095 0.620417 0.360912 0.957481 0.599737 0.231635 0.386121 0.331217 0.779093 0.0449274 0.73534 0.366885 0.144016 0.80835 0.859603 0.142306 0.986364 0.555911 0.885012 0.635899 0.353104 0.192533 0.429291 0.291358 0.534232 0.243908 0.590201 0.879917 0.6134 0.875154 0.257185 0.251156 0.787938 0.0888488 0.476574 0.361512 0.279768 0.562199 0.4236 0.488198 0.302713 0.360256 0.971979 0.478081 0.114898 0.846581 0.169415 0.155737 0.842004 0.247163 0.852403 0.939256 0.551367 0.22861 0.0184213 0.530592 0.694582 0.0252 0.897712 0.0841181 0.697676 0.758519 0.783828 0.949739 0.539656 0.806073 0.788076 0.188099 0.256853 0.730117 0.346056 0.0326692 0.998386 0.033353 0.0368691 0.467239 0.0139814 0.767389 0.54046 0.831916 0.610275 0.986051 0.16144 0.811475 0.889828 0.440004 0.656504 0.651815 0.866147 0.303853 0.275609 0.868791 0.329464 0.863258 0.466493 0.772334 0.052245 0.243395 0.507436 0.975101 0.384541 0.726586 0.75209 0.649765 0.548176 0.409917 0.847367 0.51662 0.948682 0.110284 0.403717 0.407589 0.782804 0.532554 0.152703 0.729794 0.897946 0.606753 0.0612966 0.552584 0.849809 0.279369 0.332179 0.0942701 0.781163 0.887175 0.688885 0.113762 0.287661 0.341464 0.749581 0.681624 0.796497 0.223585 0.445446 0.418027 0.60582 0.240629
0.848385 0.0320889 0.174466 0.471053 0.360191 0.00263687 0.978477 0.988188 0.112236 0.230663 0.576852 0.744229 0.242098 0.0257717 0.761157 0.973473 0.220273 0.151303 0.378856 0.118823 0.416024 0.189028 0.650233 0.333901 0.888961 0.108931 0.0759866 0.683815 0.876866 0.444511 0.830686 0.526633 0.0126777 0.350307 0.380214 0.12216 0.83164 0.637236 0.210421 0.443708 0.950636 0.0204695 0.357438 0.71228 0.549674 0.706822 0.325473 0.338545 0.747772 0.572623 0.432383 0.907439 0.0623882 0.17226 0.447725 0.939244 0.656472 0.0641926 0.633124 0.439384 0.818535 0.040471 0.0913755 0.743531 0.790067 0.818727 0.208146 0.204489 0.293194 0.51052 0.615973 0.632451 0.427048 0.0733409 0.128123 0.308682 0.973703 0.348133 0.0869679 0.449589 0.83154 0.389277 0.662623 0.18603 0.404061 0.886661 0.416957 0.904041 0.320038 0.202512 0.914246 0.48339 0.56919 0.0541409 0.920024 0.566418 0.243853 0.281277 0.348449 0.868418 0.694342 0.650541 0.893894 0.134617 0.887167 0.812155 0.401466 0.000166753 0.504158 0.938791 0.373571 0.54864 0.65035 0.125404 0.237131 0.193348 0.377044 0.874354 0.758195 0.18038 0.532591 0.859716 0.760181 0.0903765 0.682799 0.0557081 0.36837 0.29637 0.411633 0.108492 0.060499 0.652646 0.776076 0.63322 0.45862 0.128735 0.441762 0.661248 0.353623 0.23077 0.558819 0.897073 0.618017 0.861709 0.851201 0.745429 0.742464 0.804788 0.885502 0.932251 0.183151 0.359272 0.785606 0.458088 0.548873 0.784162 0.610638 0.328514 0.513098 0.731848 0.530695 0.457238 0.582724 0.536058 0.916602 0.323506 0.590855 0.597738 0.831955 0.575072 0.520234 0.261491 0.244157 0.840358 0.666025 0.770308 0.375654 0.753309 0.132228 0.608407 0.192996 0.955726 0.100895 0.155316 0.666402 0.114927 0.550349 0.0820199 0.78687 0.131956 0.25781 0.73138 0.969354 0.516002 0.482893 0.38721 0.898649 0.688549 0.743327 0.914063
0.362689 0.242502 0.958787 0.15155 0.266129 0.449807 0.51425 0.0623514 0.0957793 0.667772 0.317151 0.955009 0.176647 0.312732 0.18534 0.814791 0.913497 0.398203 0.0234854 0.687719 0.835403 0.239262 0.669115 0.277395 0.359373 0.657483 0.736893 0.194561 0.019821 0.969707 0.59106 0.366561 0.402236 0.894992 0.775919 0.0332536 0.568875 0.737263 0.477724 0.108715 0.181913 0.657404 0.711767 0.253308 0.371825 0.778687 0.594206 0.400495 0.0440257 0.802087 0.893389 0.26974 0.147859 0.464384 0.184818 0.746399 0.90473 0.781721 0.90574 0.0871186 0.770054 0.549037 0.84823 0.649498 0.829105 0.656963 0.441147 0.748605 0.965044 0.148829 0.688783 0.351157 0.429231 0.144053 0.25445 0.154773 0.312123 0.697868 0.997447 0.178334 0.632899 0.164467 0.320975 0.00941164 0.660281 0.254161 0.258685 0.594664 0.854153 0.620813 0.0677823 0.190662 0.430288 0.413768 0.398884 0.686911 0.951527 0.454822 0.827867 0.0355378 0.816865 0.10844 0.0696979 0.669428 0.626548 0.163746 0.444886 0.983725 0.437216 0.191521 0.417489 0.656239 0.719549 0.821675 0.712263 0.77094 0.881995 0.58484 0.402439 0.044963 0.713061 0.78427 0.140824 0.882192 0.683411 0.467117 0.373636 0.45824 0.576485 0.353249 0.510129 0.572509 0.509314 0.021251 0.0424169 0.270856 0.0777204 0.9909 0.134034 0.433965 0.123389 0.288608 0.19913 0.404191 0.134785 0.947897 0.465914 0.503378 0.592121 0.101513 0.933285 0.898274 0.992642 0.495122 0.549118 0.840789 0.337398 0.914339 0.0859335 0.181591 0.648507 0.718289 0.228264 0.189779 0.795698 0.132936 0.0141774 0.503621 0.560506 0.0573884 0.52107 0.713227 0.582228 0.266882 0.0533046 0.671891 0.615117 0.815297 0.0952536 0.60552 0.660998 0.553393 0.81305 0.214318 0.298484 0.713286 0.369862 0.905349 0.449628 0.376997 0.0586735 0.772853 0.33576 0.2249 0.44887 0.993841 0.0922047 0.9175 0.50237 0.825297
0.925894 0.673667 0.0210141 0.328954 0.886337 0.794985 0.440449 0.028091 0.521836 0.403131 0.20877 0.107095 0.734736 0.322679 0.352855 0.324973 0.110573 0.633358 0.60289 0.475189 0.225844 0.13022 0.674086 0.60778 0.868165 0.195091 0.221191 0.730457 0.697749 0.265308 0.450595 0.224327 0.241541 0.136309 0.850695 0.284088 0.770449 0.687286 0.546723 0.045256 0.217875 0.173044 0.722738 0.95109 0.524719 0.415565 0.243608 0.308576 0.933078 0.605809 0.0534219 0.965019 0.763364 0.283742 0.917957 0.662515 0.153186 0.325263 0.110789 0.181768 0.875004 0.88338 0.0993592 0.970302 0.911108 0.976528 0.183146 0.222966 0.998404 0.487999 0.105903 0.976235 0.400624 0.471262 0.916017 0.747341 0.644562 0.205387 0.159883 0.368561 0.313298 0.157456 0.141551 0.824604 0.281789 0.969554 0.0424209 0.926553 0.451875 0.933114 0.592194 0.173952 0.450997 0.644556 0.695646 0.424477 0.516874 0.380461 0.304419 0.0706286 0.578894 0.613393 0.93992 0.660098 0.169595 0.618916 0.551752 0.735578 0.935461 0.64909 0.00474426 0.587821 0.0231321 0.730491 0.105131 0.376443 0.87369 0.619347 0.500021 0.116542 0.406249 0.974667 0.678531 0.312606 0.307161 0.942092 0.441607 0.423684 0.240496 0.212193 0.153032 0.313841 0.908642 0.462512 0.759554 0.0862692 0.898723 0.634596 0.736314 0.201851 0.506182 0.0777561 0.997119 0.495724 0.335241 0.523726 0.514958 0.793302 0.605239 0.356361 0.416066 0.518754 0.195354 0.751395 0.00241233 0.19033 0.467041 0.979344 0.677099 0.766245 0.429165 0.0309269 0.697712 0.315972 0.233893 0.0648267 0.605573 0.544495 0.218099 0.330743 0.890246 0.75824 0.483613 0.777957 0.913574 0.530049 0.226029 0.349691 0.0381509 0.288287 0.137649 0.43295 0.148668 0.980539 0.333895 0.239631 0.917115 0.855894 0.974676 0.389975 0.635283 0.379542 0.284992 0.0858235 0.181577 0.988315 0.305739 0.138314 0.41666 0.585714
0.75659 0.460521 0.48064 0.296328 0.761086 0.513971 0.784697 0.147155 0.650309 0.674169 0.949849 0.279023 0.754667 0.687768 0.963515 0.358862 0.252361 0.423975 0.601414 0.63538 0.723809 0.48339 0.703288 0.748611 0.0888329 0.500228 0.823576 0.970321 0.509983 0.080824 0.67529 0.0899837 0.511317 0.367003 0.442104 0.742101 0.879758 0.231174 0.0375395 0.357105 0.0516579 0.778648 0.934788 0.808986 0.2907 0.348366 0.318783 0.310709 0.47423 0.473509 0.721322 0.554035 0.230922 0.753451 0.172206 0.138115 0.824397 0.391348 0.477719 0.89281 0.282278 0.722125 0.542572 0.77989 0.697335 0.824796 0.27725 0.225505 0.143757 0.684321 0.900823 0.383911 0.233412 0.777318 0.887598 0.0294861 0.44218 0.558441 0.423889 0.306264 0.0278119 0.36986 0.277832 0.581465 0.0689758 0.0408168 0.252653 0.7314 0.00442144 0.685854 0.309899 0.849376 0.376131 0.39345 0.321739 0.493658 0.432677 0.25855 0.0755922 0.835892 0.962345 0.222757 0.821082 0.789477 0.140209 0.889707 0.956972 0.638868 0.565626 0.260877 0.457581 0.0514923 0.204006 0.273698 0.895993 0.798698 0.325038 0.290509 0.075539 0.223515 0.165913 0.26746 0.0243604 0.796872 0.0382974 0.623528 0.903066 0.504507 0.158344 0.701344 0.52318 0.580532 0.959771 0.409071 0.43379 0.164751 0.739827 0.0608101 0.929992 0.640979 0.729139 0.915224 0.103021 0.732987 0.370246 0.267248 0.680026 0.0153668 0.461725 0.766172 0.464086 0.69045 0.0487381 0.597946 0.217189 0.128538 0.368137 0.302872 0.712508 0.169035 0.549507 0.366212 0.68492 0.297504 0.337603 0.416446 0.358155 0.223673 0.888122 0.297227 0.796101 0.82429 0.0451827 0.789872 0.419825 0.726893 0.178847 0.395933 0.617484 0.127125 0.118241 0.182153 0.0743438 0.971368 0.603198 0.496551 0.830249 0.958423 0.00504493 0.165255 0.857677 0.933688 0.834464 0.694238 0.762028 0.865206 0.328768 0.759744 0.441182 0.16682
0.6945 0.111226 0.646247 0.114423 0.517332 0.912742 0.918223 0.28414 0.86646 0.329692 0.845295 0.552904 0.454983 0.855663 0.676492 0.445512 0.642494 0.569177 0.76054 0.908917 0.706277 0.425338 0.449803 0.448157 0.269508 0.681481 0.596927 0.8751 0.671459 0.895358 0.582147 0.255185 0.129003 0.827489 0.771836 0.725038 0.864576 0.389586 0.572776 0.133477 0.306512 0.0733847 0.727213 0.402311 0.0541404 0.201452 0.405372 0.0652599 0.411793 0.737017 0.931577 0.136509 0.00960887 0.263108 0.475153 0.932834 0.806965 0.391736 0.94338 0.467296 0.205558 0.581862 0.825248 0.897636 0.785406 0.373251 0.85942 0.0979516 0.503703 0.490953 0.581402 0.995245 0.281847 0.782172 0.537134 0.0390536 0.498068 0.532002 0.288155 0.355524 0.814588 0.171994 0.138662 0.827236 0.0627237 0.58241 0.947522 0.345915 0.587164 0.834534 0.99317 0.753281 0.0253566 0.989639 0.459998 0.171079 0.2647 0.394852 0.0169554 0.174903 0.788979 0.488072 0.552339 0.709696 0.984617 0.595722 0.691327 0.177673 0.942771 0.83769 0.454589 0.914035 0.745009 0.535918 0.566738 0.689765 0.779213 0.109971 0.412225 0.811612 0.488638 0.719863 0.69218 0.728593 0.790216 0.950445 0.114019 0.00538628 0.0398602 0.145131 0.350251 0.723656 0.731135 0.14525 0.057777 0.471197 0.336178 0.222328 0.360474 0.624761 0.0470703 0.0107836 0.764241 0.915925 0.989029 0.0925029 0.0372672 0.81578 0.0321447 0.5362 0.0809655 0.18653 0.860346 0.837149 0.211637 0.0930708 0.530425 0.315979 0.656917 0.762692 0.863855 0.900489 0.0029726 0.597314 0.084073 0.811073 0.182988 0.764775 0.364694 0.817703 0.935212 0.459385 0.374366 0.429885 0.00914551 0.153327 0.640977 0.896675 0.949726 0.532135 0.857429 0.761009 0.434772 0.0722596 0.527532 0.231091 0.494582 0.547493 0.813201 0.269673 0.143511 0.700222 0.0365027 0.298187 0.820422 0.50086 0.917968 0.279121 0.522743 0.128488
0.52363 0.912558 0.262403 0.066043 0.735498 0.667292 0.485892 0.464245 0.179156 0.450916 0.187733 0.289943 0.152284 0.2048 0.323985 0.224466 0.28989 0.48071 0.277936 0.331355 0.435337 0.946535 0.68861 0.333262 0.594648 0.299444 0.607414 0.289773 0.000591728 0.62137 0.0248132 0.290924 0.600479 0.795964 0.261879 0.658721 0.358653 0.204499 0.555745 0.211355 0.0990547 0.343535 0.487026 0.870962 0.12348 0.473073 0.785695 0.330089 0.0316534 0.240249 0.684026 0.197931 0.540017 0.778232 0.988903 0.807942 0.245412 0.339519 0.876891 0.192441 0.353331 0.662823 0.644198 0.475723 0.331163 0.757769 0.120791 0.117675 0.184762 0.320322 0.640042 0.0691679 0.781407 0.719102 0.532203 0.882272 0.47725 0.627928 0.56089 0.192905 0.456426 0.937846 0.684364 0.967152 0.740776 0.182065 0.400357 0.963937 0.0879858 0.0992303 0.805895 0.106534 0.0432736 0.167012 0.902165 0.0349861 0.35934 0.633827 0.993477 0.752606 0.815292 0.730858 0.317905 0.79788 0.521352 0.947358 0.690836 0.918785 0.189677 0.141025 0.100223 0.560243 0.668803 0.853186 0.305175 0.810974 0.277634 0.695009 0.0729038 0.916619 0.449684 0.66335 0.977151 0.186965 0.702548 0.892752 0.911425 0.442296 0.0623871 0.727141 0.70395 0.08211 0.280844 0.617308 0.501683 0.380355 0.15436 0.100263 0.247637 0.742966 0.054488 0.562798 0.58672 0.0738946 0.583688 0.922717 0.808196 0.690088 0.460455 0.434834 0.730869 0.445449 0.304537 0.347231 0.650515 0.89594 0.438237 0.626364 0.226256 0.819998 0.368193 0.828767 0.643653 0.222042 0.167058 0.408491 0.0678141 0.760684 0.910437 0.399607 0.994589 0.354291 0.8824 0.113236 0.866255 0.210693 0.326501 0.736889 0.929952 0.184594 0.148705 0.858039 0.185186 0.10697 0.458597 0.764823 0.227273 0.207578 0.710051 0.102305 0.132198 0.0202718 0.641549 0.203042 0.21688 0.540245 0.70932 0.0989056 0.963331 0.632203
0.0522574 0.953026 0.561768 0.495896 0.0480938 0.960772 0.464646 0.751833 0.831088 0.959039 0.24238 0.893536 0.124287 0.355195 0.250538 0.48827 0.349548 0.925566 0.0683507 0.441155 0.452589 0.431694 0.121292 0.081755 0.426523 0.635906 0.559039 0.147554 0.453787 0.555455 0.507289 0.953258 0.660685 0.740187 0.639601 0.862181 0.0750281 0.428787 0.770261 0.242313 0.171534 0.987954 0.984499 0.409685 0.0205727 0.0149139 0.931007 0.69203 0.929854 0.644744 0.662855 0.278879 0.990949 0.0139787 0.691691 0.453167 0.244068 0.498432 0.724262 0.118656 0.0279995 0.947364 0.202573 0.704679 0.99966 0.23825 0.396841 0.00933394 0.577938 0.927978 0.303547 0.0306507 0.863457 0.121404 0.474406 0.968684 0.301993 0.44917 0.3182 0.721648 0.175721 0.62332 0.341071 0.00734484 0.236041 0.0533883 0.451815 0.4982 0.250244 0.612789 0.578355 0.923405 0.566106 0.0975406 0.46975 0.769246 0.464865 0.829154 0.453941 0.166849 0.558077 0.765591 0.871324 0.123648 0.0213614 0.85399 0.149968 0.369795 0.625252 0.575266 0.763786 0.888589 0.531463 0.897218 0.136444 0.399356 0.899105 0.424418 0.924217 0.682272 0.329854 0.879243 0.359319 0.356467 0.822513 0.116527 0.0636669 0.77554 0.859923 0.327609 0.00893748 0.948169 0.89168 0.707115 0.946891 0.643901 0.964795 0.421728 0.00424571 0.169727 0.670104 0.328172 0.492798 0.882006 0.285571 0.911067 0.242361 0.0667812 0.301655 0.220634 0.658573 0.658533 0.682177 0.821489 0.165217 0.236368 0.916791 0.197935 0.785303 0.788175 0.142518 0.339333 0.917401 0.775241 0.564476 0.793574 0.863899 0.0359594 0.863839 0.558899 0.138742 0.341214 0.592476 0.0604789 0.845429 0.931466 0.428973 0.335697 0.99182 0.667874 0.176374 0.858437 0.685825 0.397843 0.468885 0.157163 0.798246 0.802353 0.438437 0.156621 0.191191 0.219489 0.663898 0.0473873 0.462363 0.562286 0.932558 0.983464 0.614923 0.753689
0.992268 0.288145 0.255544 0.836306 0.839098 0.0594284 0.859345 0.583793 0.396674 0.705954 0.923135 0.706607 0.934692 0.135532 0.30864 0.336148 0.399812 0.186091 0.978621 0.117805 0.0518481 0.923894 0.741636 0.796742 0.0457861 0.123474 0.647319 0.559623 0.551261 0.456502 0.127049 0.11774 0.0662155 0.674055 0.719421 0.863968 0.288548 0.499284 0.367042 0.955474 0.268995 0.484157 0.178782 0.936199 0.118174 0.468437 0.836306 0.225827 0.767285 0.629154 0.215722 0.136485 0.802917 0.0961213 0.85399 0.345759 0.118574 0.623774 0.894435 0.536206 0.369823 0.79367 0.911687 0.125331 0.463684 0.818218 0.433004 0.870763 0.560502 0.94454 0.659844 0.119756 0.994874 0.473753 0.283726 0.850201 0.376099 0.298525 0.0927389 0.670922 0.404971 0.145143 0.80197 0.66023 0.94344 0.464161 0.861213 0.948327 0.916014 0.804726 0.583654 0.370338 0.635083 0.722773 0.886018 0.85958 0.977641 0.408186 0.929897 0.319933 0.472443 0.599086 0.987039 0.948234 0.904992 0.921221 0.708138 0.526472 0.608198 0.443555 0.252113 0.913796 0.0629317 0.440719 0.700961 0.0160969 0.307343 0.151683 0.952859 0.405294 0.967626 0.206053 0.698159 0.539992 0.952404 0.411174 0.323984 0.336275 0.582446 0.206078 0.752521 0.463135 0.040497 0.484436 0.619437 0.00951524 0.740234 0.212483 0.0554606 0.292659 0.640068 0.672875 0.905231 0.173934 0.478799 0.52134 0.0178111 0.685272 0.0540605 0.0167745 0.33038 0.224137 0.194679 0.108775 0.286848 0.153411 0.456565 0.0940433 0.0205812 0.0946036 0.0697594 0.580576 0.43824 0.063836 0.274482 0.305285 0.431773 0.361195 0.721663 0.189213 0.266693 0.892646 0.341817 0.872271 0.612597 0.37287 0.558374 0.545921 0.590003 0.635216 0.466404 0.600921 0.787608 0.822448 0.206983 0.653232 0.577105 0.0602795 0.164082 0.229239 0.317304 0.0284831 0.700489 0.996581 0.399821 0.918088 0.180761 0.622906 0.427197 0.840809
0.115235 0.197368 0.530298 0.0757713 0.493278 0.189187 0.810984 0.0446325 0.634894 0.509274 0.838769 0.25188 0.339025 0.356989 0.813716 0.403578 0.139849 0.955353 0.782193 0.190876 0.866339 0.308604 0.645803 0.0679476 0.356235 0.368355 0.0232233 0.147989 0.0339888 0.276304 0.116031 0.486058 0.290618 0.0149877 0.283858 0.467597 0.345519 0.846633 0.278316 0.982097 0.811484 0.960703 0.980465 0.578639 0.720628 0.857755 0.840613 0.678862 0.307349 0.28611 0.197754 0.00791284 0.680528 0.00290459 0.473828 0.307043 0.818663 0.837014 0.527888 0.0214468 0.984793 0.950042 0.657994 0.960458 0.211982 0.240265 0.305333 0.00472933 0.593126 0.801485 0.716756 0.248736 0.602278 0.695463 0.932061 0.693363 0.966173 0.446292 0.120681 0.736678 0.535986 0.546546 0.816608 0.77785 0.868933 0.18446 0.129908 0.791698 0.911678 0.494186 0.577048 0.0442555 0.261603 0.077991 0.0764589 0.0920143 0.959758 0.588235 0.329169 0.590753 0.938212 0.17891 0.461116 0.934698 0.898463 0.265834 0.239703 0.886209 0.264583 0.368419 0.713969 0.696462 0.331009 0.28803 0.21047 0.270133 0.500683 0.0607872 0.69511 0.0901193 0.148611 0.01428 0.822716 0.489406 0.684242 0.79807 0.120992 0.0850226 0.98788 0.978289 0.6359 0.405237 0.396318 0.802239 0.4463 0.654639 0.427606 0.571009 0.194795 0.843803 0.695013 0.577008 0.606243 0.401925 0.21596 0.923973 0.408414 0.31087 0.877045 0.453213 0.0764402 0.805715 0.420659 0.0767203 0.946266 0.219776 0.786022 0.505926 0.151841 0.0809098 0.917648 0.583914 0.0145489 0.658563 0.327754 0.598958 0.590686 0.0318651 0.926149 0.480032 0.95618 0.014604 0.667764 0.853579 0.653938 0.118631 0.766628 0.938678 0.517745 0.481753 0.789132 0.65304 0.964529 0.181942 0.373916 0.265004 0.774871 0.85787 0.0573146 0.532275 0.931224 0.990915 0.00745149 0.951811 0.223566 0.930665 0.135728 0.547202 0.620197 0.794367
0.146529 0.600681 0.91553 0.027257 0.213636 0.867861 0.298029 0.292078 0.38184 0.63284 0.843107 0.476505 0.937818 0.579274 0.387051 0.956764 0.838503 0.950243 0.745397 0.580101 0.599564 0.997805 0.509389 0.646295 0.0621738 0.520105 0.91113 0.91126 0.803422 0.225783 0.632459 0.0227188 0.453913 0.506619 0.6896 0.491048 0.328924 0.0234356 0.467952 0.614735 0.21592 0.466507 0.253007 0.528182 0.369908 0.286962 0.853732 0.000231076 0.363724 0.422973 0.85514 0.773378 0.911808 0.478665 0.471256 0.248074 0.0497274 0.490773 0.31113 0.170158 0.653 0.918467 0.50412 0.300801 0.425368 0.909081 0.236307 0.178498 0.00532414 0.0106877 0.447566 0.688762 0.187222 0.734669 0.647847 0.992027 0.693431 0.107975 0.720905 0.123267 0.865616 0.986763 0.977035 0.756185 0.156967 0.348239 0.82578 0.714268 0.154352 0.944146 0.219117 0.062444 0.00595778 0.540687 0.74322 0.319294 0.581883 0.405296 0.729868 0.554396 0.320639 0.814006 0.123103 0.588025 0.026455 0.8313 0.878051 0.340184 0.195723 0.722702 0.0982286 0.795735 0.0550786 0.589898 0.0384415 0.249664 0.0314664 0.393767 0.428578 0.375117 0.771962 0.746028 0.925422 0.359887 0.653629 0.534039 0.363833 0.837002 0.334912 0.76317 0.63709 0.773397 0.705218 0.49106 0.474581 0.442316 0.968641 0.581809 0.300826 0.947929 0.847229 0.259564 0.0892434 0.0299026 0.906652 0.246155 0.880771 0.562718 0.304053 0.968522 0.719394 0.0601081 0.46773 0.435336 0.495686 0.190576 0.425361 0.836266 0.068949 0.619562 0.444797 0.744119 0.986262 0.790243 0.428967 0.552668 0.690013 0.182432 0.300172 0.544067 0.733807 0.100895 0.797717 0.535949 0.00827068 0.269514 0.495062 0.335013 0.377129 0.915616 0.62883 0.33584 0.600647 0.24079 0.722477 0.709691 0.385128 0.362839 0.962247 0.69611 0.157064 0.0695355 0.200706 0.591401 0.658407 0.635799 0.0676621 0.78944 0.764317 0.146856
0.0577517 0.170624 0.280725 0.201918 0.860718 0.199598 0.680276 0.25701 0.167224 0.215898 0.951228 0.243845 0.948841 0.403555 0.604593 0.259478 0.0592039 0.097608 0.973269 0.851229 0.237807 0.844696 0.863399 0.93455 0.439052 0.464821 0.912877 0.693373 0.646887 0.0514918 0.585932 0.0260323 0.669331 0.716025 0.413063 0.322605 0.319103 0.569272 0.183899 0.209521 0.0628943 0.535561 0.694825 0.550084 0.437253 0.102761 0.481278 0.320382 0.886471 0.286827 0.9604 0.352121 0.834831 0.248751 0.421393 0.766535 0.401868 0.288091 0.27532 0.669545 0.415336 0.134406 0.705442 0.569801 0.0181097 0.481038 0.105218 0.373423 0.524778 0.353982 0.146609 0.174739 0.276154 0.451709 0.217102 0.724499 0.154688 0.247075 0.573524 0.450984 0.651273 0.932917 0.00127773 0.0791599 0.702901 0.961567 0.268731 0.449484 0.775192 0.984407 0.420971 0.0297315 0.821266 0.821111 0.04337 0.702275 0.480733 0.476657 0.825654 0.26516 0.603994 0.189229 0.546959 0.735563 0.192453 0.163099 0.381543 0.460412 0.521956 0.50854 0.276479 0.14818 0.3472 0.167922 0.199633 0.451093 0.939482 0.524356 0.142602 0.0242813 0.106395 0.0923415 0.197728 0.404033 0.618051 0.364452 0.186005 0.352384 0.883259 0.712412 0.484773 0.762215 0.103455 0.530014 0.185053 0.590185 0.0561288 0.0186354 0.526603 0.956623 0.784777 0.168028 0.790461 0.442066 0.927745 0.0633961 0.62345 0.502509 0.0247899 0.509157 0.227196 0.445092 0.734878 0.0872712 0.682228 0.405126 0.517112 0.203001 0.993328 0.0366856 0.203477 0.561508 0.245196 0.0656445 0.724603 0.122043 0.826166 0.918769 0.668671 0.11481 0.555417 0.464399 0.933223 0.659876 0.214222 0.201545 0.118193 0.12772 0.470673 0.256873 0.900009 0.220728 0.676713 0.726748 0.904087 0.852123 0.86756 0.798464 0.108813 0.675435 0.230202 0.573071 0.599307 0.549664 0.28574 0.143112 0.874735 0.0210753 0.0685001 0.291366
0.366991 0.235959 0.253008 0.90416 0.188564 0.094646 0.621173 0.743448 0.643706 0.509056 0.681668 0.883142 0.39202 0.843079 0.157267 0.755021 0.679118 0.320727 0.8722 0.387199 0.550661 0.0260939 0.748011 0.529574 0.700654 0.837608 0.747295 0.262849 0.454781 0.777795 0.352096 0.0470081 0.615858 0.383194 0.973468 0.679239 0.621885 0.222949 0.432041 0.930259 0.188785 0.560256 0.654187 0.997101 0.781636 0.435472 0.729094 0.683687 0.736199 0.330489 0.289783 0.854424 0.366333 0.96552 0.643419 0.87122 0.260225 0.881249 0.243325 0.408587 0.271097 0.276886 0.430977 0.685273 0.282209 0.611341 0.0728076 0.587432 0.285543 0.686498 0.837234 0.294648 0.351241 0.790095 0.748472 0.82958 0.660826 0.176213 0.40424 0.78637 0.414156 0.810118 0.424957 0.332318 0.675084 0.765736 0.658519 0.996255 0.699192 0.0469235 0.466141 0.78696 0.0695817 0.606361 0.426813 0.0907842 0.10168 0.290044 0.862882 0.308012 0.962323 0.551454 0.639159 0.439231 0.648692 0.308224 0.742256 0.699143 0.548424 0.818998 0.645997 0.634856 0.227276 0.650631 0.409832 0.857019 0.792997 0.776311 0.302844 0.837104 0.478676 0.222959 0.813598 0.607472 0.594525 0.579249 0.189244 0.704474 0.807332 0.637246 0.109755 0.775138 0.228218 0.761639 0.591904 0.622778 0.992041 0.592135 0.81747 0.81007 0.573944 0.95317 0.279623 0.328897 0.105677 0.163909 0.235644 0.478667 0.267744 0.916232 0.487789 0.603671 0.631383 0.891552 0.741738 0.296795 0.0360778 0.801413 0.0246921 0.714841 0.541822 0.373721 0.784726 0.764131 0.632065 0.681619 0.0781223 0.205235 0.183363 0.990312 0.844048 0.865594 0.704702 0.0757293 0.0350227 0.0955335 0.297421 0.0851052 0.844023 0.817353 0.883698 0.123501 0.0774417 0.0711361 0.812752 0.798527 0.51424 0.306674 0.880017 0.524815 0.649153 0.590089 0.505781 0.495557 0.372011 0.731899 0.766889 0.212505 0.0325851 0.418159
0.470092 0.324132 0.487686 0.930727 0.485661 0.401127 0.757174 0.452679 0.72582 0.703197 0.45158 0.56541 0.675948 0.282394 0.478405 0.538023 0.755988 0.737662 0.240535 0.522051 0.763692 0.444632 0.461924 0.051216 0.334575 0.421885 0.908684 0.415671 0.140542 0.320534 0.670955 0.72718 0.126237 0.618783 0.748177 0.369266 0.478579 0.854785 0.8889 0.371096 0.277079 0.464358 0.200877 0.6906 0.157588 0.296457 0.678523 0.0516923 0.131366 0.618364 0.0879518 0.0464194 0.917714 0.8568 0.88646 0.819165 0.967056 0.811907 0.667924 0.317202 0.707806 0.0935969 0.305877 0.54454 0.848634 0.820055 0.91858 0.506188 0.227754 0.181853 0.42432 0.544351 0.840702 0.644942 0.59218 0.640963 0.880974 0.722436 0.182199 0.483948 0.37165 0.264629 0.706623 0.371531 0.309055 0.0633408 0.314055 0.303372 0.035195 0.155562 0.835195 0.964074 0.472254 0.0819277 0.66119 0.323509 0.311656 0.766791 0.210572 0.724895 0.0863387 0.981141 0.980005 0.0392599 0.585311 0.183352 0.187216 0.30173 0.539192 0.358495 0.494943 0.373639 0.240834 0.754848 0.764606 0.560781 0.00725103 0.364182 0.86957 0.165681 0.308154 0.554642 0.000367157 0.777669 0.111392 0.838683 0.353872 0.200478 0.722397 0.715913 0.212733 0.437496 0.420828 0.748179 0.379195 0.567637 0.933999 0.544251 0.00663897 0.0805642 0.0916626 0.493988 0.860813 0.325056 0.590492 0.757543 0.00842988 0.786529 0.0409043 0.0405168 0.720946 0.108186 0.262882 0.867129 0.589796 0.420296 0.897244 0.879258 0.186094 0.629509 0.948072 0.483333 0.13743 0.889247 0.590116 0.864042 0.80435 0.259546 0.662318 0.748859 0.531414 0.114276 0.900735 0.608599 0.650873 0.736488 0.318452 0.878834 0.209502 0.50533 0.463267 0.615932 0.598431 0.426895 0.934001 0.524017 0.705373 0.0784115 0.783253 0.461949 0.35684 0.458529 0.460632 0.474394 0.448952 0.723076 0.995142 0.244549 0.457611 0.550437
