200
0.921179 0.377319 0.946577 0.75552 0.838568 0.173127 0.581094 0.771059 0.292203 0.44149 0.730203 0.465946 0.472931 0.133749 0.851316 0.52379 0.683614 0.622771 0.225896 0.592172 0.157645 0.666346 0.258702 0.99565 0.712809 0.467011 0.511938 0.96148 0.204342 0.535782 0.129756 0.261037 0.225546 0.528997 0.743383 0.706136 0.697253 0.414145 0.6651 0.12369 0.877871 0.653807 0.245467 0.0735608 0.750711 0.758338 0.504251 0.0992015 0.91109 0.894509 0.809086 0.919493 0.495801 0.392259 0.26351 0.0100078 0.98934 0.397178 0.453415 0.484602 0.0494012 0.668264 0.352523 0.934231 0.867983 0.181287 0.778744 0.267862 0.78496 0.619255 0.718316 0.612548 0.813429 0.93169 0.318002 0.725068 0.442019 0.153263 0.666159 0.779478 0.846483 0.00939382 0.00118114 0.70949 0.953861 0.544459 0.123621 0.368233 0.845189 0.654101 0.459812 0.651754 0.958622 0.132019 0.116147 0.552959 0.557874 0.0561293 0.699519 0.0393726 0.0753562 0.0358647 0.132867 0.666062 0.0785831 0.360092 0.868764 0.802126 0.53317 0.805131 0.762185 0.623821 0.323755 0.0135236 0.939288 0.249529 0.987047 0.37657 0.502396 0.297146 0.924561 0.0396521 0.567737 0.611428 0.502403 0.997838 0.0441466 0.757047 0.530971 0.274445 0.108286 0.189285 0.847118 0.583859 0.130759 0.92053 0.943518 0.0474412 0.834585 0.444442 0.270836 0.650427 0.90183 0.828555 0.00929093 0.791072 0.447882 0.611346 0.95805 0.707605 0.200665 0.523942 0.56793 0.0795044 0.582337 0.455352 0.44355 0.104364 0.461004 0.976552 0.586364 0.777159 0.62002 0.593409 0.57212 0.114501 0.136788 0.0575792 0.997897 0.592528 0.724144 0.455111 0.527524 0.0343714 0.221271 0.124665 0.595584 0.581081 0.665157 0.932613 0.642064 0.611604 0.534581 0.762277 0.499522 0.298617 0.369115 0.45913 0.787008 0.569022 0.70644 0.146976 0.962538 0.398902 0.748434 0.305663 0.819807 0.413872 0.69489 0.569678
0.49256 0.288985 0.971406 0.957984 0.929958 0.606461 0.43254 0.486155 0.670498 0.981298 0.255359 0.991519 0.641864 0.123465 0.168967 0.958782 0.936322 0.924144 0.49189 0.561497 0.684853 0.696506 0.161882 0.900259 0.517538 0.324944 0.0646033 0.106587 0.273256 0.488397 0.426347 0.820196 0.861109 0.203424 0.942851 0.129953 0.127134 0.000535894 0.608779 0.658227 0.15833 0.242791 0.240688 0.545937 0.984115 0.239001 0.766512 0.928387 0.436951 0.0201529 0.774212 0.863054 0.186965 0.543435 0.205259 0.630386 0.89028 0.84042 0.842359 0.905328 0.213798 0.273662 0.723318 0.844619 0.279698 0.968304 0.612675 0.698161 0.742534 0.789138 0.680573 0.931209 0.345985 0.106524 0.171966 0.568879 0.719144 0.779009 0.63756 0.464631 0.626817 0.315118 0.250413 0.855481 0.00939984 0.510278 0.794792 0.201121 0.292451 0.835993 0.108512 0.961977 0.608257 0.0292223 0.655203 0.261919 0.722296 0.200624 0.932319 0.955148 0.665497 0.435197 0.972136 0.700604 0.17533 0.394581 0.95078 0.110411 0.796369 0.693351 0.461268 0.915859 0.481507 0.976557 0.741817 0.714002 0.488915 0.334062 0.355972 0.813116 0.993452 0.567913 0.454517 0.144299 0.664986 0.262435 0.575057 0.703432 0.0478987 0.43024 0.255123 0.614797 0.757171 0.838952 0.586749 0.749598 0.825984 0.678974 0.657094 0.79963 0.129251 0.0977452 0.744287 0.274911 0.983505 0.640109 0.742494 0.338407 0.989882 0.197763 0.204127 0.343041 0.299928 0.652691 0.332663 0.636974 0.545246 0.0585924 0.475334 0.482048 0.816373 0.154583 0.566202 0.84056 0.25297 0.931448 0.271042 0.325584 0.117217 0.490035 0.381995 0.548224 0.80603 0.941695 0.139013 0.925401 0.211406 0.186888 0.908156 0.00944117 0.74173 0.0145172 0.718387 0.982278 0.608665 0.771007 0.61646 0.200326 0.120873 0.599378 0.489921 0.283096 0.597073 0.35147 0.979821 0.30525 0.185378 0.995744 0.823936 0.672145
0.0878565 0.846365 0.846335 0.554351 0.181015 0.757647 0.162577 0.502907 0.813198 0.708723 0.009818 0.0107771 0.664407 0.750276 0.475538 0.308869 0.960447 0.873119 0.79851 0.988624 0.336473 0.790997 0.528749 0.412057 0.293264 0.333882 0.664974 0.0184781 0.00232901 0.888554 0.523178 0.337861 0.568412 0.114282 0.876026 0.57386 0.249898 0.526066 0.592035 0.428765 0.922495 0.0980799 0.137654 0.199297 0.689278 0.812377 0.848467 0.0660515 0.708376 0.730989 0.596661 0.154792 0.480272 0.110026 0.963611 0.0297939 0.0833701 0.250049 0.441188 0.171626 0.415201 0.360709 0.740096 0.555561 0.900877 0.79453 0.717468 0.0298458 0.424877 0.541117 0.659342 0.0414357 0.896337 0.377368 0.572618 0.306723 0.576348 0.700809 0.221662 0.880298 0.895737 0.24519 0.233381 0.968557 0.340898 0.785503 0.691494 0.552374 0.373415 0.0793452 0.226478 0.582129 0.998607 0.115821 0.817799 0.385961 0.404327 0.498312 0.712501 0.786165 0.103441 0.70362 0.988313 0.77306 0.445491 0.237148 0.324198 0.247576 0.82535 0.856179 0.892902 0.253158 0.950457 0.384883 0.977438 0.325682 0.221475 0.366556 0.802068 0.235701 0.330357 0.72412 0.663814 0.286313 0.115136 0.759313 0.211617 0.310395 0.697768 0.901213 0.0155864 0.180758 0.0980839 0.260582 0.660159 0.0873525 0.75771 0.46994 0.27948 0.606029 0.85099 0.744182 0.965218 0.536373 0.824342 0.854127 0.514712 0.923654 0.294248 0.154605 0.936505 0.380225 0.212189 0.491008 0.184011 0.94308 0.419854 0.567371 0.788261 0.974508 0.949288 0.693676 0.711679 0.346321 0.4846 0.665863 0.779022 0.867718 0.00876786 0.670418 0.299274 0.00583192 0.0494594 0.376719 0.398504 0.64788 0.0766763 0.692981 0.786089 0.447818 0.0325447 0.686679 0.599388 0.146313 0.923583 0.403985 0.00294391 0.513171 0.185195 0.294144 0.199787 0.804317 0.773392 0.470966 0.152751 0.360299 0.890763 0.405733 0.969907 0.674628
0.116528 0.166004 0.462797 0.0383951 0.953246 0.682435 0.339714 0.342961 0.624583 0.0266665 0.241013 0.167397 0.129659 0.764778 0.263445 0.915194 0.195607 0.627024 0.408868 0.825541 0.840789 0.448566 0.664249 0.324069 0.946896 0.572245 0.580174 0.715294 0.850531 0.211425 0.666189 0.779539 0.502095 0.235925 0.170812 0.189314 0.782808 0.599032 0.305145 0.97759 0.45681 0.335371 0.250712 0.783185 0.428668 0.200563 0.856085 0.546987 0.433772 0.578439 0.858521 0.822556 0.730621 0.892873 0.768868 0.472102 0.525262 0.627354 0.0865747 0.71726 0.745105 0.554256 0.275995 0.20488 0.00827369 0.181882 0.525681 0.361038 0.900947 0.884244 0.655359 0.0321816 0.946625 0.627019 0.341098 0.680598 0.962942 0.639301 0.112211 0.449089 0.657575 0.88129 0.403746 0.292001 0.896301 0.486333 0.863738 0.917522 0.242826 0.731213 0.333139 0.247136 0.107624 0.0432093 0.878012 0.782294 0.431577 0.402324 0.43974 0.649461 0.303077 0.492549 0.0465123 0.664346 0.761369 0.556892 0.637297 0.701977 0.663667 0.435413 0.179384 0.246457 0.85913 0.0972189 0.88379 0.623639 0.739309 0.161508 0.633038 0.246277 0.237455 0.125711 0.919879 0.790847 0.396605 0.859071 0.875005 0.253465 0.735178 0.127853 0.449367 0.348947 0.784959 0.0332618 0.757098 0.209154 0.919633 0.57878 0.445663 0.687496 0.116711 0.111279 0.368299 0.385198 0.602011 0.824799 0.48486 0.921092 0.827606 0.942294 0.267954 0.613583 0.65355 0.198328 0.394477 0.0163032 0.410663 0.883313 0.64667 0.849758 0.892433 0.0703025 0.630522 0.485525 0.560506 0.881262 0.908443 0.933068 0.623719 0.490603 0.668017 0.612529 0.628004 0.626905 0.809004 0.809834 0.0387671 0.0918724 0.909668 0.944502 0.392136 0.128316 0.326558 0.407035 0.183704 0.81175 0.290001 0.470465 0.807747 0.470464 0.313292 0.771608 0.0152225 0.417079 0.755413 0.0745719 0.610523 0.13959 0.19121 0.733134
0.470875 0.00487093 0.305092 0.561198 0.862781 0.51001 0.752098 0.786217 0.766921 0.0797894 0.91792 0.713244 0.857787 0.537636 0.657995 0.240194 0.650394 0.0774716 0.735879 0.732535 0.7374 0.814015 0.301694 0.395011 0.927312 0.840547 0.72169 0.675397 0.155444 0.738039 0.819299 0.766061 0.701962 0.829962 0.00976195 0.323335 0.858046 0.843939 0.523823 0.337913 0.926426 0.485608 0.415657 0.4247 0.464261 0.955696 0.47654 0.49625 0.114853 0.908841 0.0311317 0.534645 0.66934 0.342742 0.953903 0.692483 0.534115 0.902395 0.489352 0.44658 0.459366 0.361651 0.460984 0.556061 0.957459 0.352065 0.68793 0.203742 0.970046 0.766286 0.421083 0.3664 0.73843 0.258188 0.29312 0.583652 0.766978 0.703651 0.77986 0.423137 0.167657 0.0672534 0.365948 0.0599135 0.476697 0.820236 0.342165 0.481821 0.461922 0.696043 0.516251 0.852359 0.640588 0.597955 0.375003 0.996421 0.761967 0.460824 0.161428 0.223589 0.286128 0.449295 0.9097 0.294982 0.351978 0.200215 0.981093 0.226543 0.834767 0.141404 0.473033 0.52585 0.509157 0.348049 0.239614 0.0548122 0.843491 0.642039 0.759104 0.50357 0.533526 0.585845 0.940431 0.390561 0.957074 0.2381 0.846408 0.906365 0.615903 0.543703 0.43245 0.68156 0.509075 0.718026 0.581191 0.289451 0.468777 0.486689 0.155074 0.893078 0.354104 0.720194 0.482166 0.48225 0.413443 0.794549 0.0255286 0.403904 0.448341 0.495066 0.650168 0.500092 0.674114 0.152956 0.549297 0.579241 0.994864 0.265151 0.152239 0.49257 0.0782524 0.0196925 0.0335407 0.439596 0.0679243 0.835608 0.647629 0.882536 0.499162 0.860603 0.78014 0.0377587 0.356499 0.996094 0.618677 0.967207 0.35543 0.648846 0.581942 0.0793035 0.434525 0.462928 0.248666 0.147381 0.811125 0.342834 0.767345 0.822212 0.87812 0.913928 0.863387 0.662365 0.0507728 0.63642 0.401531 0.179841 0.0087554 0.171776 0.886723 0.847898
0.488163 0.977711 0.592777 0.625184 0.379626 0.00432629 0.442245 0.391794 0.455935 0.982124 0.440412 0.66217 0.467053 0.607554 0.536444 0.877441 0.0801729 0.906524 0.252976 0.824975 0.170227 0.910982 0.364087 0.684231 0.398279 0.529191 0.758741 0.82735 0.0759335 0.782316 0.61137 0.313136 0.1948 0.432488 0.773801 0.808866 0.088421 0.598209 0.0234196 0.156073 0.470265 0.264292 0.61233 0.104452 0.502861 0.765489 0.0350327 0.877383 0.96158 0.934209 0.111416 0.918949 0.191711 0.646936 0.223745 0.447005 0.305544 0.592031 0.843864 0.0585013 0.425356 0.257166 0.676454 0.149627 0.0986387 0.2293 0.615453 0.298144 0.626966 0.0110634 0.915022 0.736274 0.0863014 0.400077 0.653964 0.297296 0.17098 0.715527 0.884465 0.465018 0.00375177 0.704664 0.762004 0.765997 0.110816 0.377568 0.303766 0.134798 0.959703 0.209733 0.771601 0.08032 0.767078 0.201346 0.968295 0.218984 0.138667 0.17293 0.174399 0.359544 0.683932 0.801181 0.599323 0.999416 0.348819 0.143957 0.820214 0.269299 0.379705 0.0506574 0.0097797 0.401125 0.922365 0.320952 0.000661752 0.275328 0.907001 0.633314 0.146756 0.92361 0.599149 0.862 0.48182 0.338335 0.221467 0.0769849 0.939181 0.936763 0.248625 0.690251 0.869611 0.615972 0.13333 0.263749 0.482305 0.389759 0.0502429 0.201956 0.369676 0.55067 0.565987 0.571028 0.235116 0.29225 0.0309294 0.157657 0.594072 0.262829 0.895884 0.528114 0.789074 0.69908 0.0769618 0.686122 0.556001 0.325007 0.737578 0.883152 0.717778 0.205545 0.769611 0.918871 0.754054 0.0302524 0.103063 0.953651 0.685794 0.696108 0.672726 0.926915 0.30586 0.425779 0.994568 0.406864 0.447746 0.127225 0.811549 0.79146 0.949183 0.904566 0.207253 0.419686 0.825023 0.353851 0.913776 0.166768 0.183863 0.468745 0.338684 0.200756 0.931965 0.329262 0.428719 0.532669 0.876065 0.5073 0.719887 0.127468 0.577785 0.591789
0.453756 0.274848 0.215912 0.142251 0.830235 0.561572 0.0381055 0.0273051 0.711391 0.977754 0.562148 0.287108 0.687493 0.349372 0.317258 0.290445 0.45065 0.358654 0.826783 0.89382 0.423924 0.643023 0.916385 0.994314 0.255696 0.62684 0.662767 0.392943 0.810307 0.222049 0.658487 0.65803 0.204494 0.536934 0.785753 0.816915 0.335836 0.701484 0.201718 0.839442 0.717881 0.0241951 0.964291 0.70911 0.0754407 0.792503 0.877877 0.854065 0.546822 0.162973 0.56556 0.651265 0.340394 0.0510672 0.554934 0.818185 0.96449 0.251493 0.159832 0.166728 0.307054 0.160666 0.139467 0.417507 0.652105 0.742277 0.646899 0.0303052 0.843815 0.0678524 0.443867 0.693971 0.494237 0.0309784 0.00920979 0.385668 0.434942 0.892929 0.16053 0.942299 0.88188 0.523399 0.297054 0.569702 0.744983 0.171441 0.349724 0.461404 0.363598 0.296566 0.418437 0.729821 0.584266 0.620031 0.56789 0.455829 0.984363 0.453222 0.992387 0.5405 0.127208 0.311989 0.502749 0.0583671 0.308638 0.230604 0.422334 0.756059 0.167079 0.947709 0.0123761 0.464819 0.307147 0.650711 0.439413 0.620378 0.327537 0.348771 0.575736 0.270576 0.623228 0.131621 0.224405 0.552766 0.433982 0.198661 0.146486 0.125528 0.407544 0.662449 0.583772 0.825894 0.528352 0.118133 0.0148617 0.178288 0.635954 0.858075 0.5887 0.913551 0.361519 0.82707 0.210653 0.781899 0.384725 0.961455 0.940039 0.588566 0.722286 0.731978 0.792721 0.277751 0.50893 0.513428 0.937855 0.116372 0.771754 0.956703 0.139483 0.0915753 0.289054 0.216304 0.918144 0.279523 0.134102 0.944173 0.417523 0.654385 0.0151484 0.585389 0.995695 0.657181 0.291237 0.154893 0.567469 0.59705 0.969048 0.1064 0.436235 0.675226 0.210124 0.138092 0.436738 0.155695 0.972762 0.503318 0.489201 0.297696 0.0602395 0.740389 0.743917 0.990318 0.600745 0.118386 0.119272 0.339767 0.660559 0.103248 0.70906 0.562575
0.440904 0.314547 0.625691 0.379556 0.925365 0.300932 0.623321 0.00711132 0.22116 0.61205 0.440279 0.366805 0.0949265 0.578274 0.147345 0.0659162 0.656242 0.198338 0.29712 0.407897 0.201124 0.436068 0.962502 0.27312 0.41923 0.354856 0.973272 0.444079 0.211819 0.595981 0.666958 0.719206 0.835369 0.618481 0.377101 0.499615 0.478063 0.239655 0.726675 0.0749588 0.165343 0.119995 0.118253 0.96958 0.683359 0.701258 0.366949 0.510416 0.422437 0.218539 0.608847 0.616988 0.288981 0.322534 0.989268 0.953568 0.284972 0.369454 0.262728 0.332813 0.0399689 0.581452 0.148508 0.473111 0.0054075 0.0253711 0.457975 0.816706 0.861803 0.375158 0.0756701 0.313248 0.536931 0.977253 0.783863 0.629688 0.171168 0.922008 0.32576 0.127609 0.850103 0.243819 0.778927 0.781156 0.899044 0.512415 0.343742 0.76258 0.112976 0.172233 0.955223 0.284108 0.158728 0.681617 0.385343 0.455175 0.82958 0.791501 0.755525 0.177352 0.475226 0.0943822 0.967013 0.167553 0.687761 0.545405 0.843841 0.0422008 0.616261 0.157885 0.992186 0.576997 0.677083 0.441173 0.90372 0.627282 0.375249 0.54298 0.920163 0.812155 0.075603 0.116359 0.535547 0.215911 0.297889 0.0545605 0.6447 0.55822 0.228224 0.212135 0.52439 0.74862 0.796859 0.121634 0.653485 0.239792 0.717768 0.827395 0.83832 0.499683 0.968497 0.265504 0.718433 0.073195 0.151623 0.281163 0.728599 0.362152 0.0811373 0.340046 0.625732 0.293752 0.748124 0.754171 0.488399 0.49057 0.211361 0.607147 0.0860974 0.436532 0.511573 0.511565 0.189684 0.214483 0.39655 0.138908 0.217626 0.876143 0.33384 0.926676 0.201415 0.587512 0.241283 0.374114 0.227468 0.31999 0.839873 0.570788 0.0528939 0.784348 0.397787 0.560524 0.130593 0.989982 0.201782 0.164587 0.475058 0.556898 0.849347 0.88109 0.442756 0.0699769 0.809231 0.490431 0.803164 0.126636 0.342922 0.505166 0.484904 0.437209
0.38072 0.177019 0.142649 0.53388 0.994632 0.408069 0.79321 0.513419 0.212724 0.421524 0.984928 0.178113 0.784546 0.645672 0.220363 0.311704 0.409111 0.474843 0.225461 0.0388183 0.920815 0.413989 0.0943536 0.847891 0.321532 0.362714 0.366719 0.664424 0.946341 0.0474146 0.566316 0.833045 0.422143 0.199546 0.827222 0.89682 0.106675 0.216109 0.951346 0.37272 0.902111 0.358134 0.471905 0.739643 0.668693 0.523016 0.959617 0.0127082 0.182815 0.21645 0.423216 0.912975 0.926259 0.444753 0.21293 0.459687 0.0207627 0.409055 0.7249 0.356667 0.147951 0.265744 0.405482 0.121923 0.521993 0.63032 0.977131 0.833112 0.248519 0.754162 0.812972 0.856485 0.891593 0.898636 0.752402 0.476951 0.888747 0.98154 0.142054 0.258403 0.318288 0.730145 0.628691 0.950676 0.749268 0.91526 0.235293 0.00502247 0.0665844 0.792256 0.124292 0.624706 0.563311 0.17313 0.655361 0.0253953 0.227109 0.662531 0.580952 0.0144714 0.22159 0.139187 0.0783163 0.646235 0.528986 0.392288 0.0241232 0.0514435 0.867436 0.0942315 0.5005 0.806362 0.607494 0.569229 0.104086 0.114271 0.953473 0.681183 0.674823 0.842524 0.998141 0.666248 0.795686 0.777887 0.00205865 0.402454 0.645683 0.0479994 0.458011 0.235179 0.425318 0.455631 0.117977 0.429923 0.119884 0.500988 0.262165 0.00938461 0.298027 0.0499748 0.80646 0.682878 0.593459 0.204513 0.474265 0.356264 0.613935 0.82583 0.579373 0.598806 0.027822 0.272598 0.596356 0.291483 0.522249 0.284515 0.96206 0.475484 0.508801 0.70559 0.175238 0.477034 0.326051 0.104632 0.954935 0.657671 0.528644 0.868543 0.787528 0.721621 0.330395 0.60524 0.471856 0.855123 0.932651 0.249768 0.480995 0.458669 0.610673 0.187635 0.571408 0.246517 0.203371 0.315813 0.442564 0.636779 0.979734 0.882667 0.472051 0.762043 0.6967 0.778084 0.355143 0.556851 0.357164 0.526108 0.0382976 0.398413 0.428293 0.16174
0.916219 0.311668 0.0533814 0.548451 0.207145 0.0363102 0.581825 0.512256 0.139118 0.499587 0.9804 0.0151714 0.383055 0.10609 0.830116 0.677076 0.193453 0.0640269 0.81742 0.36939 0.623352 0.838409 0.626012 0.394473 0.58915 0.911924 0.21349 0.110485 0.217304 0.475835 0.530061 0.715389 0.0168563 0.299059 0.872323 0.622341 0.0129774 0.0376438 0.698921 0.915178 0.515289 0.844742 0.845595 0.570119 0.599478 0.0047393 0.425666 0.545877 0.0591664 0.101902 0.500685 0.680597 0.26069 0.466848 0.992689 0.543137 0.312179 0.408778 0.655311 0.562529 0.691572 0.97808 0.0115916 0.962909 0.895873 0.885033 0.55318 0.381712 0.789266 0.244879 0.386742 0.838189 0.33143 0.41991 0.819702 0.694245 0.597913 0.428596 0.008317 0.471921 0.530576 0.109999 0.0949166 0.226623 0.60989 0.327461 0.613571 0.709935 0.173488 0.786622 0.210095 0.850972 0.594964 0.893583 0.510687 0.801389 0.806153 0.313316 0.256367 0.987162 0.189393 0.25396 0.372217 0.110355 0.482967 0.146891 0.89848 0.287976 0.836001 0.899363 0.646624 0.967502 0.933724 0.423401 0.207787 0.591515 0.515142 0.965949 0.74604 0.78304 0.795553 0.637039 0.659503 0.176586 0.998794 0.999036 0.722371 0.249929 0.727094 0.841625 0.706137 0.824966 0.756314 0.00995189 0.930104 0.700779 0.0549127 0.249533 0.0697985 0.0012487 0.224819 0.472316 0.551943 0.00816759 0.472165 0.714036 0.175641 0.922171 0.358674 0.154631 0.445276 0.436036 0.884527 0.308374 0.974792 0.642721 0.395677 0.486073 0.632705 0.723288 0.291505 0.729928 0.430826 0.199599 0.870035 0.752024 0.927302 0.0586447 0.655116 0.974219 0.930776 0.506534 0.773412 0.345348 0.944904 0.435064 0.731596 0.805946 0.254485 0.806167 0.394312 0.274482 0.32245 0.810491 0.321658 0.0121032 0.442621 0.428224 0.574624 0.206286 0.385331 0.302896 0.41344 0.0462029 0.645446 0.371568 0.252312 0.673563 0.394727 0.310969
0.166252 0.622383 0.948635 0.212117 0.271461 0.375319 0.202557 0.750865 0.731851 0.119554 0.80724 0.667757 0.414208 0.562416 0.717845 0.871573 0.182816 0.684233 0.871588 0.261902 0.69854 0.371968 0.84942 0.694076 0.604721 0.308025 0.624967 0.723999 0.585856 0.283852 0.283717 0.312898 0.171018 0.662971 0.488131 0.169161 0.116257 0.955915 0.217333 0.867232 0.346595 0.229351 0.312799 0.356151 0.250456 0.697575 0.21956 0.621241 0.027483 0.340121 0.858704 0.698828 0.381018 0.571218 0.393582 0.304146 0.556469 0.808982 0.239465 0.0329618 0.037484 0.209307 0.727964 0.0999311 0.156974 0.784923 0.587976 0.473716 0.17701 0.81451 0.964305 0.23168 0.758003 0.533154 0.0439356 0.0385916 0.667772 0.886028 0.29319 0.733041 0.00308701 0.423499 0.0373376 0.559766 0.956308 0.432853 0.0168569 0.296653 0.224219 0.300664 0.0979421 0.639975 0.900132 0.375077 0.767904 0.793603 0.652597 0.754619 0.425749 0.27111 0.931811 0.771971 0.8829 0.352419 0.928405 0.0284908 0.62578 0.790329 0.846888 0.92387 0.266859 0.245652 0.176246 0.28908 0.302364 0.713017 0.746088 0.753797 0.0577646 0.0987454 0.213929 0.924532 0.457228 0.66237 0.547009 0.13277 0.757746 0.340512 0.247806 0.589774 0.0548363 0.361958 0.399101 0.465638 0.0671047 0.301285 0.0285442 0.00855276 0.750432 0.30884 0.766958 0.914308 0.53896 0.391237 0.890275 0.727453 0.209398 0.378738 0.292018 0.46669 0.564475 0.199634 0.392292 0.0277513 0.468644 0.0829697 0.576648 0.0938474 0.395117 0.431436 0.696 0.995533 0.882744 0.795233 0.167152 0.370988 0.345729 0.324248 0.573979 0.374333 0.0601805 0.23269 0.806992 0.589604 0.285413 0.853728 0.732164 0.598965 0.604966 0.148595 0.0800927 0.999203 0.483937 0.194929 0.515034 0.123471 0.750694 0.0811248 0.787781 0.205698 0.740187 0.050271 0.635616 0.388229 0.131143 0.762742 0.570298 0.695444 0.249419 0.534835
0.0134838 0.170339 0.686639 0.474067 0.927644 0.214295 0.736599 0.601552 0.834252 0.173089 0.474484 0.795161 0.901433 0.385186 0.490304 0.019391 0.80913 0.867657 0.0473419 0.534923 0.180544 0.0536522 0.0746492 0.879528 0.10134 0.583395 0.234297 0.839479 0.312821 0.571235 0.958182 0.320064 0.534549 0.344073 0.0632084 0.144726 0.402209 0.51921 0.227029 0.673797 0.593179 0.673063 0.799206 0.426588 0.485705 0.677755 0.482818 0.956865 0.791494 0.811426 0.394877 0.279423 0.745113 0.847161 0.812693 0.660893 0.336447 0.563296 0.0932645 0.534411 0.538097 0.889139 0.719936 0.715405 0.0493753 0.765522 0.606838 0.178751 0.292734 0.34404 0.827559 0.683473 0.39649 0.794961 0.558961 0.240956 0.307441 0.493184 0.945594 0.00358308 0.158609 0.666022 0.430122 0.929772 0.753621 0.919763 0.601437 0.619025 0.066442 0.793149 0.879006 0.48267 0.367507 0.0264216 0.0203362 0.294534 0.412719 0.42938 0.304591 0.284725 0.936666 0.897901 0.886653 0.261896 0.199778 0.270749 0.580615 0.0542582 0.780889 0.146167 0.938789 0.0616999 0.557669 0.712279 0.327867 0.736466 0.605551 0.667227 0.532424 0.850592 0.332503 0.476231 0.951489 0.605908 0.476085 0.000614177 0.924472 0.825928 0.795888 0.470122 0.495571 0.404606 0.949397 0.958889 0.627625 0.724812 0.952606 0.419989 0.75916 0.220399 0.153861 0.744949 0.178074 0.553792 0.0433834 0.69996 0.316715 0.674168 0.334091 0.379705 0.875059 0.402939 0.234278 0.522167 0.730014 0.124394 0.6301 0.987923 0.632714 0.892303 0.689849 0.902459 0.843638 0.61894 0.937323 0.0593009 0.48885 0.894589 0.746513 0.683936 0.257816 0.0929797 0.152549 0.324056 0.211203 0.255318 0.270796 0.45072 0.0731385 0.46885 0.713505 0.0175284 0.515192 0.308561 0.904891 0.481895 0.462621 0.0839621 0.696287 0.374594 0.0753013 0.349125 0.186727 0.694095 0.562702 0.948771 0.758533 0.593003 0.0765146 0.381664
0.431933 0.968337 0.373928 0.412618 0.11644 0.187845 0.539351 0.505722 0.556581 0.581716 0.58148 0.721619 0.408586 0.474265 0.376034 0.0697947 0.482379 0.65797 0.0374967 0.815204 0.892416 0.410098 0.258096 0.616468 0.108321 0.92178 0.00472826 0.459551 0.16349 0.35797 0.968278 0.592118 0.00936081 0.163623 0.473965 0.63927 0.617715 0.189112 0.350047 0.556813 0.7661 0.822226 0.566269 0.0495353 0.541426 0.642337 0.965731 0.808427 0.728226 0.505388 0.051651 0.00964987 0.984147 0.503071 0.629664 0.622583 0.849315 0.913449 0.810546 0.584025 0.59844 0.336693 0.336205 0.537292 0.940559 0.831677 0.875099 0.930371 0.746611 0.113933 0.562624 0.313615 0.265033 0.484743 0.602392 0.951885 0.948076 0.125203 0.221646 0.458737 0.136223 0.452429 0.6785 0.925031 0.143155 0.0656605 0.797359 0.25361 0.229467 0.160337 0.892409 0.237821 0.520613 0.741436 0.867286 0.800581 0.708007 0.434134 0.410818 0.988115 0.348582 0.52739 0.620922 0.378468 0.665658 0.937109 0.275192 0.672304 0.0445839 0.301168 0.322417 0.47077 0.878418 0.240259 0.954703 0.483683 0.858665 0.206584 0.667916 0.539002 0.498808 0.13076 0.795228 0.253139 0.690228 0.120484 0.274299 0.0153061 0.28262 0.864533 0.239569 0.809849 0.375851 0.483911 0.403066 0.789565 0.7661 0.662573 0.582948 0.490462 0.627098 0.661696 0.457416 0.921553 0.218405 0.575249 0.594575 0.567004 0.720463 0.211158 0.982929 0.758938 0.247409 0.864577 0.685142 0.605357 0.211055 0.97374 0.546256 0.0699787 0.15532 0.340469 0.376283 0.952294 0.578159 0.480545 0.469332 0.829939 0.213198 0.678392 0.673112 0.861593 0.315651 0.300567 0.616773 0.674058 0.679898 0.00924248 0.25283 0.0377049 0.846847 0.545225 0.265599 0.242567 0.547336 0.298328 0.0522559 0.454085 0.100435 0.245601 0.658097 0.261691 0.313028 0.159596 0.960123 0.395686 0.148951 0.385086 0.940723 0.266491
0.184743 0.289792 0.483412 0.712447 0.19438 0.798447 0.408208 0.0739476 0.859548 0.0681734 0.89088 0.84096 0.0538732 0.167195 0.803784 0.0671191 0.769289 0.96186 0.917009 0.537178 0.586644 0.301855 0.627492 0.463635 0.641724 0.600375 0.362116 0.415312 0.34727 0.0952739 0.617296 0.663434 0.0464932 0.829748 0.141796 0.265561 0.523113 0.622994 0.919411 0.628744 0.0763752 0.774147 0.15071 0.86782 0.73434 0.425217 0.603025 0.429848 0.355916 0.309146 0.274202 0.0685321 0.398995 0.71385 0.44533 0.230596 0.953779 0.516362 0.850427 0.508867 0.0196733 0.608959 0.0157236 0.00960412 0.225303 0.183507 0.144349 0.765927 0.163064 0.290928 0.661217 0.816463 0.697246 0.224281 0.786192 0.606783 0.977426 0.416671 0.569752 0.458536 0.024604 0.511892 0.0237498 0.479067 0.813405 0.366263 0.441961 0.406493 0.67051 0.446738 0.431454 0.707764 0.444956 0.0504945 0.115638 0.839618 0.523379 0.318948 0.440922 0.532529 0.498268 0.52461 0.695783 0.147261 0.211244 0.972081 0.0678823 0.211121 0.326723 0.0270336 0.400249 0.160837 0.637919 0.0153069 0.691192 0.213181 0.45706 0.064904 0.297108 0.533925 0.866781 0.0773873 0.0466766 0.784166 0.987842 0.571841 0.705733 0.35079 0.657681 0.597318 0.656504 0.486485 0.35737 0.882167 0.641907 0.905994 0.666011 0.960079 0.0516719 0.647803 0.104232 0.688219 0.145244 0.540245 0.0347768 0.903723 0.551485 0.509469 0.977034 0.826896 0.776038 0.144568 0.877453 0.388113 0.318009 0.73747 0.308132 0.294762 0.950821 0.677752 0.186649 0.0107935 0.63024 0.0180507 0.392576 0.213198 0.602346 0.763454 0.776999 0.994932 0.608677 0.0294391 0.704093 0.770577 0.862426 0.928447 0.623415 0.774483 0.796658 0.353428 0.824878 0.0705467 0.190829 0.9973 0.110797 0.85177 0.952179 0.0843625 0.0825834 0.975733 0.508944 0.557102 0.567704 0.460769 0.544382 0.388439 0.647442 0.298622 0.320394 0.864848
0.158623 0.610913 0.943456 0.426877 0.757972 0.487742 0.157053 0.367821 0.175206 0.0396396 0.736246 0.883327 0.0372113 0.224983 0.830532 0.22385 0.990771 0.463686 0.880803 0.509891 0.383059 0.276169 0.477436 0.68257 0.353359 0.177218 0.352017 0.187737 0.398988 0.310356 0.868533 0.868111 0.203797 0.597477 0.417302 0.881506 0.658193 0.915403 0.231747 0.721723 0.0287082 0.485863 0.455732 0.967829 0.856955 0.246165 0.310875 0.160953 0.666706 0.289662 0.779781 0.10538 0.108666 0.187824 0.127973 0.429729 0.879642 0.307814 0.611044 0.38243 0.454611 0.313376 0.411518 0.406637 0.273294 0.130052 0.892224 0.779548 0.775876 0.0502327 0.263894 0.523048 0.674241 0.0848932 0.264467 0.770752 0.173025 0.487327 0.318314 0.458717 0.326125 0.801168 0.0813417 0.653395 0.567519 0.424028 0.830947 0.406505 0.15039 0.553706 0.27651 0.405114 0.0555053 0.295975 0.588521 0.591072 0.450385 0.13806 0.572139 0.894938 0.338033 0.0969272 0.285984 0.767073 0.435541 0.5837 0.210315 0.787572 0.122635 0.780226 0.865262 0.132571 0.679842 0.66379 0.278812 0.21816 0.0120971 0.534021 0.690421 0.407237 0.999847 0.0492227 0.710787 0.662379 0.0953279 0.11494 0.897967 0.00153882 0.476892 0.604696 0.488385 0.576159 0.992368 0.41029 0.629463 0.387804 0.180353 0.248638 0.0307922 0.410409 0.717259 0.248755 0.366338 0.0329924 0.630011 0.660106 0.244313 0.662515 0.676095 0.15739 0.520553 0.983015 0.32449 0.234081 0.372842 0.854239 0.875551 0.592061 0.956573 0.95256 0.904811 0.094955 0.228672 0.368684 0.0204331 0.111058 0.598296 0.51441 0.532897 0.386924 0.887714 0.757659 0.144158 0.375051 0.767074 0.606687 0.175638 0.611945 0.795319 0.716617 0.996862 0.842591 0.857227 0.173276 0.825602 0.185456 0.822674 0.420845 0.39868 0.10479 0.535063 0.019263 0.788449 0.908959 0.678907 0.973251 0.966458 0.41072 0.935898 0.866403
0.742417 0.831821 0.735323 0.956958 0.0850463 0.229301 0.830635 0.400767 0.597244 0.297678 0.937857 0.160665 0.24517 0.999434 0.158288 0.181205 0.496897 0.797641 0.421474 0.802248 0.508057 0.765669 0.991133 0.974035 0.333255 0.735834 0.230783 0.267617 0.88644 0.731834 0.560293 0.813968 0.680173 0.0589411 0.387837 0.694194 0.451277 0.925379 0.163968 0.0447151 0.228721 0.0653584 0.650178 0.658012 0.335664 0.583389 0.682458 0.187825 0.173793 0.0984754 0.239915 0.89299 0.293889 0.0725721 0.1694 0.77687 0.401807 0.75958 0.423541 0.696435 0.112949 0.916825 0.988538 0.271162 0.281561 0.514325 0.9787 0.373196 0.746527 0.496766 0.859767 0.0201977 0.580467 0.12668 0.551129 0.293284 0.825667 0.649072 0.498364 0.854447 0.627116 0.814195 0.891464 0.766479 0.0290581 0.385662 0.350042 0.656355 0.327085 0.263442 0.718612 0.70578 0.249965 0.746033 0.99132 0.722784 0.764014 0.584586 0.342204 0.555257 0.0715304 0.332622 0.394113 0.133403 0.475505 0.671317 0.817707 0.100506 0.798612 0.444823 0.71056 0.708343 0.730256 0.156516 0.196053 0.343644 0.479522 0.635337 0.60904 0.203956 0.346988 0.938352 0.100916 0.0280053 0.394042 0.130207 0.967506 0.217635 0.0820225 0.347642 0.819545 0.340013 0.0808016 0.871737 0.21426 0.127973 0.928044 0.109173 0.334691 0.711207 0.908947 0.64596 0.014023 0.277393 0.36868 0.8787 0.856047 0.503717 0.948302 0.58101 0.029539 0.636688 0.106612 0.285696 0.289875 0.219343 0.708991 0.282003 0.270907 0.568288 0.903059 0.892333 0.381212 0.555144 0.197885 0.756228 0.0896414 0.766283 0.515535 0.126862 0.783466 0.976249 0.954451 0.708103 0.895076 0.208845 0.580459 0.0363742 0.398922 0.927505 0.728779 0.303193 0.390493 0.440767 0.0503025 0.312055 0.36322 0.603293 0.530825 0.852397 0.575045 0.82473 0.3676 0.474882 0.891412 0.245703 0.127057 0.182541 0.596972 0.96287
0.223448 0.218697 0.873125 0.540878 0.379791 0.994969 0.0752128 0.012367 0.701586 0.792848 0.338656 0.257668 0.0750731 0.690008 0.483694 0.909073 0.318846 0.164157 0.000381785 0.303938 0.275689 0.119387 0.226162 0.631128 0.713251 0.824545 0.321508 0.405274 0.790275 0.406432 0.45197 0.341817 0.757382 0.770489 0.515958 0.366438 0.815712 0.209857 0.819328 0.212263 0.675487 0.0477768 0.940703 0.349533 0.79079 0.467987 0.790412 0.843335 0.697793 0.33018 0.36869 0.0553712 0.672682 0.327295 0.328602 0.64214 0.128926 0.257001 0.985737 0.670337 0.17905 0.18986 0.0245254 0.356339 0.65233 0.0287932 0.0960334 0.26828 0.117029 0.830969 0.803827 0.38682 0.290605 0.547815 0.218668 0.492902 0.517088 0.510378 0.805474 0.534318 0.41216 0.0525653 0.579612 0.72533 0.16321 0.775834 0.689683 0.631934 0.374145 0.840752 0.352917 0.0518191 0.491049 0.561312 0.275733 0.96119 0.601976 0.75892 0.0925254 0.136349 0.967628 0.735749 0.657874 0.451467 0.707258 0.59186 0.447707 0.53173 0.835633 0.815658 0.529996 0.594197 0.207152 0.61723 0.612226 0.355899 0.013145 0.690718 0.294231 0.295173 0.591064 0.706062 0.560634 0.55839 0.358874 0.313523 0.186483 0.284269 0.206409 0.624327 0.0188721 0.63825 0.926148 0.0610009 0.688908 0.286332 0.218673 0.36488 0.689197 0.94625 0.874278 0.630282 0.933612 0.185085 0.793283 0.538608 0.811528 0.495322 0.830517 0.24715 0.101472 0.673109 0.436559 0.335422 0.303645 0.368872 0.737028 0.314909 0.802425 0.234879 0.450901 0.337699 0.603576 0.827652 0.497115 0.720712 0.341775 0.91012 0.705584 0.687102 0.293871 0.150038 0.160176 0.560558 0.306545 0.25516 0.821855 0.57006 0.760297 0.765007 0.35759 0.472272 0.126605 0.0110332 0.764385 0.876206 0.309262 0.0633802 0.289083 0.0784359 0.187701 0.187444 0.835629 0.808217 0.230404 0.255008 0.795128 0.907508 0.748419 0.126756
0.617463 0.111109 0.983571 0.72174 0.0595714 0.72939 0.212239 0.380591 0.765668 0.906688 0.869694 0.0465485 0.314197 0.584184 0.220105 0.471593 0.201915 0.29749 0.0571627 0.221232 0.0718184 0.454535 0.0621352 0.0519318 0.664005 0.526645 0.390347 0.622811 0.362121 0.918339 0.191974 0.503144 0.825335 0.462682 0.169954 0.40975 0.61629 0.55714 0.146519 0.646146 0.165618 0.166228 0.507532 0.261342 0.940809 0.85377 0.438225 0.351241 0.185741 0.182741 0.935482 0.200703 0.566716 0.193006 0.141207 0.841362 0.748067 0.749015 0.417654 0.726102 0.471571 0.300271 0.344628 0.241378 0.928542 0.821869 0.850978 0.193729 0.904748 0.175947 0.800901 0.691276 0.884809 0.1402 0.758408 0.953261 0.251249 0.236815 0.190139 0.830825 0.441932 0.176283 0.963286 0.376931 0.574756 0.0774573 0.200986 0.789416 0.605321 0.621697 0.119123 0.0702981 0.177282 0.936816 0.150564 0.817203 0.0537376 0.174896 0.787527 0.342336 0.0367876 0.927916 0.610662 0.528088 0.533606 0.362778 0.349099 0.949544 0.125347 0.901478 0.684429 0.0869364 0.497624 0.412032 0.696264 0.117909 0.178825 0.930076 0.579367 0.588854 0.344249 0.544532 0.298699 0.497512 0.135395 0.542325 0.365127 0.177617 0.195067 0.155312 0.140568 0.403456 0.637411 0.533374 0.479723 0.53637 0.369261 0.722584 0.871777 0.419401 0.936122 0.162342 0.830971 0.286008 0.399665 0.536362 0.0268419 0.560477 0.0152386 0.502151 0.845657 0.845904 0.105726 0.750454 0.0287487 0.339917 0.140894 0.432889 0.476306 0.594295 0.761586 0.93884 0.344703 0.291907 0.982413 0.734648 0.336781 0.890521 0.927633 0.642798 0.91011 0.610107 0.751539 0.0499626 0.372915 0.0697028 0.0714264 0.602803 0.185827 0.563623 0.901308 0.785701 0.641209 0.97412 0.385738 0.233277 0.913199 0.0923881 0.187251 0.129661 0.817463 0.115866 0.371475 0.911528 0.92019 0.410727 0.955698 0.939606 0.669921 0.640795
0.444794 0.398097 0.797131 0.832021 0.314195 0.289859 0.228881 0.30571 0.205639 0.523527 0.0990602 0.213179 0.214951 0.131687 0.608498 0.874532 0.384327 0.151796 0.0214528 0.585776 0.981261 0.416117 0.790015 0.4001 0.563686 0.436615 0.765154 0.671653 0.279282 0.849657 0.0669847 0.424902 0.501579 0.750498 0.203491 0.829077 0.305762 0.854758 0.959571 0.414259 0.599038 0.406089 0.388817 0.190799 0.748727 0.856395 0.149048 0.342369 0.0516636 0.108341 0.718868 0.707455 0.114991 0.648044 0.657964 0.866443 0.996346 0.590687 0.14053 0.976197 0.793381 0.439547 0.934199 0.303163 0.226671 0.594264 0.473861 0.100783 0.737975 0.701477 0.916099 0.974979 0.668869 0.607091 0.831075 0.71658 0.0328871 0.338286 0.443393 0.768122 0.765317 0.476169 0.654595 0.00855866 0.173451 0.354407 0.995635 0.120919 0.220572 0.0948413 0.0961914 0.579986 0.618771 0.0163482 0.197588 0.899264 0.895601 0.0450868 0.84395 0.877612 0.0292554 0.00564281 0.175126 0.379941 0.71497 0.19185 0.000448436 0.0303836 0.850841 0.42407 0.529516 0.797341 0.414208 0.590439 0.483067 0.581489 0.591988 0.766418 0.541492 0.107112 0.517772 0.841844 0.212354 0.933218 0.12679 0.976743 0.617193 0.0187853 0.348393 0.412394 0.839203 0.824796 0.428294 0.918647 0.744514 0.465034 0.465286 0.593932 0.402512 0.96056 0.990402 0.194693 0.95608 0.267934 0.775861 0.801412 0.911232 0.442441 0.226022 0.0159268 0.638965 0.691895 0.652017 0.0365347 0.63536 0.927624 0.670672 0.630098 0.431329 0.22092 0.733608 0.957474 0.294228 0.753106 0.144491 0.918683 0.830191 0.544065 0.894559 0.806867 0.663045 0.12961 0.268809 0.999673 0.314444 0.644171 0.482746 0.599863 0.193091 0.815753 0.198711 0.0893454 0.595549 0.0665015 0.626847 0.166369 0.0935465 0.726511 0.844438 0.929466 0.389796 0.62572 0.849842 0.324544 0.16306 0.950613 0.75677 0.783764 0.944429 0.107374
0.564427 0.66221 0.319361 0.192745 0.23571 0.854701 0.081868 0.0932477 0.822201 0.46436 0.108739 0.909902 0.879514 0.910216 0.462432 0.813246 0.946411 0.887033 0.198423 0.508662 0.754797 0.310911 0.960177 0.00722741 0.848162 0.0229962 0.335046 0.00402675 0.172432 0.644547 0.34624 0.234535 0.34954 0.263286 0.297086 0.0685676 0.438466 0.336403 0.809354 0.0496966 0.00691452 0.820706 0.122747 0.935857 0.0272679 0.99538 0.823789 0.160354 0.346348 0.891142 0.724827 0.312296 0.91194 0.886177 0.636424 0.982457 0.437245 0.606814 0.593856 0.400046 0.0795446 0.371735 0.718002 0.533073 0.124756 0.92928 0.629876 0.0807871 0.861812 0.714899 0.0997062 0.311849 0.812551 0.817568 0.279888 0.493892 0.0600172 0.307263 0.994934 0.462297 0.676107 0.0427087 0.0039063 0.393428 0.94586 0.28969 0.219425 0.461394 0.806491 0.77427 0.8381 0.819787 0.389021 0.824027 0.124979 0.41769 0.683759 0.130393 0.907258 0.294682 0.857953 0.206606 0.416225 0.620951 0.792022 0.259403 0.25176 0.736352 0.513098 0.4368 0.113567 0.0164904 0.632972 0.286368 0.32428 0.189872 0.91954 0.937098 0.474003 0.396925 0.731307 0.234513 0.96158 0.863367 0.597968 0.892182 0.831404 0.82959 0.628334 0.00424518 0.0320758 0.6624 0.638585 0.913317 0.596544 0.807657 0.284423 0.569338 0.939457 0.553393 0.0819328 0.999664 0.811198 0.742496 0.896124 0.176542 0.606993 0.743915 0.529942 0.610247 0.50525 0.456586 0.821742 0.781471 0.187822 0.32457 0.225377 0.975058 0.788903 0.63386 0.86287 0.767848 0.130198 0.604149 0.569845 0.758222 0.813288 0.897273 0.792703 0.729789 0.000119151 0.946666 0.203162 0.757588 0.0544124 0.438748 0.984573 0.0858139 0.595109 0.706324 0.380049 0.437656 0.2209 0.795604 0.761728 0.325507 0.963813 0.315648 0.673596 0.192012 0.591098 0.57196 0.760927 0.353963 0.803478 0.433208 0.439733 0.226528 0.199765 0.0717184
0.768888 0.0420618 0.288021 0.544264 0.693297 0.684732 0.41509 0.562228 0.447396 0.477908 0.46729 0.542191 0.971964 0.965332 0.150154 0.0562375 0.935867 0.0798501 0.22537 0.0592455 0.975506 0.515915 0.288865 0.268805 0.00776858 0.904229 0.107635 0.0125922 0.434486 0.641553 0.152436 0.785521 0.535901 0.764915 0.800379 0.554307 0.9785 0.166224 0.571836 0.687133 0.248651 0.413509 0.507442 0.455317 0.766725 0.255448 0.104017 0.834694 0.421673 0.426302 0.980128 0.0401535 0.981013 0.737541 0.436905 0.305751 0.967595 0.708077 0.927184 0.659082 0.855288 0.746872 0.842743 0.0394656 0.256022 0.0578855 0.88101 0.202412 0.902724 0.0231108 0.232419 0.0520463 0.851612 0.940219 0.493148 0.67062 0.867425 0.769087 0.781559 0.140493 0.86988 0.437779 0.29913 0.552011 0.258484 0.927373 0.265065 0.806062 0.379301 0.509977 0.750748 0.486972 0.41872 0.0449422 0.946622 0.205425 0.659259 0.19117 0.814404 0.749862 0.53916 0.541024 0.340691 0.0681458 0.841851 0.770975 0.169734 0.77062 0.928341 0.124702 0.77382 0.393705 0.673512 0.60509 0.788648 0.30829 0.056887 0.168054 0.0751911 0.993382 0.429466 0.0161304 0.769995 0.260719 0.114858 0.182678 0.655335 0.857479 0.985828 0.0760308 0.527717 0.999441 0.0882979 0.904905 0.231993 0.810506 0.760165 0.96029 0.60603 0.209777 0.745554 0.970103 0.688439 0.421969 0.397443 0.371847 0.407047 0.0283178 0.992811 0.116124 0.00153359 0.0243742 0.334751 0.0599532 0.468603 0.308095 0.463294 0.246583 0.271673 0.639136 0.0138296 0.665973 0.144284 0.558971 0.0241747 0.452667 0.690408 0.336987 0.111834 0.644427 0.373914 0.585964 0.038956 0.844253 0.862693 0.225842 0.488661 0.319693 0.0330219 0.919271 0.749005 0.879473 0.243761 0.0885637 0.364448 0.380613 0.757041 0.960554 0.523457 0.201942 0.0802272 0.781822 0.737249 0.59905 0.281313 0.416672 0.532489 0.762819 0.799545 0.97587
0.489008 0.0217242 0.775284 0.660121 0.736395 0.817812 0.622403 0.123052 0.856003 0.393684 0.150374 0.165211 0.0889807 0.803439 0.922743 0.960547 0.0204966 0.624443 0.816813 0.303893 0.999034 0.180252 0.0361022 0.929194 0.964349 0.943425 0.987522 0.59636 0.492829 0.0218459 0.767624 0.0624754 0.0105793 0.737963 0.811314 0.833275 0.155722 0.205608 0.276229 0.367858 0.595825 0.591683 0.455407 0.216658 0.423625 0.854839 0.347131 0.411396 0.804464 0.411043 0.296377 0.597899 0.575135 0.200447 0.431445 0.991143 0.346337 0.872763 0.678595 0.00108191 0.36108 0.0781843 0.996838 0.646611 0.0539966 0.0917515 0.228848 0.450355 0.185484 0.799032 0.918756 0.0375873 0.82043 0.105235 0.847884 0.606317 0.0221518 0.587913 0.80177 0.607777 0.317178 0.927809 0.104435 0.508175 0.718674 0.465605 0.515702 0.137967 0.871968 0.287926 0.00752741 0.753737 0.720716 0.300048 0.326359 0.744094 0.648981 0.561327 0.701026 0.770762 0.0697513 0.408431 0.416997 0.151803 0.867352 0.874623 0.168173 0.631656 0.0573252 0.109989 0.678015 0.333266 0.712669 0.580931 0.258969 0.056248 0.529306 0.13252 0.355468 0.130155 0.850182 0.156269 0.831682 0.363413 0.721269 0.796692 0.702625 0.217467 0.697274 0.341653 0.760116 0.14956 0.369033 0.260482 0.358883 0.452854 0.437082 0.648183 0.195512 0.798522 0.199081 0.639138 0.332328 0.858329 0.432782 0.211461 0.694489 0.157908 0.281809 0.062147 0.881136 0.61233 0.10188 0.8795 0.545642 0.195209 0.51375 0.243954 0.955864 0.15001 0.0655417 0.585948 0.963655 0.990508 0.574368 0.10927 0.200596 0.791304 0.90245 0.21409 0.556441 0.788979 0.803533 0.763032 0.122358 0.657684 0.53158 0.524365 0.111654 0.975387 0.597697 0.987691 0.0643171 0.971526 0.154395 0.589849 0.305859 0.860095 0.314823 0.553473 0.889229 0.433097 0.458051 0.587587 0.827888 0.320196 0.559418 0.790343 0.817323 0.36253
0.174942 0.0542386 0.91144 0.865287 0.430698 0.50989 0.466522 0.585374 0.794547 0.774741 0.0926612 0.136692 0.269014 0.179411 0.141044 0.54734 0.096339 0.299366 0.630492 0.62894 0.241696 0.189971 0.9181 0.814562 0.782239 0.524274 0.133722 0.817475 0.81599 0.728735 0.863096 0.734964 0.939619 0.99054 0.838526 0.148568 0.37328 0.933901 0.564275 0.908927 0.638834 0.964841 0.999924 0.412828 0.0143663 0.114183 0.0184787 0.0178923 0.593945 0.255411 0.746965 0.124849 0.92539 0.358093 0.418229 0.331459 0.711359 0.684886 0.121491 0.364743 0.0967977 0.277352 0.124201 0.73261 0.0196888 0.722783 0.0226469 0.245803 0.438014 0.13909 0.554633 0.741068 0.417629 0.777106 0.2347 0.0313153 0.0611124 0.725328 0.226353 0.86075 0.960905 0.588985 0.98061 0.305372 0.234016 0.495829 0.165881 0.0204855 0.439711 0.63316 0.0219914 0.016298 0.508535 0.509886 0.374355 0.81417 0.0479043 0.597987 0.20682 0.576712 0.493565 0.36661 0.385505 0.568325 0.146102 0.89291 0.955044 0.50803 0.915561 0.249072 0.590861 0.922506 0.159867 0.844984 0.315773 0.33918 0.241459 0.0496586 0.77596 0.773989 0.73478 0.629215 0.310411 0.568848 0.292611 0.686948 0.400844 0.0155196 0.340746 0.313878 0.0856274 0.110453 0.565567 0.5032 0.375881 0.775074 0.719786 0.987689 0.480899 0.33369 0.0986285 0.0844167 0.134387 0.406122 0.85507 0.352595 0.845753 0.70049 0.60092 0.3509 0.631801 0.0585285 0.424187 0.748743 0.469263 0.388648 0.278051 0.185631 0.120112 0.836177 0.886736 0.158792 0.95817 0.81631 0.808164 0.0369437 0.472145 0.666471 0.76532 0.880625 0.238007 0.613304 0.273534 0.529957 0.112649 0.13714 0.897357 0.315526 0.156132 0.426339 0.161801 0.413661 0.060944 0.390691 0.600052 0.51221 0.337579 0.61565 0.679613 0.293558 0.331352 0.643076 0.992823 0.53276 0.533825 0.316205 0.453275 0.225581 0.590765 0.393881
0.839272 0.834681 0.893396 0.294058 0.705083 0.330051 0.624875 0.701443 0.127638 0.410077 0.850955 0.306721 0.859488 0.0425833 0.0342054 0.856042 0.743507 0.946914 0.597728 0.798949 0.7802 0.794767 0.0981643 0.666926 0.117091 0.0853435 0.852673 0.858664 0.512234 0.0319421 0.357508 0.0117577 0.434083 0.399799 0.454997 0.245486 0.112611 0.0428246 0.0380905 0.921817 0.964734 0.619879 0.0299386 0.506488 0.278128 0.371506 0.260816 0.587917 0.898913 0.188421 0.0350616 0.136908 0.430055 0.748801 0.536464 0.965379 0.297873 0.338489 0.138561 0.93941 0.734436 0.308914 0.810758 0.213928 0.0312114 0.853095 0.481276 0.660074 0.0228877 0.366142 0.765577 0.0667669 0.524338 0.747541 0.624713 0.819908 0.683643 0.686126 0.420782 0.928522 0.983887 0.845375 0.786466 0.836853 0.863485 0.663853 0.106255 0.721821 0.336455 0.600456 0.643697 0.922398 0.914248 0.259691 0.41576 0.871946 0.588575 0.474261 0.706054 0.0292263 0.625246 0.839545 0.80793 0.681163 0.373026 0.735237 0.885309 0.649664 0.666568 0.380252 0.812839 0.256364 0.0189257 0.720095 0.55173 0.655945 0.0967554 0.507098 0.680363 0.16801 0.872647 0.386945 0.53965 0.621316 0.499363 0.660766 0.624359 0.817598 0.0685372 0.571322 0.73159 0.570694 0.440394 0.31105 0.562053 0.418351 0.511075 0.20127 0.301436 0.453102 0.623727 0.230161 0.553489 0.330908 0.082187 0.339534 0.934338 0.149085 0.991684 0.85752 0.557032 0.494042 0.861719 0.350161 0.921783 0.296524 0.201751 0.665256 0.277805 0.995392 0.647576 0.782917 0.830892 0.353952 0.348854 0.0586831 0.99471 0.362339 0.0441221 0.658372 0.496616 0.861607 0.170452 0.329918 0.334941 0.690641 0.660007 0.959716 0.830121 0.0853911 0.280796 0.656332 0.727802 0.964087 0.0535166 0.573721 0.246969 0.709065 0.991524 0.281356 0.377735 0.999119 0.289302 0.432055 0.282495 0.110203 0.379282 0.945624 0.595006 0.362487
0.904893 0.582556 0.317571 0.999505 0.469468 0.909565 0.705364 0.593085 0.265283 0.482213 0.720217 0.186385 0.843257 0.330306 0.573405 0.722832 0.0373511 0.525346 0.64283 0.780241 0.00417773 0.716784 0.427234 0.877759 0.581187 0.0252282 0.180025 0.39114 0.893604 0.694744 0.508603 0.990999 0.539903 0.797969 0.00443926 0.660642 0.84658 0.840597 0.419896 0.644782 0.90739 0.717558 0.774845 0.0896515 0.377403 0.143947 0.577166 0.30548 0.877828 0.625212 0.701819 0.0868257 0.745706 0.609479 0.93212 0.226855 0.915016 0.264513 0.173672 0.49645 0.582186 0.794491 0.893096 0.0998549 0.383803 0.397163 0.291682 0.591034 0.185467 0.721063 0.858641 0.0891594 0.275163 0.141174 0.11998 0.949497 0.601816 0.729049 0.98976 0.462496 0.537856 0.573096 0.0030672 0.728697 0.15585 0.945983 0.262914 0.0381773 0.649629 0.340826 0.643495 0.0969548 0.0697189 0.1308 0.645569 0.236817 0.836565 0.508201 0.148847 0.163306 0.862782 0.525377 0.101418 0.0828546 0.594655 0.841501 0.445321 0.111539 0.123456 0.815171 0.614233 0.163734 0.637894 0.816971 0.522313 0.446572 0.709161 0.384387 0.171234 0.561509 0.0907295 0.766117 0.233724 0.271629 0.822826 0.0107924 0.438499 0.0597923 0.809082 0.566192 0.903911 0.58008 0.157557 0.17687 0.932819 0.553668 0.436529 0.781041 0.800281 0.714773 0.729227 0.993576 0.604693 0.0170871 0.193379 0.69463 0.0523038 0.379458 0.250099 0.916975 0.147615 0.333383 0.0693046 0.579129 0.562205 0.0908942 0.336635 0.665637 0.292855 0.883014 0.223439 0.728393 0.392318 0.674093 0.520789 0.799916 0.164758 0.69691 0.706256 0.570606 0.600944 0.777515 0.360147 0.677767 0.0322158 0.122526 0.808942 0.764731 0.698096 0.916992 0.528384 0.0485799 0.740096 0.0109286 0.137037 0.321856 0.381726 0.13207 0.510115 0.0694115 0.347983 0.392159 0.759297 0.635531 0.111423 0.420102 0.544946 0.737819 0.508574 0.782847
0.594324 0.897813 0.949512 0.587986 0.589232 0.51531 0.331254 0.628862 0.578546 0.721618 0.210088 0.019711 0.0939574 0.31688 0.282835 0.436608 0.575508 0.0974115 0.932791 0.532751 0.792342 0.525935 0.0985412 0.981785 0.865808 0.99865 0.843766 0.300506 0.405431 0.837682 0.0630793 0.890978 0.142255 0.724754 0.228357 0.640764 0.454078 0.0314977 0.787092 0.509537 0.190009 0.6148 0.256507 0.256912 0.15537 0.196887 0.191235 0.140049 0.377269 0.811607 0.332465 0.992151 0.611194 0.0851033 0.827459 0.17192 0.512271 0.0863463 0.679213 0.596647 0.952163 0.392795 0.512036 0.29505 0.513804 0.0527584 0.190109 0.3232 0.976752 0.55878 0.0484471 0.695071 0.544505 0.463671 0.918321 0.860348 0.76717 0.110051 0.371316 0.790003 0.921149 0.179132 0.790438 0.0447714 0.784405 0.111803 0.130357 0.224912 0.625983 0.330282 0.259182 0.69171 0.589697 0.677262 0.781023 0.513629 0.799794 0.513225 0.909398 0.790225 0.091736 0.379664 0.0297739 0.350674 0.546083 0.677138 0.499291 0.690707 0.0850828 0.897228 0.110049 0.311278 0.610586 0.924727 0.447566 0.98562 0.767315 0.652201 0.862285 0.947121 0.0179774 0.986363 0.60998 0.234099 0.952963 0.461518 0.662748 0.254247 0.479284 0.649885 0.487014 0.309225 0.284181 0.964394 0.410093 0.0968527 0.211977 0.042845 0.953956 0.188349 0.210194 0.384554 0.0228937 0.479204 0.0446186 0.931938 0.779825 0.793054 0.447204 0.46184 0.37699 0.290837 0.0360505 0.331661 0.0310084 0.859198 0.425375 0.286266 0.115632 0.275293 0.200386 0.521094 0.823774 0.660837 0.491389 0.033273 0.566157 0.671001 0.131948 0.224279 0.213541 0.932947 0.370332 0.172198 0.0870073 0.718933 0.648387 0.453558 0.034661 0.532347 0.458418 0.786699 0.368648 0.5795 0.623449 0.552259 0.000171207 0.793793 0.07375 0.600333 0.405071 0.171068 0.463079 0.0675252 0.205701 0.444352 0.317791 0.0980519 0.182213 0.671478
0.650181 0.707812 0.177825 0.474718 0.832948 0.696571 0.0198992 0.960669 0.925312 0.757887 0.891694 0.0646963 0.662058 0.26899 0.219764 0.30416 0.674801 0.95222 0.508515 0.804442 0.83178 0.30765 0.302114 0.145366 0.5504 0.672299 0.990771 0.687509 0.258601 0.226787 0.074468 0.854386 0.938437 0.658095 0.326614 0.857163 0.985771 0.475452 0.668417 0.705764 0.944532 0.445172 0.76051 0.483916 0.626867 0.075611 0.837642 0.263915 0.954788 0.677225 0.389795 0.886019 0.0376574 0.621684 0.446694 0.519359 0.655878 0.26122 0.914012 0.148615 0.355146 0.319841 0.653777 0.847461 0.434913 0.878978 0.556181 0.524647 0.8596 0.613563 0.949737 0.765894 0.973637 0.0135212 0.722066 0.198451 0.951897 0.906795 0.508118 0.414806 0.977797 0.21195 0.842404 0.505318 0.937085 0.416998 0.981963 0.844974 0.433105 0.736811 0.294914 0.237761 0.473304 0.0488225 0.28243 0.200625 0.13684 0.342137 0.844347 0.89471 0.142739 0.568681 0.693714 0.423519 0.588152 0.226794 0.691556 0.0950448 0.732593 0.907563 0.903233 0.0246939 0.273167 0.27982 0.495809 0.106507 0.273438 0.827835 0.0512762 0.187184 0.0462144 0.497026 0.16269 0.4727 0.953226 0.472374 0.792458 0.573667 0.0127351 0.129947 0.738676 0.938061 0.365891 0.81991 0.101591 0.512379 0.0549369 0.0997763 0.00599155 0.880808 0.78937 0.196032 0.395765 0.675716 0.849961 0.0636281 0.914686 0.841802 0.401597 0.684185 0.421999 0.256805 0.304479 0.0148617 0.435596 0.582876 0.724352 0.215608 0.98568 0.920618 0.531007 0.595998 0.840904 0.811833 0.336679 0.229627 0.206447 0.456749 0.367216 0.77784 0.249291 0.36027 0.284505 0.366089 0.0743068 0.0405849 0.256241 0.492326 0.844138 0.151213 0.866839 0.261614 0.0578309 0.575838 0.70635 0.410486 0.096279 0.359185 0.945511 0.533849 0.217676 0.635025 0.962467 0.49027 0.653215 0.573986 0.633263 0.365527 0.00177461 0.346466
0.582866 0.271624 0.400189 0.646427 0.234294 0.944297 0.851072 0.2739 0.728181 0.43365 0.67997 0.153703 0.0527623 0.72822 0.943166 0.878163 0.0429582 0.788695 0.788583 0.43181 0.265492 0.465878 0.926073 0.25932 0.455084 0.405723 0.803013 0.688664 0.846163 0.624928 0.669654 0.468214 0.635786 0.205315 0.387588 0.174404 0.437398 0.56189 0.497612 0.434401 0.782463 0.724561 0.83226 0.408161 0.693693 0.714284 0.502088 0.97459 0.0474992 0.0628178 0.565433 0.770124 0.425416 0.277109 0.482448 0.772313 0.620296 0.0997387 0.699068 0.639018 0.697829 0.459532 0.779008 0.233956 0.868868 0.693533 0.364729 0.489825 0.375564 0.56883 0.374672 0.263355 0.608848 0.320657 0.816435 0.971214 0.944952 0.409184 0.764763 0.746 0.407773 0.904511 0.834701 0.347549 0.317146 0.888062 0.639843 0.348627 0.328541 0.827066 0.699304 0.06374 0.35369 0.873573 0.78502 0.144042 0.767009 0.347964 0.861613 0.276155 0.428693 0.32956 0.310255 0.0748279 0.932276 0.191813 0.0563492 0.436571 0.499595 0.918905 0.44423 0.06201 0.765604 0.755927 0.534656 0.249 0.274252 0.428239 0.155199 0.317142 0.712155 0.264805 0.21487 0.34251 0.615806 0.606657 0.50498 0.291326 0.813785 0.278495 0.990872 0.0974046 0.496798 0.159987 0.387571 0.155949 0.367933 0.797525 0.700864 0.543178 0.538199 0.319523 0.246297 0.325726 0.809019 0.986283 0.483563 0.683497 0.402575 0.321431 0.533428 0.886823 0.33004 0.408926 0.925791 0.61693 0.814331 0.12367 0.530885 0.754142 0.131581 0.959827 0.722717 0.615956 0.827711 0.537106 0.454009 0.414731 0.511564 0.930326 0.316212 0.800216 0.0616953 0.78252 0.898531 0.488544 0.209843 0.823207 0.452146 0.546793 0.354213 0.434312 0.940155 0.357738 0.719555 0.952948 0.433414 0.00958524 0.927155 0.647438 0.154089 0.937717 0.888171 0.492912 0.566921 0.130142 0.579998 0.63159 0.718421 0.723073
0.542414 0.804327 0.647194 0.526768 0.0328357 0.727568 0.678815 0.639783 0.0799091 0.178001 0.86779 0.741938 0.986771 0.289302 0.867772 0.0793326 0.277988 0.993757 0.190455 0.142809 0.2411 0.198585 0.551277 0.170136 0.589742 0.0918891 0.690931 0.138957 0.385924 0.155724 0.826731 0.61603 0.321856 0.725136 0.951932 0.290735 0.600175 0.370092 0.931428 0.924496 0.182138 0.709187 0.925728 0.00891691 0.144363 0.956347 0.394721 0.0702166 0.537226 0.797787 0.420817 0.725744 0.937939 0.288876 0.0295555 0.115455 0.511631 0.367552 0.695025 0.960734 0.533584 0.698062 0.514143 0.0381089 0.446032 0.0971957 0.349548 0.369068 0.372091 0.339332 0.697556 0.269192 0.311591 0.180027 0.0776311 0.137672 0.769778 0.117054 0.123272 0.774398 0.867274 0.955584 0.338665 0.264773 0.521623 0.578938 0.708373 0.2279 0.619494 0.834245 0.283924 0.0670756 0.4902 0.449907 0.0158329 0.978454 0.02851 0.644733 0.957537 0.102444 0.0557061 0.360826 0.33975 0.846315 0.650464 0.859668 0.569047 0.699108 0.718468 0.412259 0.673525 0.67281 0.29843 0.796266 0.634135 0.284776 0.0156432 0.532003 0.45408 0.571168 0.525857 0.824655 0.770307 0.729998 0.02577 0.990196 0.47562 0.531615 0.214404 0.454827 0.244346 0.777338 0.42511 0.376872 0.45144 0.956395 0.211793 0.405331 0.593989 0.405576 0.821187 0.0210937 0.067161 0.311635 0.873875 0.113034 0.237786 0.124553 0.0696548 0.313761 0.669343 0.11905 0.616684 0.603243 0.931411 0.122681 0.570124 0.961098 0.484417 0.289435 0.801749 0.984297 0.984947 0.949035 0.597074 0.664811 0.592472 0.223818 0.56021 0.734868 0.290877 0.118326 0.387202 0.0699662 0.721496 0.0783412 0.410499 0.59164 0.586061 0.18968 0.17197 0.220817 0.324117 0.118973 0.257162 0.323461 0.557141 0.927395 0.224623 0.0953189 0.493054 0.392379 0.478648 0.728434 0.191578 0.911263 0.23044 0.234463 0.545049 0.103385
0.85256 0.3603 0.824302 0.405826 0.273236 0.450161 0.275119 0.0596877 0.862028 0.311366 0.160057 0.0429183 0.996135 0.0549137 0.864606 0.166556 0.781432 0.0114478 0.272846 0.722708 0.111436 0.764445 0.550196 0.982683 0.384666 0.730538 0.655687 0.299252 0.638839 0.805085 0.596661 0.161056 0.488991 0.39566 0.0772834 0.432915 0.759981 0.436012 0.142369 0.239282 0.702707 0.306179 0.936869 0.4764 0.691701 0.75742 0.513521 0.296196 0.871851 0.233781 0.5705 0.904082 0.385554 0.905291 0.936154 0.0222659 0.101932 0.785012 0.495085 0.351312 0.55703 0.0448752 0.131843 0.923267 0.137622 0.915344 0.161397 0.663897 0.61654 0.092881 0.995497 0.787585 0.415377 0.319119 0.927616 0.295968 0.98907 0.417691 0.934802 0.731754 0.697787 0.0250669 0.657576 0.60599 0.647694 0.17884 0.172863 0.725136 0.54717 0.742356 0.101605 0.602786 0.0662846 0.739281 0.703275 0.0501239 0.808142 0.461657 0.681667 0.159915 0.812064 0.116377 0.369523 0.993521 0.507117 0.475604 0.808801 0.241557 0.733484 0.428011 0.171698 0.0430848 0.397099 0.518475 0.806334 0.0121968 0.630763 0.0402164 0.611995 0.889518 0.766727 0.390628 0.258739 0.963378 0.495008 0.112911 0.673497 0.467709 0.240723 0.475967 0.19964 0.0756141 0.438283 0.660207 0.592706 0.932095 0.953036 0.399572 0.963979 0.540635 0.61607 0.588172 0.970962 0.551237 0.813721 0.893715 0.777053 0.270159 0.929078 0.892031 0.303931 0.492327 0.969428 0.944972 0.230563 0.263267 0.690999 0.0454484 0.0611867 0.835055 0.236985 0.931271 0.964983 0.805903 0.881279 0.837446 0.309967 0.886174 0.415338 0.739054 0.23262 0.921553 0.14215 0.60469 0.453943 0.610463 0.825524 0.536634 0.684005 0.949626 0.0515344 0.630158 0.568864 0.0721291 0.177007 0.661295 0.499412 0.234221 0.117197 0.0502871 0.613564 0.461641 0.94881 0.066192 0.242267 0.172856 0.733452 0.693468 0.164184 0.061155
0.531485 0.773028 0.89931 0.837572 0.756794 0.145206 0.53562 0.0994029 0.816508 0.545549 0.48239 0.379976 0.46214 0.975901 0.752101 0.391803 0.826308 0.254335 0.802294 0.989177 0.899031 0.714517 0.582765 0.226495 0.768992 0.892704 0.704384 0.918404 0.261561 0.0915137 0.0990353 0.580687 0.590439 0.0485652 0.960527 0.354111 0.393002 0.533898 0.206321 0.179268 0.494274 0.0635623 0.82229 0.235387 0.653293 0.140244 0.232541 0.700305 0.661589 0.664374 0.72234 0.300344 0.153696 0.798683 0.724637 0.122581 0.547541 0.449139 0.660834 0.209579 0.596557 0.699049 0.357558 0.19256 0.244678 0.320083 0.896086 0.588781 0.626659 0.99851 0.915273 0.203886 0.831206 0.780059 0.928478 0.87313 0.430563 0.617815 0.95151 0.554283 0.965545 0.584088 0.670802 0.275216 0.688846 0.766173 0.904809 0.4764 0.702049 0.881049 0.551962 0.60094 0.758047 0.489505 0.488571 0.592877 0.623341 0.56511 0.00139453 0.968594 0.901571 0.338393 0.596524 0.753384 0.415884 0.244376 0.140277 0.295717 0.107473 0.0686286 0.75475 0.3002 0.473183 0.306635 0.169671 0.447898 0.16114 0.374165 0.52126 0.885232 0.21131 0.664401 0.0265951 0.675636 0.431552 0.293471 0.583053 0.899533 0.393598 0.555524 0.937821 0.624374 0.971936 0.242076 0.524963 0.837275 0.538564 0.205173 0.0255017 0.811332 0.146166 0.937363 0.157792 0.549642 0.493306 0.0414085 0.328025 0.0885933 0.0448465 0.887543 0.558325 0.611647 0.0436286 0.619879 0.952027 0.0245528 0.026303 0.337452 0.351005 0.761644 0.771247 0.524917 0.938025 0.989863 0.565529 0.312076 0.0953376 0.577369 0.88148 0.677956 0.761984 0.322447 0.845188 0.981335 0.646291 0.0380554 0.131875 0.489733 0.640959 0.0387771 0.0836438 0.504766 0.399566 0.900827 0.0705382 0.433879 0.45268 0.105552 0.817202 0.417076 0.431541 0.494745 0.378305 0.47439 0.158758 0.798316 0.715895 0.170839 0.875022 0.886144
0.967721 0.177635 0.821642 0.0744707 0.622865 0.667682 0.863432 0.827039 0.707044 0.420607 0.699649 0.751247 0.90107 0.180865 0.175041 0.430663 0.957438 0.758422 0.753332 0.796171 0.280003 0.189041 0.698779 0.192845 0.18588 0.729266 0.323618 0.830002 0.313345 0.909562 0.973232 0.248741 0.466231 0.985832 0.505314 0.311562 0.752291 0.367508 0.679081 0.81269 0.528669 0.440429 0.0353697 0.288775 0.672831 0.19381 0.768867 0.760875 0.80364 0.102353 0.362804 0.553964 0.789121 0.297452 0.586014 0.948727 0.697131 0.77381 0.700719 0.201394 0.789225 0.334316 0.191993 0.649475 0.547121 0.410565 0.366448 0.700419 0.391598 0.527624 0.501923 0.389514 0.307567 0.653451 0.747154 0.00321122 0.617928 0.335725 0.792175 0.466574 0.369115 0.325386 0.0810783 0.727745 0.732227 0.279091 0.986771 0.457787 0.0667628 0.858052 0.736156 0.700031 0.697591 0.246645 0.0125137 0.293223 0.577614 0.818758 0.692493 0.273568 0.631606 0.24359 0.945153 0.397473 0.413457 0.8468 0.591113 0.80498 0.549076 0.857152 0.540505 0.508277 0.476994 0.871878 0.187517 0.465997 0.477117 0.412292 0.307223 0.674184 0.216693 0.771384 0.50342 0.411027 0.567407 0.679393 0.546602 0.386145 0.109165 0.0535046 0.189629 0.748062 0.681407 0.632649 0.719417 0.549031 0.0857495 0.0299431 0.780377 0.255284 0.589093 0.692128 0.37282 0.82801 0.557648 0.000833427 0.919228 0.258191 0.522808 0.495192 0.21913 0.226135 0.000706334 0.00828971 0.811 0.685786 0.828487 0.478924 0.25779 0.569814 0.923888 0.287402 0.600047 0.465949 0.564149 0.786933 0.381493 0.0869521 0.618562 0.328731 0.290318 0.272387 0.776438 0.216522 0.625167 0.19446 0.28276 0.426151 0.85398 0.428234 0.824093 0.643798 0.165924 0.417204 0.203545 0.345381 0.61021 0.26058 0.855659 0.429628 0.385374 0.238166 0.729898 0.589287 0.0664349 0.370742 0.385649 0.613136 0.563577 0.755657
0.771022 0.796975 0.728151 0.950648 0.682357 0.604153 0.231023 0.298216 0.12878 0.610794 0.864204 0.209812 0.375241 0.795033 0.214959 0.757893 0.320809 0.7458 0.488746 0.710174 0.851732 0.228752 0.049187 0.185521 0.103782 0.643187 0.066447 0.674354 0.136178 0.222376 0.593736 0.97801 0.171096 0.431453 0.952579 0.902281 0.435204 0.728212 0.522002 0.890869 0.0736007 0.775372 0.0475985 0.204015 0.366015 0.842686 0.0921774 0.840813 0.280163 0.377366 0.00142203 0.297557 0.667415 0.453411 0.386852 0.460549 0.212194 0.329462 0.844222 0.45687 0.768514 0.569534 0.425177 0.214878 0.954594 0.495216 0.00189381 0.351871 0.0257971 0.877331 0.0376495 0.912355 0.550227 0.192856 0.764576 0.0244043 0.391897 0.051748 0.227051 0.372198 0.238307 0.782754 0.674888 0.840619 0.0100973 0.123572 0.243745 0.282211 0.794765 0.0185495 0.495361 0.658645 0.814459 0.550564 0.461008 0.295242 0.862841 0.789823 0.00465115 0.79591 0.62229 0.271115 0.261794 0.438762 0.277114 0.359797 0.628812 0.48946 0.978186 0.223266 0.488105 0.516769 0.61018 0.207212 0.819209 0.191345 0.517153 0.817849 0.997187 0.650658 0.0694623 0.58896 0.34486 0.685147 0.782235 0.340031 0.310694 0.337338 0.237026 0.0543493 0.0958968 0.570649 0.543718 0.0729379 0.609719 0.187831 0.943812 0.196961 0.424912 0.461275 0.758807 0.485693 0.286839 0.410291 0.719507 0.713298 0.378388 0.881487 0.781022 0.735366 0.906755 0.46941 0.163363 0.826414 0.552816 0.572714 0.889005 0.460026 0.175145 0.93616 0.506868 0.162499 0.684717 0.565692 0.873915 0.688445 0.885083 0.919881 0.386574 0.83108 0.808348 0.279528 0.883883 0.098613 0.400036 0.354432 0.793437 0.775202 0.605114 0.388632 0.0185494 0.801212 0.337201 0.886852 0.894849 0.135377 0.501799 0.362167 0.42022 0.862248 0.0705601 0.569812 0.47616 0.466302 0.638598 0.597347 0.0636116 0.357592 0.43943 0.388255
0.570547 0.400335 0.191316 0.740796 0.830949 0.290863 0.73893 0.882887 0.915651 0.276173 0.230247 0.52972 0.133647 0.581566 0.488571 0.0644616 0.211025 0.408745 0.719453 0.386486 0.9558 0.246103 0.0415501 0.754849 0.875049 0.941678 0.907939 0.972605 0.541268 0.392971 0.289086 0.609064 0.279754 0.5655 0.882798 0.349099 0.873739 0.0743549 0.407496 0.0975329 0.627741 0.0724114 0.930807 0.746122 0.395196 0.266846 0.230625 0.611913 0.537375 0.0953367 0.839262 0.237184 0.345559 0.416469 0.625479 0.209372 0.717683 0.571484 0.700306 0.650619 0.16435 0.737582 0.950238 0.267298 0.643859 0.207576 0.522406 0.658585 0.391345 0.352521 0.53847 0.707302 0.550586 0.702176 0.570654 0.0375092 0.846906 0.210191 0.711686 0.752049 0.731815 0.838729 0.113398 0.134235 0.711143 0.317969 0.32934 0.537411 0.886327 0.802832 0.914548 0.531471 0.457713 0.816157 0.108151 0.239892 0.755802 0.976901 0.441927 0.256669 0.398782 0.326328 0.529281 0.514755 0.819356 0.651249 0.0721058 0.692083 0.342202 0.42171 0.245044 0.259854 0.760926 0.462801 0.887428 0.51776 0.1044 0.582754 0.278464 0.563002 0.992459 0.901973 0.656197 0.511241 0.140321 0.411796 0.623193 0.105844 0.150684 0.914662 0.906949 0.138072 0.705089 0.580998 0.226569 0.412026 0.605143 0.897319 0.965296 0.430841 0.113701 0.0164114 0.320022 0.84529 0.668286 0.832364 0.00512246 0.994834 0.738048 0.139135 0.464521 0.238233 0.960546 0.328839 0.636205 0.646636 0.107192 0.249126 0.263631 0.0851094 0.14967 0.999962 0.00952402 0.505549 0.992894 0.980818 0.726151 0.305886 0.871375 0.630317 0.164631 0.752628 0.451383 0.751373 0.516778 0.43088 0.250871 0.65532 0.207309 0.746429 0.62669 0.766442 0.385128 0.541039 0.901392 0.352086 0.50795 0.177085 0.301236 0.730154 0.503372 0.193149 0.880036 0.534405 0.485306 0.110007 0.195697 0.106851 0.57343 0.580442
0.861547 0.0764261 0.249367 0.596078 0.287745 0.699256 0.504934 0.823528 0.218212 0.0293115 0.915347 0.558144 0.857666 0.498896 0.748148 0.928898 0.590735 0.821401 0.736861 0.534072 0.517302 0.910465 0.371492 0.794438 0.119898 0.379371 0.660614 0.437658 0.0511283 0.834923 0.512534 0.774928 0.378249 0.840854 0.709131 0.883024 0.16198 0.662819 0.823306 0.79468 0.836028 0.842946 0.292319 0.691644 0.130512 0.280459 0.183557 0.238981 0.729461 0.552755 0.888956 0.84997 0.535595 0.233321 0.379292 0.742733 0.852357 0.1125 0.425793 0.251818 0.423287 0.222107 0.331753 0.973807 0.0962462 0.384023 0.207552 0.768142 0.853169 0.659731 0.345738 0.83995 0.627505 0.288587 0.408291 0.115707 0.45697 0.955976 0.883077 0.89577 0.152961 0.907052 0.291809 0.520495 0.998905 0.23607 0.243685 0.25996 0.770868 0.319523 0.895831 0.265742 0.326697 0.649882 0.384711 0.480939 0.412287 0.98926 0.271824 0.00199731 0.300192 0.463682 0.242823 0.881226 0.597456 0.465215 0.935222 0.424958 0.627811 0.302019 0.54035 0.854282 0.203258 0.190234 0.458946 0.726715 0.325365 0.97001 0.407281 0.999476 0.613127 0.336613 0.111033 0.782114 0.0607212 0.859077 0.689953 0.30272 0.193052 0.624175 0.182582 0.112148 0.151757 0.533262 0.204806 0.0404557 0.983354 0.413688 0.00317634 0.9563 0.355814 0.135373 0.347337 0.381611 0.846936 0.128535 0.197099 0.367131 0.961182 0.474188 0.56295 0.321897 0.0833543 0.0167356 0.766887 0.800618 0.326865 0.421372 0.706998 0.186915 0.294552 0.824164 0.0492098 0.219806 0.121454 0.609542 0.173992 0.524417 0.493858 0.64976 0.830426 0.715343 0.389835 0.224363 0.804001 0.510386 0.554213 0.653992 0.518387 0.170282 0.435272 0.334916 0.504069 0.691283 0.585796 0.0939137 0.602716 0.000882875 0.070506 0.076314 0.78406 0.897275 0.16392 0.550991 0.269001 0.487243 0.777449 0.990978 0.990349 0.127609
0.0797626 0.590508 0.39116 0.48022 0.2665 0.378912 0.341701 0.185241 0.728157 0.625465 0.0385955 0.29334 0.111321 0.537762 0.867706 0.645894 0.43527 0.721322 0.180231 0.689285 0.741755 0.0506697 0.502735 0.106968 0.294909 0.0906291 0.913082 0.426205 0.36335 0.890486 0.165967 0.332689 0.198421 0.501503 0.916311 0.589092 0.220545 0.564722 0.584835 0.86342 0.81577 0.166399 0.153043 0.890922 0.303788 0.489784 0.150658 0.196043 0.337851 0.395534 0.77997 0.695258 0.513861 0.475091 0.261203 0.930906 0.215409 0.345602 0.77916 0.713454 0.900253 0.930155 0.672501 0.503104 0.225706 0.318952 0.575683 0.716987 0.209708 0.399465 0.0476763 0.270105 0.281765 0.899559 0.122229 0.0376764 0.92919 0.502634 0.99756 0.0368481 0.715983 0.395437 0.872817 0.878015 0.541596 0.860797 0.445984 0.596213 0.389605 0.906504 0.181343 0.877202 0.663091 0.410952 0.358555 0.413587 0.520172 0.163293 0.719085 0.36337 0.515959 0.145213 0.650068 0.186935 0.847784 0.18391 0.772336 0.307599 0.535992 0.971785 0.850333 0.462512 0.607011 0.218455 0.145388 0.700097 0.713597 0.535489 0.447307 0.448947 0.0425092 0.750282 0.0623955 0.0968549 0.732583 0.922555 0.0479664 0.0631455 0.777657 0.0373625 0.226013 0.520431 0.445422 0.72845 0.572153 0.378687 0.942231 0.746866 0.745639 0.557023 0.364316 0.392228 0.0802196 0.470189 0.0315624 0.490325 0.143504 0.800649 0.290956 0.70583 0.972579 0.00553681 0.174014 0.658588 0.0195511 0.806559 0.671992 0.580176 0.495637 0.181152 0.822941 0.761007 0.773273 0.769197 0.415934 0.905136 0.166901 0.513064 0.774899 0.836014 0.00605744 0.904428 0.367696 0.723402 0.0465098 0.885778 0.77978 0.614376 0.749868 0.0451934 0.830035 0.0195319 0.384136 0.671192 0.853685 0.715919 0.331115 0.131226 0.235148 0.972169 0.501503 0.196156 0.204409 0.442159 0.548133 0.703187 0.211913 0.0288942 0.570968 0.94603
0.784185 0.606803 0.698645 0.0461114 0.204731 0.984909 0.20933 0.0295111 0.556556 0.150092 0.0420099 0.696329 0.478191 0.557321 0.820303 0.0131538 0.189741 0.396745 0.733573 0.87617 0.0248365 0.0531365 0.371163 0.975026 0.770943 0.431475 0.244812 0.195977 0.92918 0.112954 0.453302 0.674636 0.222419 0.547819 0.502924 0.0341338 0.0766437 0.998378 0.284645 0.451144 0.810956 0.0231764 0.699947 0.346017 0.928508 0.447713 0.0888512 0.114546 0.0033953 0.415984 0.552014 0.0294773 0.371365 0.71145 0.844597 0.80483 0.618355 0.229531 0.314182 0.579274 0.955261 0.842535 0.40485 0.562237 0.406473 0.689004 0.877082 0.234213 0.489996 0.78421 0.811225 0.698055 0.238806 0.618737 0.027612 0.972304 0.395464 0.540592 0.20818 0.901718 0.101535 0.869508 0.21355 0.889618 0.713229 0.732824 0.356875 0.123515 0.677926 0.865357 0.443182 0.984332 0.224955 0.644485 0.0903046 0.6722 0.633714 0.0429437 0.0869949 0.831874 0.738462 0.794264 0.982968 0.473347 0.298336 0.272886 0.859251 0.211763 0.28907 0.206168 0.373445 0.509362 0.986694 0.0105074 0.590628 0.232766 0.453765 0.451076 0.377567 0.859052 0.927735 0.341016 0.707461 0.746224 0.187146 0.391792 0.313837 0.349255 0.157833 0.82487 0.112021 0.275305 0.791677 0.2018 0.521036 0.10916 0.949287 0.693909 0.895641 0.274706 0.123331 0.0154377 0.612048 0.983008 0.0292453 0.613487 0.0225504 0.471984 0.0327121 0.0635195 0.843833 0.649655 0.96002 0.505422 0.387987 0.466462 0.890265 0.814813 0.488605 0.186799 0.755647 0.0802248 0.74889 0.914585 0.846541 0.387504 0.407586 0.220541 0.870026 0.374435 0.912635 0.0327891 0.669808 0.679619 0.473866 0.0823946 0.915147 0.0425503 0.631346 0.154248 0.913766 0.789058 0.265678 0.630383 0.936146 0.415552 0.0846612 0.675966 0.799299 0.56518 0.0147568 0.457584 0.707074 0.730651 0.573161 0.958175 0.990507 0.367081 0.0218503 0.394993
0.79935 0.621008 0.817711 0.00592646 0.128177 0.608605 0.960022 0.525914 0.229481 0.723679 0.522379 0.56911 0.68518 0.287442 0.148583 0.795637 0.248101 0.411697 0.799429 0.0104518 0.59223 0.832117 0.460114 0.0591037 0.633878 0.407886 0.503042 0.267891 0.256634 0.219926 0.988944 0.804725 0.774224 0.903513 0.0119318 0.898645 0.363783 0.237123 0.643354 0.947049 0.609456 0.225886 0.798424 0.76837 0.333517 0.742865 0.78305 0.170064 0.800032 0.212989 0.228729 0.910381 0.38979 0.56219 0.576288 0.54856 0.43567 0.271434 0.683812 0.75775 0.01159 0.10853 0.28205 0.312169 0.133939 0.857866 0.954807 0.477625 0.591458 0.92783 0.611917 0.180332 0.781825 0.0156574 0.0507366 0.695149 0.57025 0.844239 0.662697 0.953162 0.00989191 0.984939 0.595329 0.641685 0.40005 0.326206 0.296584 0.17174 0.898453 0.96072 0.961202 0.343644 0.0887029 0.740099 0.665459 0.979157 0.138172 0.939084 0.357425 0.155327 0.910033 0.348969 0.805941 0.940983 0.61702 0.230733 0.600215 0.1327 0.821222 0.751305 0.868773 0.343059 0.278024 0.0239214 0.65137 0.641889 0.164403 0.0777437 0.533825 0.216138 0.977943 0.407766 0.273526 0.748708 0.261108 0.895016 0.750125 0.440738 0.16851 0.465497 0.732344 0.750775 0.22725 0.365536 0.0746166 0.360643 0.257796 0.220337 0.482646 0.328248 0.840008 0.344636 0.342582 0.760459 0.667218 0.571882 0.5825 0.992913 0.947939 0.515202 0.243712 0.385795 0.038838 0.682461 0.637186 0.945838 0.482356 0.786011 0.385067 0.137282 0.917493 0.852316 0.175998 0.928055 0.927774 0.0985378 0.46457 0.544838 0.65663 0.149641 0.720443 0.483877 0.330797 0.180105 0.252488 0.142318 0.178626 0.976625 0.423652 0.243511 0.409678 0.693999 0.12166 0.636732 0.60159 0.545271 0.747802 0.622275 0.564957 0.967069 0.550873 0.015126 0.709155 0.637208 0.513556 0.207798 0.17788 0.945579 0.497733 0.379918
0.490376 0.0421349 0.611123 0.625599 0.735087 0.829466 0.860757 0.971735 0.677721 0.195501 0.211441 0.858562 0.605631 0.575294 0.239015 0.63574 0.736162 0.980944 0.0397616 0.806449 0.385271 0.820341 0.318125 0.657659 0.478335 0.32444 0.384425 0.0248992 0.614387 0.351733 0.450932 0.64161 0.901525 0.943948 0.124271 0.608793 0.589716 0.941656 0.803626 0.935314 0.0076292 0.897726 0.201252 0.681427 0.497105 0.695635 0.170287 0.0572808 0.412561 0.629765 0.617107 0.503622 0.837122 0.670953 0.984866 0.553154 0.782887 0.142236 0.751282 0.396973 0.192438 0.480904 0.435416 0.915683 0.115255 0.576399 0.904889 0.7104 0.627279 0.0974124 0.949285 0.182096 0.707658 0.955256 0.417784 0.268517 0.968161 0.52194 0.515858 0.484612 0.993347 0.849439 0.515865 0.525086 0.577364 0.685364 0.394868 0.483157 0.844334 0.488168 0.659996 0.467283 0.75076 0.608681 0.0261315 0.515276 0.183521 0.433643 0.785715 0.633449 0.723962 0.560661 0.609889 0.646677 0.559568 0.867232 0.0223731 0.8316 0.791659 0.25403 0.0859758 0.822667 0.276824 0.959707 0.629327 0.22724 0.660113 0.197714 0.663061 0.0144434 0.305755 0.133641 0.408307 0.0592511 0.356686 0.591534 0.656225 0.528419 0.763031 0.420666 0.321879 0.786992 0.271343 0.796477 0.0536559 0.533266 0.115537 0.490021 0.426205 0.946737 0.523719 0.681172 0.00247489 0.558957 0.329319 0.955923 0.682806 0.565915 0.812004 0.212596 0.890958 0.625411 0.39393 0.511968 0.976707 0.421644 0.734482 0.480911 0.695857 0.140332 0.0057352 0.10483 0.882418 0.00859995 0.499861 0.160815 0.100751 0.0635815 0.725102 0.735155 0.967365 0.592653 0.79416 0.662378 0.387605 0.321736 0.294964 0.885674 0.722968 0.969391 0.38246 0.0403998 0.873094 0.0246269 0.957102 0.560201 0.164032 0.804049 0.0361389 0.167758 0.67423 0.744826 0.287964 0.605389 0.50528 0.132443 0.832296 0.624209 0.134522 0.677995
0.690552 0.370678 0.737212 0.134799 0.589815 0.336861 0.836403 0.794461 0.124104 0.205975 0.442187 0.0414047 0.728608 0.444223 0.780299 0.887982 0.730725 0.134087 0.472977 0.729622 0.0404816 0.475677 0.573399 0.585338 0.315296 0.474567 0.545399 0.762793 0.984631 0.883251 0.553218 0.263981 0.365967 0.714411 0.863714 0.574612 0.864515 0.0571146 0.756771 0.719629 0.523345 0.715239 0.091359 0.829619 0.957709 0.650167 0.181241 0.4827 0.302756 0.639719 0.683284 0.347219 0.223058 0.995326 0.938985 0.487175 0.255697 0.116783 0.640159 0.199933 0.96025 0.0781474 0.585393 0.524874 0.423574 0.522936 0.732684 0.603763 0.889664 0.0961177 0.650881 0.71529 0.138197 0.113252 0.519381 0.326365 0.327824 0.144073 0.247502 0.320465 0.708614 0.251233 0.377543 0.482884 0.370366 0.6722 0.595655 0.0735733 0.146735 0.844301 0.259473 0.153898 0.566613 0.613725 0.403497 0.168314 0.555005 0.96999 0.97022 0.292621 0.692576 0.666214 0.919236 0.492681 0.690679 0.307852 0.362118 0.593463 0.01688 0.000509817 0.381071 0.0986594 0.405494 0.303106 0.291621 0.985305 0.740426 0.683012 0.15287 0.00403566 0.333625 0.0450382 0.764662 0.500906 0.834308 0.562285 0.512081 0.444577 0.710297 0.743684 0.166518 0.658642 0.788936 0.23883 0.240077 0.430057 0.132068 0.258942 0.949747 0.185898 0.477218 0.145695 0.636184 0.436719 0.992813 0.600269 0.551226 0.764812 0.862724 0.484043 0.473204 0.0840373 0.745484 0.635576 0.610165 0.868191 0.453566 0.0743037 0.291425 0.042369 0.195842 0.537166 0.249251 0.606256 0.914983 0.820892 0.653995 0.131115 0.714693 0.200375 0.19267 0.81495 0.333952 0.602645 0.524509 0.691816 0.9096 0.247985 0.0123062 0.33213 0.704493 0.390276 0.00579379 0.339714 0.594165 0.411824 0.754264 0.672987 0.468583 0.707002 0.847025 0.980781 0.248189 0.236154 0.0549936 0.859783 0.492238 0.951166 0.826483 0.613702
0.359362 0.18853 0.68858 0.0949989 0.708839 0.469177 0.869028 0.530565 0.684259 0.919161 0.127837 0.221082 0.323023 0.641649 0.576655 0.411406 0.654723 0.32179 0.39225 0.974223 0.941976 0.934702 0.423848 0.301299 0.374639 0.590712 0.356346 0.486346 0.563428 0.450596 0.804489 0.285575 0.465824 0.895409 0.770414 0.248881 0.201553 0.807883 0.953629 0.28655 0.331223 0.5783 0.791598 0.78351 0.978723 0.522288 0.485405 0.535371 0.344649 0.196414 0.46186 0.288695 0.221831 0.180828 0.139394 0.0216419 0.989502 0.969209 0.72155 0.265842 0.511666 0.0697976 0.0729855 0.200832 0.107986 0.988484 0.19156 0.651684 0.712005 0.490561 0.184667 0.953244 0.783018 0.0727643 0.959894 0.588581 0.498525 0.0328659 0.836699 0.699131 0.0514164 0.792646 0.458517 0.86926 0.70438 0.321308 0.791457 0.0055045 0.70166 0.425693 0.371827 0.745839 0.447016 0.53932 0.240407 0.316072 0.901102 0.482713 0.0723745 0.647167 0.409985 0.111255 0.301333 0.63737 0.291184 0.426631 0.300047 0.526285 0.869758 0.911113 0.353647 0.55421 0.864898 0.47875 0.13022 0.381283 0.969525 0.264441 0.753199 0.304828 0.00381253 0.571021 0.00576959 0.702506 0.297669 0.422573 0.372424 0.0466557 0.912006 0.635432 0.796705 0.993248 0.282457 0.0904347 0.923826 0.995624 0.818861 0.619346 0.581199 0.0184231 0.322018 0.00475434 0.085334 0.908174 0.783695 0.0674541 0.9404 0.757445 0.319976 0.757558 0.373892 0.442959 0.179366 0.823758 0.434886 0.634508 0.0489597 0.390936 0.514855 0.903009 0.208694 0.584404 0.0955579 0.0251368 0.0517289 0.255109 0.87297 0.284928 0.0103649 0.563802 0.0636698 0.613547 0.173362 0.906096 0.165627 0.699737 0.293832 0.381386 0.65572 0.053434 0.0411331 0.199478 0.0293506 0.793742 0.555957 0.056756 0.433277 0.880783 0.294619 0.317058 0.103423 0.385637 0.571611 0.968626 0.990574 0.789789 0.73355 0.0638519 0.478223 0.737225
0.0778701 0.564311 0.563125 0.0256518 0.361391 0.632078 0.604134 0.232974 0.933975 0.584662 0.14548 0.704341 0.587972 0.728524 0.829949 0.339517 0.0908987 0.861281 0.440905 0.157009 0.339261 0.305196 0.663695 0.63933 0.963359 0.171614 0.36484 0.815392 0.183461 0.941912 0.86393 0.853355 0.186574 0.447034 0.309183 0.349749 0.133095 0.230829 0.538613 0.414945 0.894902 0.951149 0.490545 0.741576 0.761334 0.292871 0.722544 0.671922 0.257791 0.561415 0.129731 0.339311 0.733642 0.289112 0.167465 0.467834 0.746492 0.948812 0.796736 0.892633 0.947338 0.469382 0.12114 0.68328 0.557246 0.288627 0.346388 0.799945 0.19962 0.820505 0.576194 0.459118 0.561298 0.746242 0.894978 0.465429 0.758296 0.192427 0.0818064 0.992742 0.272164 0.182386 0.948561 0.50563 0.450089 0.0766278 0.629209 0.798574 0.518464 0.57078 0.465775 0.538515 0.0470186 0.559302 0.41992 0.37586 0.976696 0.111175 0.0171172 0.7021 0.731323 0.231502 0.981952 0.104559 0.417706 0.766855 0.401193 0.0110964 0.620947 0.411704 0.56102 0.223302 0.848317 0.23882 0.205903 0.425744 0.00439878 0.108333 0.522347 0.497115 0.361914 0.404288 0.593118 0.621295 0.254964 0.808387 0.507318 0.30501 0.00344133 0.846688 0.633992 0.872134 0.7804 0.191789 0.791235 0.491726 0.0659159 0.235325 0.124994 0.015137 0.630521 0.611725 0.418999 0.442468 0.313205 0.3282 0.862355 0.845902 0.390266 0.306405 0.0435646 0.944488 0.566993 0.33753 0.252154 0.880387 0.0463332 0.151598 0.504176 0.77815 0.223713 0.184598 0.483865 0.865047 0.723482 0.112236 0.898413 0.927524 0.633011 0.397022 0.349423 0.14446 0.242825 0.814105 0.539602 0.0819865 0.639238 0.0362335 0.662148 0.0540045 0.93331 0.106114 0.965778 0.481688 0.410209 0.344894 0.823284 0.51015 0.64023 0.702345 0.218402 0.774291 0.49973 0.186215 0.129883 0.670184 0.0821088 0.419013 0.500151 0.166569
0.103769 0.75854 0.0958798 0.130221 0.636796 0.052939 0.666124 0.854346 0.421058 0.703579 0.470204 0.464871 0.0874482 0.886356 0.811852 0.490414 0.220555 0.956731 0.896973 0.031349 0.993172 0.386013 0.420185 0.614223 0.227257 0.454272 0.367422 0.48285 0.13941 0.236282 0.552789 0.551849 0.855115 0.320552 0.338338 0.675012 0.525208 0.856582 0.858583 0.277597 0.0399175 0.740685 0.750734 0.797775 0.122306 0.541037 0.541465 0.2104 0.713557 0.73347 0.307896 0.0605046 0.713088 0.622256 0.771877 0.869952 0.540132 0.862451 0.364066 0.269457 0.821636 0.287665 0.469071 0.824955 0.656394 0.364885 0.95578 0.607839 0.793741 0.3323 0.0652131 0.62568 0.43185 0.814847 0.329097 0.267713 0.605471 0.267675 0.948262 0.106172 0.114856 0.961876 0.592132 0.462304 0.602338 0.064012 0.962544 0.519877 0.427363 0.949336 0.617733 0.163487 0.8382 0.423234 0.520621 0.160495 0.369974 0.184938 0.920865 0.559368 0.67759 0.0305159 0.136843 0.774503 0.960043 0.41634 0.95316 0.0530829 0.175306 0.0252074 0.559266 0.0492786 0.114935 0.263466 0.701198 0.668692 0.194597 0.090011 0.86869 0.531151 0.865661 0.767949 0.697726 0.13248 0.681208 0.78617 0.595692 0.819644 0.568776 0.173832 0.36092 0.138123 0.832383 0.93295 0.653675 0.11431 0.571752 0.305459 0.132015 0.679637 0.0840786 0.735799 0.150605 0.130071 0.160046 0.677833 0.699143 0.800801 0.0416453 0.279186 0.770718 0.447541 0.709411 0.299741 0.0658918 0.494585 0.741108 0.74129 0.704204 0.112025 0.673441 0.329281 0.539872 0.942029 0.736886 0.620121 0.627259 0.95309 0.626954 0.979648 0.596985 0.480396 0.406463 0.851477 0.720895 0.645883 0.114804 0.923345 0.0354151 0.618874 0.431468 0.140184 0.245106 0.0489391 0.383477 0.875149 0.281441 0.413867 0.519968 0.650877 0.864769 0.435659 0.343158 0.657471 0.894197 0.00267626 0.696803 0.555976 0.653035 0.371943
0.256671 0.007611 0.413279 0.993812 0.42164 0.457788 0.725008 0.15601 0.641261 0.769458 0.364742 0.0655652 0.390731 0.437347 0.787047 0.584295 0.97022 0.0413151 0.599302 0.86756 0.236701 0.578795 0.665345 0.777064 0.587041 0.330363 0.329531 0.269947 0.827396 0.514992 0.898408 0.24233 0.510946 0.689036 0.00279068 0.108991 0.976503 0.173178 0.0682241 0.771253 0.692397 0.233142 0.424148 0.732982 0.24389 0.476157 0.513988 0.837839 0.0557214 0.494959 0.932818 0.0687149 0.929326 0.0563206 0.522051 0.236297 0.248134 0.150682 0.692465 0.0990005 0.534951 0.384518 0.2075 0.267349 0.698577 0.332427 0.99332 0.568837 0.869467 0.520093 0.41938 0.790256 0.129572 0.610514 0.543561 0.375793 0.382476 0.804919 0.844724 0.840273 0.147977 0.677557 0.602855 0.829098 0.244216 0.924703 0.591007 0.368892 0.185427 0.229566 0.499382 0.644762 0.305465 0.814835 0.871193 0.15712 0.629668 0.0864601 0.297832 0.0965537 0.346769 0.689341 0.17191 0.94269 0.192431 0.832001 0.167995 0.578207 0.385239 0.905599 0.810185 0.0605946 0.545081 0.282149 0.0442667 0.285432 0.520749 0.872413 0.494558 0.119478 0.165105 0.88821 0.532905 0.316343 0.260927 0.0776855 0.249232 0.490707 0.344964 0.182443 0.223618 0.299748 0.996658 0.476914 0.731236 0.591644 0.771993 0.649141 0.507679 0.899086 0.720805 0.972032 0.25031 0.348223 0.716512 0.0352024 0.325795 0.0540661 0.815093 0.0342959 0.573779 0.877674 0.317618 0.850025 0.356411 0.545122 0.00824407 0.251131 0.827159 0.160793 0.581204 0.613303 0.0184843 0.898803 0.188502 0.725453 0.174057 0.684545 0.616122 0.74435 0.241648 0.660931 0.40379 0.470809 0.605795 0.556577 0.0470526 0.733978 0.368119 0.410361 0.812019 0.821251 0.844936 0.909306 0.476257 0.554596 0.943795 0.954471 0.946907 0.105768 0.234309 0.758684 0.510072 0.478165 0.784801 0.278804 0.906496 0.132627 0.122079 0.970229
0.192671 0.699727 0.194666 0.165553 0.0359772 0.601363 0.364499 0.16737 0.19699 0.646419 0.181521 0.184491 0.71395 0.806191 0.162203 0.0863295 0.915319 0.305133 0.108894 0.993639 0.397161 0.291993 0.665045 0.671165 0.302603 0.340505 0.878088 0.376788 0.684868 0.259134 0.0191628 0.413098 0.156239 0.907834 0.684506 0.142713 0.281715 0.521661 0.94105 0.964009 0.680995 0.275337 0.33607 0.161634 0.0545568 0.0413022 0.946212 0.0647367 0.606458 0.638681 0.397563 0.0601425 0.583569 0.0332917 0.617761 0.665485 0.590841 0.223169 0.921031 0.93361 0.585394 0.356499 0.495966 0.342689 0.0678272 0.196311 0.555026 0.105865 0.575018 0.252404 0.410547 0.544003 0.0450717 0.0181162 0.239775 0.0264241 0.818418 0.951213 0.621384 2.34462e-06 0.269689 0.526391 0.368822 0.415346 0.93679 0.99542 0.812231 0.316461 0.0040981 0.350797 0.40362 0.523592 0.39697 0.383703 0.924223 0.196825 0.123754 0.708386 0.211942 0.730847 0.462504 0.991415 0.468314 0.99734 0.588906 0.0673221 0.28189 0.574631 0.927217 0.638451 0.509589 0.243789 0.250119 0.98508 0.130218 0.140746 0.103623 0.980701 0.26409 0.248631 0.655089 0.342685 0.791027 0.610757 0.490796 0.232486 0.278056 0.201404 0.519307 0.682543 0.238894 0.203623 0.388756 0.725201 0.18362 0.0896837 0.0515816 0.673299 0.425538 0.897715 0.143778 0.152401 0.718206 0.465369 0.447625 0.855881 0.302159 0.955398 0.114735 0.789662 0.95846 0.68358 0.464394 0.274501 0.0507087 0.533705 0.916148 0.872997 0.549504 0.483053 0.72222 0.766223 0.0948976 0.351228 0.418266 0.714537 0.357074 0.830885 0.801234 0.190874 0.447548 0.981562 0.0711163 0.735206 0.292655 0.108644 0.413694 0.921364 0.8624 0.186816 0.421056 0.99267 0.972389 0.544703 0.141585 0.915243 0.359897 0.670578 0.651765 0.884462 0.225987 0.403641 0.444587 0.14305 0.0754923 0.825498 0.672938 0.559556 0.130519 0.207596
0.129327 0.957788 0.0439298 0.291453 0.0736934 0.799449 0.337898 0.688994 0.304245 0.145438 0.528615 0.776415 0.300873 0.753014 0.930664 0.34931 0.231967 0.51214 0.314068 0.74765 0.845499 0.777811 0.979307 0.83316 0.8779 0.204017 0.554652 0.0550908 0.639192 0.605841 0.994279 0.105622 0.262473 0.865497 0.230012 0.288347 0.215355 0.87847 0.659391 0.221795 0.493647 0.568872 0.902729 0.257603 0.047395 0.705224 0.326266 0.840172 0.247515 0.988399 0.889544 0.540673 0.704987 0.0186007 0.248749 0.851374 0.504784 0.722144 0.995964 0.161134 0.0839816 0.0283687 0.426604 0.616124 0.0938416 0.111765 0.249896 0.764212 0.901634 0.797685 0.681973 0.826987 0.483493 0.293653 0.963679 0.690058 0.957139 0.481286 0.505624 0.360644 0.172939 0.415583 0.902544 0.343378 0.869327 0.240518 0.945252 0.943079 0.780712 0.360358 0.341724 0.724316 0.2794 0.91536 0.495168 0.9512 0.408301 0.628095 0.920418 0.156347 0.0385562 0.936426 0.635288 0.772209 0.917648 0.246373 0.910166 0.871472 0.772599 0.591902 0.503472 0.476623 0.918086 0.913148 0.847194 0.641765 0.217987 0.27621 0.968528 0.838762 0.93191 0.415194 0.649957 0.402092 0.806877 0.579403 0.200796 0.142905 0.112628 0.810095 0.299792 0.718771 0.937818 0.387195 0.384174 0.0913498 0.0518396 0.569841 0.536515 0.536216 0.595296 0.986448 0.135352 0.662674 0.457476 0.60397 0.7149 0.178709 0.227676 0.0327438 0.902871 0.5717 0.458129 0.847586 0.628877 0.462753 0.0544031 0.14604 0.379902 0.802132 0.537257 0.60681 0.60474 0.836611 0.479701 0.433282 0.686903 0.330375 0.484958 0.404452 0.337955 0.657916 0.348974 0.958615 0.758372 0.305254 0.319197 0.656019 0.380793 0.799968 0.800035 0.667003 0.0285716 0.382957 0.786489 0.351165 0.378141 0.569359 0.199892 0.710031 0.066951 0.585835 0.24679 0.929731 0.407566 0.061157 0.552813 0.720058 0.267653 0.129262
0.631191 0.245842 0.812727 0.298808 0.309705 0.459101 0.663007 0.967507 0.56967 0.218101 0.877413 0.920645 0.689692 0.119779 0.586122 0.570188 0.785343 0.845344 0.340131 0.746909 0.592596 0.722154 0.643455 0.392946 0.692123 0.0405325 0.0337004 0.416915 0.645744 0.335925 0.326073 0.0260232 0.859118 0.463065 0.700338 0.586998 0.999782 0.412793 0.313066 0.639173 0.780493 0.247654 0.130176 0.920757 0.81478 0.791516 0.273922 0.755427 0.069149 0.286006 0.916897 0.30038 0.163109 0.842769 0.828969 0.0846542 0.23413 0.10323 0.9413 0.721548 0.536712 0.624746 0.982208 0.280685 0.425462 0.352925 0.140739 0.577132 0.0906094 0.431256 0.273723 0.190741 0.689444 0.801999 0.865859 0.261693 0.805343 0.237374 0.371031 0.25832 0.428365 0.20657 0.61507 0.529726 0.550962 0.994865 0.697615 0.397677 0.440114 0.300319 0.828221 0.0278096 0.659512 0.531061 0.829284 0.901021 0.925117 0.0326203 0.0399427 0.741977 0.499173 0.543043 0.627528 0.081017 0.330471 0.277722 0.876495 0.460942 0.139709 0.455689 0.585998 0.794712 0.346846 0.93961 0.173007 0.741216 0.594751 0.191343 0.521699 0.899767 0.737774 0.435592 0.57538 0.62268 0.49228 0.209705 0.91112 0.479607 0.35969 0.173345 0.00391669 0.849547 0.0347791 0.240808 0.032153 0.972585 0.928102 0.0118929 0.994798 0.173965 0.480075 0.329704 0.285573 0.448708 0.895622 0.240934 0.550925 0.0579535 0.425295 0.485918 0.356946 0.437172 0.459125 0.780712 0.513158 0.461706 0.564594 0.357992 0.638114 0.88377 0.60437 0.650362 0.778245 0.896115 0.855641 0.688535 0.984538 0.0380739 0.968102 0.842507 0.814767 0.802412 0.453713 0.828757 0.325034 0.35271 0.829381 0.859282 0.329957 0.304188 0.62718 0.213148 0.0521443 0.896969 0.173701 0.882841 0.920463 0.531003 0.928428 0.975172 0.827414 0.294634 0.182991 0.896356 0.313619 0.640337 0.58198 0.675058 0.79884 0.867149
0.802458 0.0560762 0.708237 0.299523 0.76798 0.273271 0.704277 0.275096 0.541715 0.920665 0.687836 0.384091 0.967215 0.969282 0.83611 0.320931 0.4545 0.884437 0.409272 0.790915 0.403386 0.431999 0.520606 0.819925 0.36387 0.946572 0.213076 0.471428 0.261587 0.25268 0.610473 0.62801 0.94809 0.326969 0.899672 0.0965743 0.134045 0.77463 0.0902671 0.0775571 0.909251 0.305087 0.206156 0.408054 0.531329 0.404923 0.445093 0.300014 0.623991 0.876688 0.92557 0.925904 0.222216 0.153717 0.467206 0.32073 0.695918 0.399007 0.196653 0.931278 0.389848 0.913112 0.605653 0.825165 0.217726 0.449871 0.111345 0.0681049 0.792211 0.74602 0.63529 0.420936 0.886938 0.373313 0.55997 0.285316 0.812735 0.999292 0.812704 0.0243124 0.994913 0.0787551 0.730191 0.417083 0.725609 0.0453797 0.40195 0.449609 0.801581 0.922131 0.33083 0.787307 0.691582 0.871222 0.27574 0.259546 0.672405 0.78791 0.225228 0.00237166 0.192537 0.412191 0.575949 0.387498 0.564252 0.994414 0.887046 0.682392 0.65027 0.636302 0.362488 0.691719 0.597806 0.294254 0.647211 0.187064 0.507034 0.502872 0.239616 0.999482 0.949252 0.182772 0.0612156 0.165767 0.956015 0.130832 0.114471 0.0907765 0.809171 0.398051 0.93464 0.566534 0.648114 0.624294 0.635628 0.382893 0.785822 0.14926 0.914711 0.937875 0.1618 0.275749 0.878008 0.701338 0.0978879 0.0288785 0.653101 0.0557903 0.108706 0.200924 0.966407 0.588348 0.687854 0.376371 0.940953 0.284239 0.066154 0.236012 0.899502 0.161706 0.4424 0.828552 0.47678 0.170103 0.452442 0.362739 0.443049 0.941555 0.873478 0.825297 0.503049 0.468374 0.685245 0.493522 0.5572 0.562728 0.144035 0.115303 0.106564 0.188444 0.155212 0.37839 0.81309 0.107112 0.923555 0.973323 0.167015 0.907941 0.0825704 0.956807 0.304936 0.1536 0.00231895 0.818084 0.121591 0.143433 0.613786 0.282379 0.184207 0.703931
0.607146 0.241771 0.442587 0.342337 0.187069 0.66638 0.472593 0.803847 0.838446 0.317972 0.659147 0.385046 0.844892 0.866648 0.172516 0.289835 0.815975 0.628731 0.0348447 0.481596 0.906247 0.949085 0.87414 0.0975483 0.437958 0.62078 0.840464 0.36146 0.670687 0.628135 0.949403 0.441764 0.234844 0.218365 0.819012 0.459951 0.827367 0.0879739 0.493879 0.672622 0.408262 0.566982 0.308678 0.212654 0.68338 0.440574 0.419692 0.237351 0.90733 0.516331 0.0695024 0.34242 0.0731314 0.19918 0.894311 0.68831 0.55551 0.355915 0.969147 0.604803 0.724473 0.0710399 0.81025 0.510816 0.615209 0.879078 0.606098 0.143984 0.467698 0.111633 0.953794 0.928481 0.122313 0.588419 0.141937 0.699003 0.494592 0.442194 0.347219 0.134045 0.742467 0.151389 0.712585 0.409942 0.721073 0.802057 0.562084 0.667369 0.429226 0.608643 0.876916 0.946031 0.686833 0.576883 0.196912 0.72653 0.00508111 0.26704 0.558985 0.984565 0.326082 0.0999624 0.657942 0.114295 0.941299 0.483977 0.0853717 0.360771 0.843225 0.712029 0.595058 0.472333 0.653505 0.984747 0.408045 0.48128 0.406838 0.348539 0.426562 0.831354 0.982895 0.00544599 0.589435 0.71872 0.734537 0.664009 0.0306523 0.696598 0.812006 0.554116 0.869364 0.315364 0.922696 0.625878 0.540624 0.850409 0.843181 0.693816 0.926167 0.990651 0.648962 0.136561 0.83247 0.0548564 0.363148 0.1966 0.0101116 0.244427 0.451523 0.771059 0.834137 0.700087 0.240387 0.236971 0.325721 0.991043 0.762555 0.886353 0.746419 0.577699 0.468418 0.9657 0.860304 0.37082 0.722583 0.624788 0.943937 0.87053 0.187863 0.907364 0.859022 0.989222 0.423686 0.678688 0.63995 0.876452 0.844617 0.873186 0.118137 0.549441 0.650094 0.945202 0.624156 0.502543 0.624727 0.00494988 0.155179 0.984915 0.498292 0.0100044 0.992342 0.0850225 0.841722 0.646082 0.652766 0.504447 0.331934 0.654951 0.461614 0.104187
0.409772 0.217021 0.118899 0.584447 0.690941 0.991718 0.685839 0.774758 0.939892 0.479174 0.233117 0.903856 0.684969 0.488992 0.636003 0.109545 0.967498 0.245144 0.724828 0.781492 0.781316 0.597222 0.624483 0.453801 0.672817 0.609935 0.156231 0.400855 0.59083 0.177255 0.248223 0.363443 0.521933 0.212766 0.866202 0.657457 0.351905 0.0619452 0.0537609 0.679241 0.349106 0.655108 0.203928 0.238759 0.538399 0.178507 0.363526 0.207611 0.206824 0.029663 0.959769 0.334501 0.311676 0.234716 0.626252 0.0792306 0.927283 0.919179 0.0736135 0.075584 0.672097 0.372042 0.743436 0.123801 0.325064 0.0472386 0.615724 0.423996 0.4149 0.453491 0.190886 0.660575 0.514251 0.137619 0.772885 0.440068 0.726531 0.456623 0.843304 0.423273 0.325481 0.854253 0.408095 0.215839 0.717505 0.215795 0.702257 0.219797 0.190627 0.366099 0.0739421 0.705804 0.240308 0.102663 0.608199 0.527385 0.27847 0.107686 0.50452 0.173395 0.698229 0.209319 0.528123 0.515948 0.191997 0.21092 0.575168 0.337019 0.418066 0.620209 0.832349 0.0329098 0.664432 0.745616 0.15353 0.0584423 0.912937 0.607062 0.695741 0.351177 0.604456 0.721463 0.829428 0.944231 0.47078 0.688822 0.0760494 0.850156 0.993564 0.683882 0.746343 0.649453 0.431594 0.572085 0.896516 0.976805 0.407339 0.682662 0.529338 0.649437 0.953079 0.221099 0.550396 0.441447 0.781187 0.532102 0.707964 0.6297 0.469313 0.800299 0.626639 0.678359 0.0611961 0.776208 0.140878 0.713512 0.0499042 0.136558 0.22005 0.25712 0.0266149 0.0152279 0.304782 0.333538 0.982975 0.222525 0.889579 0.0800317 0.628012 0.462841 0.64041 0.208384 0.477993 0.00415224 0.527786 0.125615 0.556451 0.54583 0.121994 0.209925 0.666634 0.615438 0.947752 0.172534 0.582361 0.519574 0.707809 0.00846582 0.311483 0.266997 0.0882766 0.986458 0.713077 0.293267 0.937354 0.163836 0.344395 0.94418 0.76815 0.812341
0.262388 0.761648 0.338239 0.924452 0.938162 0.279536 0.26681 0.794971 0.115681 0.578734 0.391344 0.798181 0.701575 0.261646 0.427894 0.443752 0.566809 0.36493 0.24423 0.459866 0.070154 0.255251 0.308014 0.747138 0.774601 0.464315 0.637657 0.835391 0.633371 0.914163 0.931746 0.225076 0.464854 0.233403 0.563608 0.217438 0.0182399 0.727259 0.803164 0.728701 0.419782 0.322497 0.0135112 0.883612 0.973032 0.814873 0.710826 0.568344 0.786128 0.0963952 0.854654 0.0941968 0.780602 0.643392 0.872923 0.593021 0.507263 0.178191 0.0741089 0.295676 0.0543381 0.72601 0.499204 0.420591 0.150444 0.0849826 0.196293 0.554625 0.861682 0.726395 0.0748471 0.459043 0.310149 0.76168 0.379334 0.978302 0.429151 0.855336 0.575718 0.106288 0.248606 0.524954 0.39501 0.880065 0.604801 0.806789 0.492214 0.0143473 0.934623 0.308463 0.406574 0.96188 0.0208634 0.676717 0.946921 0.0958707 0.924829 0.84218 0.740019 0.157586 0.894188 0.35565 0.270573 0.297985 0.859646 0.532756 0.782761 0.731917 0.20167 0.59266 0.915653 0.79734 0.493544 0.448939 0.701507 0.871299 0.472506 0.238234 0.8544 0.205635 0.477656 0.510248 0.586974 0.608539 0.727768 0.9892 0.603369 0.945098 0.352914 0.470633 0.302228 0.671972 0.76964 0.555897 0.933207 0.419568 0.849653 0.921241 0.923809 0.35729 0.0539517 0.763079 0.147454 0.180299 0.359784 0.619723 0.728301 0.441781 0.0358086 0.757571 0.530657 0.835813 0.061357 0.49357 0.333842 0.38756 0.0865697 0.459809 0.330947 0.253086 0.0104237 0.366842 0.871092 0.773562 0.309666 0.75732 0.570618 0.437894 0.387372 0.411092 0.481287 0.867368 0.040639 0.57397 0.995192 0.438563 0.951413 0.205973 0.907769 0.171528 0.903988 0.0359907 0.323581 0.149957 0.758259 0.891556 0.300138 0.801229 0.245074 0.967963 0.377791 0.881155 0.401994 0.506772 0.158977 0.792677 0.0550574 0.90424 0.0387686 0.215128
0.176905 0.207374 0.897858 0.884138 0.435179 0.380115 0.201631 0.169723 0.433049 0.0418766 0.48414 0.302305 0.669468 0.0198154 0.18577 0.844606 0.375791 0.815275 0.241634 0.887802 0.897091 0.559218 0.734073 0.0529356 0.0104729 0.729583 0.430567 0.995317 0.426686 0.394256 0.908444 0.807126 0.0335974 0.815775 0.619055 0.387304 0.123809 0.517833 0.318853 0.672559 0.812494 0.941169 0.734735 0.307403 0.0109258 0.439716 0.347323 0.233388 0.493244 0.75836 0.695618 0.785339 0.812477 0.630472 0.119091 0.121134 0.588504 0.86837 0.0872281 0.256362 0.887054 0.342644 0.787153 0.791519 0.451111 0.137763 0.582084 0.0740601 0.837259 0.640636 0.0186289 0.308791 0.824033 0.157749 0.545926 0.405952 0.807544 0.892175 0.913318 0.408871 0.781034 0.563817 0.977076 0.625071 0.639719 0.145354 0.180993 0.474779 0.206039 0.264572 0.497465 0.21384 0.199296 0.601103 0.793004 0.667944 0.204301 0.818327 0.720876 0.432512 0.596086 0.63953 0.788578 0.283754 0.0967516 0.62032 0.854121 0.194066 0.181044 0.698692 0.678827 0.578603 0.689428 0.793704 0.463349 0.558993 0.714564 0.302965 0.239209 0.959413 0.0603269 0.0821674 0.348117 0.145011 0.071617 0.141555 0.101926 0.952982 0.537452 0.0560294 0.281328 0.472955 0.447459 0.410779 0.129829 0.314909 0.968385 0.304671 0.941782 0.48596 0.110741 0.982219 0.517496 0.00968028 0.554114 0.199945 0.792039 0.924289 0.298191 0.423129 0.369107 0.565233 0.195915 0.509428 0.757599 0.866379 0.427412 0.376149 0.501892 0.0850655 0.622515 0.0495953 0.146684 0.510393 0.240858 0.928501 0.512396 0.728229 0.307023 0.878244 0.264827 0.279637 0.797431 0.249971 0.435421 0.298803 0.294313 0.857577 0.986105 0.431564 0.583366 0.00841425 0.357093 0.207386 0.521491 0.75416 0.172838 0.278625 0.162813 0.177381 0.527067 0.260967 0.790937 0.68232 0.894143 0.761644 0.0508367 0.0720565 0.825829 0.00573572
0.324906 0.351582 0.175238 0.670577 0.508031 0.106164 0.192809 0.3016 0.294726 0.951231 0.53176 0.298157 0.46814 0.20493 0.0929069 0.944997 0.108973 0.624888 0.690377 0.956589 0.486306 0.146876 0.508782 0.713348 0.361585 0.995182 0.945215 0.84904 0.381457 0.832673 0.860882 0.341885 0.440898 0.461612 0.548905 0.0441072 0.251897 0.805819 0.303931 0.395619 0.675622 0.996929 0.463063 0.184618 0.606636 0.708527 0.0238808 0.434178 0.514574 0.673775 0.983803 0.565065 0.666295 0.698088 0.938388 0.905886 0.219372 0.132273 0.0847276 0.859691 0.402778 0.000985099 0.872616 0.595627 0.701758 0.127928 0.286124 0.802698 0.515141 0.337013 0.535683 0.202538 0.914215 0.240134 0.148147 0.218645 0.585876 0.97926 0.691318 0.755828 0.226159 0.281727 0.367807 0.30086 0.63374 0.0622969 0.948793 0.620276 0.577121 0.627729 0.0919032 0.628466 0.383702 0.45211 0.567024 0.243794 0.0597959 0.861593 0.46456 0.0379999 0.24098 0.984581 0.018312 0.989686 0.167442 0.551541 0.608276 0.034464 0.802521 0.376602 0.664655 0.175811 0.0246735 0.349971 0.0640367 0.49395 0.0203147 0.611603 0.820312 0.652474 0.799884 0.780118 0.0848969 0.459381 0.171784 0.537663 0.64178 0.337244 0.0142706 0.622233 0.148254 0.868473 0.243221 0.144466 0.263286 0.490749 0.691644 0.928646 0.203941 0.940532 0.429677 0.361787 0.766152 0.29819 0.525059 0.925105 0.0580051 0.752688 0.740299 0.463056 0.407819 0.359749 0.0851985 0.293493 0.0468554 0.0322525 0.628597 0.425585 0.302889 0.71415 0.161891 0.733913 0.404344 0.60271 0.700564 0.996209 0.12059 0.143596 0.269107 0.162559 0.510839 0.271857 0.166951 0.271613 0.800016 0.229299 0.533939 0.0921439 0.380926 0.866199 0.127337 0.415981 0.818694 0.602237 0.887699 0.720891 0.279486 0.274826 0.0295688 0.91518 0.695978 0.814492 0.884642 0.406031 0.427215 0.0959455 0.1986 0.0753154 0.794291 0.0282858
0.125727 0.595071 0.890562 0.744374 0.899389 0.329555 0.961774 0.883775 0.939009 0.00405939 0.108602 0.845035 0.571287 0.607825 0.403448 0.897659 0.254756 0.193204 0.265017 0.54035 0.443063 0.429657 0.890513 0.00668821 0.682735 0.495366 0.320496 0.852072 0.727692 0.696299 0.991226 0.785103 0.993256 0.00257025 0.87941 0.794496 0.3006 0.859259 0.93334 0.586803 0.168611 0.962349 0.932208 0.720217 0.637285 0.843608 0.648804 0.671786 0.303152 0.0879044 0.414636 0.352073 0.526958 0.509998 0.0538974 0.884186 0.620626 0.522944 0.168584 0.796585 0.534209 0.516908 0.198262 0.793455 0.370271 0.5683 0.443834 0.173478 0.187662 0.633245 0.0478931 0.967184 0.644749 0.49287 0.221914 0.363945 0.769395 0.937426 0.444484 0.246857 0.356822 0.845246 0.707091 0.560768 0.955165 0.464018 0.520363 0.464458 0.127542 0.863212 0.799747 0.278409 0.0588941 0.819886 0.308237 0.588409 0.487673 0.0331339 0.741087 0.296293 0.61313 0.532068 0.240902 0.341948 0.81302 0.0427638 0.590058 0.194214 0.907067 0.116614 0.172546 0.848042 0.252482 0.0218571 0.371985 0.0638891 0.24165 0.56331 0.310019 0.747824 0.526761 0.494326 0.290393 0.167781 0.483315 0.34705 0.475494 0.998043 0.987008 0.782279 0.954403 0.93035 0.021043 0.114263 0.707262 0.283869 0.749093 0.493101 0.149325 0.714531 0.773292 0.85683 0.303758 0.100939 0.995105 0.32655 0.465976 0.453158 0.25544 0.882648 0.756997 0.952245 0.583596 0.658039 0.817423 0.455711 0.0922509 0.621028 0.257638 0.275342 0.131854 0.469732 0.669931 0.661414 0.729781 0.851481 0.430242 0.568495 0.194493 0.717746 0.540129 0.452302 0.633388 0.886944 0.714631 0.195759 0.956937 0.256641 0.930399 0.91357 0.165964 0.95677 0.760725 0.00842215 0.554982 0.82886 0.950573 0.264686 0.826089 0.30223 0.89134 0.530423 0.176543 0.798534 0.122812 0.213026 0.844714 0.0917287 0.227486 0.18922
0.236341 0.390222 0.320619 0.701635 0.423024 0.573745 0.917485 0.285884 0.552801 0.217581 0.371809 0.939218 0.367545 0.60863 0.732257 0.15452 0.330877 0.5323 0.129937 0.781794 0.167307 0.872942 0.132344 0.903552 0.850608 0.0314295 0.680026 0.36007 0.344463 0.998845 0.205079 0.842521 0.899285 0.43631 0.681857 0.0410387 0.233828 0.770025 0.15011 0.0869528 0.148117 0.095947 0.662609 0.355894 0.765107 0.790773 0.0806186 0.548737 0.926493 0.276423 0.267698 0.0640949 0.127704 0.44313 0.765577 0.855601 0.195372 0.645827 0.465212 0.068814 0.706183 0.523452 0.46594 0.0575556 0.999751 0.619596 0.591187 0.974158 0.612304 0.794162 0.618021 0.593574 0.798371 0.892281 0.51664 0.32482 0.660395 0.560196 0.623263 0.398164 0.0225816 0.689299 0.722721 0.590007 0.729677 0.721234 0.623719 0.0394887 0.570535 0.112283 0.483669 0.244632 0.244585 0.979119 0.849213 0.662494 0.826211 0.378324 0.42124 0.639649 0.141194 0.388375 0.446902 0.423509 0.844066 0.534262 0.83338 0.717116 0.421258 0.762044 0.74897 0.0629331 0.470661 0.533018 0.341621 0.10024 0.603342 0.181005 0.523409 0.28485 0.306482 0.0448531 0.337818 0.812528 0.552359 0.219231 0.607832 0.220968 0.123007 0.773812 0.11629 0.504854 0.0745329 0.476614 0.0872781 0.361884 0.742578 0.56641 0.404909 0.690276 0.719392 0.144402 0.869403 0.381524 0.0327496 0.218394 0.948675 0.361973 0.735343 0.502956 0.109585 0.828276 0.951881 0.723592 0.807664 0.710608 0.116195 0.220547 0.218584 0.966087 0.467205 0.32948 0.657028 0.443815 0.162761 0.0412378 0.941909 0.779735 0.909719 0.512038 0.544671 0.270711 0.970605 0.0690208 0.952706 0.725305 0.335349 0.924286 0.30273 0.186215 0.787682 0.351827 0.554557 0.592638 0.453744 0.203789 0.856547 0.122612 0.751097 0.355608 0.225282 0.324315 0.16749 0.0105091 0.239257 0.954128 0.178501 0.071891 0.332112 0.843002
0.293422 0.321025 0.816479 0.0901013 0.568665 0.958311 0.79315 0.570479 0.976057 0.26417 0.93594 0.899217 0.935044 0.689879 0.567459 0.621111 0.3274 0.752788 0.513417 0.284101 0.137487 0.575277 0.345993 0.515746 0.0868159 0.144822 0.574457 0.605654 0.836003 0.479934 0.976191 0.821196 0.291637 0.194243 0.552371 0.320403 0.00461011 0.279247 0.780984 0.480881 0.0381047 0.2834 0.246656 0.945328 0.879474 0.557996 0.309367 0.541964 0.440301 0.224715 0.295338 0.164472 0.677921 0.32484 0.0358035 0.861236 0.739321 0.659164 0.939573 0.886666 0.237592 0.544479 0.503086 0.829031 0.189877 0.0741249 0.665614 0.415989 0.287848 0.737882 0.297505 0.871729 0.643364 0.589793 0.576761 0.379556 0.465222 0.167226 0.398743 0.418218 0.548777 0.916206 0.0857188 0.714799 0.0479425 0.739386 0.11684 0.400663 0.303313 0.148491 0.588912 0.0494134 0.852415 0.478185 0.455715 0.200549 0.611648 0.665662 0.632369 0.958895 0.609962 0.310103 0.000652481 0.0836815 0.265872 0.678907 0.163361 0.155077 0.90165 0.0456957 0.327753 0.177755 0.883331 0.614817 0.649782 0.539234 0.998156 0.683052 0.129569 0.921796 0.443728 0.136817 0.812586 0.106111 0.781702 0.926557 0.884087 0.391561 0.180958 0.622405 0.198031 0.903388 0.612136 0.245529 0.883053 0.952339 0.116722 0.497355 0.988144 0.829105 0.663433 0.375368 0.607896 0.171866 0.0619541 0.219466 0.896977 0.0997964 0.0951481 0.555142 0.282544 0.144316 0.282642 0.388509 0.448965 0.197649 0.905333 0.135571 0.740529 0.169738 0.562547 0.18805 0.776461 0.670624 0.899587 0.804035 0.474836 0.937872 0.536089 0.411054 0.866576 0.389345 0.211763 0.272194 0.142467 0.713033 0.0837375 0.843568 0.107378 0.62063 0.823053 0.25819 0.924334 0.906761 0.119841 0.462447 0.192223 0.124927 0.885804 0.243993 0.913853 0.6656 0.284654 0.562728 0.0629786 0.869588 0.878699 0.562092 0.743739 0.516747
0.563535 0.403785 0.264941 0.917439 0.556727 0.274938 0.832442 0.140693 0.195172 0.764774 0.318761 0.295748 0.771361 0.344646 0.541646 0.959912 0.270554 0.0226319 0.0449096 0.492106 0.278078 0.69149 0.932972 0.0478817 0.365064 0.0377079 0.713255 0.123069 0.237114 0.0242393 0.568505 0.540992 0.643846 0.475129 0.775092 0.504638 0.126528 0.227564 0.746441 0.907019 0.664524 0.293343 0.297466 0.271991 0.0807373 0.555731 0.865538 0.873364 0.145975 0.487172 0.470487 0.540462 0.197992 0.301474 0.923024 0.618824 0.202315 0.313125 0.908424 0.801878 0.48633 0.476358 0.385968 0.841767 0.476557 0.978632 0.153767 0.177058 0.215597 0.0507703 0.613025 0.95415 0.989084 0.1316 0.170403 0.762501 0.0977286 0.119407 0.363886 0.273362 0.386311 0.659634 0.991556 0.792609 0.882858 0.154204 0.905272 0.57873 0.189874 0.550842 0.756858 0.228825 0.444378 0.518914 0.60698 0.266894 0.805578 0.744497 0.27374 0.0858466 0.905779 0.230026 0.679867 0.795445 0.8315 0.227385 0.452828 0.184219 0.9483 0.426488 0.598442 0.365708 0.206032 0.698082 0.337214 0.451143 0.16831 0.346118 0.718247 0.663237 0.638095 0.716098 0.619192 0.829288 0.334898 0.350268 0.219322 0.571739 0.445669 0.588038 0.0898116 0.496083 0.47465 0.712361 0.649662 0.0311204 0.830129 0.856396 0.365277 0.336856 0.0838336 0.765526 0.833566 0.387187 0.541679 0.663937 0.291154 0.591972 0.407644 0.237803 0.436308 0.148833 0.733361 0.85768 0.208238 0.642587 0.249876 0.339072 0.227961 0.749062 0.558775 0.601613 0.414747 0.762024 0.80803 0.098496 0.857288 0.247636 0.0958174 0.892083 0.391982 0.651529 0.592442 0.118924 0.239114 0.605949 0.500935 0.622476 0.840344 0.987136 0.254294 0.868519 0.775723 0.896342 0.938196 0.812156 0.498732 0.223768 0.308857 0.412163 0.0465243 0.335867 0.0736827 0.327133 0.183855 0.616394 0.582417 0.694755 0.0352642 0.378974
0.062008 0.786116 0.344918 0.204433 0.111311 0.349 0.138593 0.219286 0.817811 0.112294 0.0362867 0.290147 0.449258 0.174742 0.444932 0.160855 0.693948 0.513835 0.661594 0.73172 0.339847 0.0695136 0.784332 0.515321 0.672174 0.643526 0.916623 0.281154 0.949007 0.510984 0.836594 0.634737 0.394993 0.2167 0.615813 0.183697 0.947009 0.987644 0.601591 0.0926672 0.239587 0.621367 0.850687 0.100184 0.12557 0.168495 0.741352 0.439302 0.195334 0.0160746 0.678447 0.344723 0.205104 0.390625 0.12683 0.89011 0.554064 0.58722 0.0236382 0.912476 0.908809 0.57372 0.559376 0.515524 0.954983 0.33137 0.105281 0.673741 0.849472 0.255148 0.806926 0.492292 0.335749 0.0810732 0.598964 0.257895 0.560711 0.0665455 0.774529 0.0936137 0.269115 0.899125 0.231016 0.148258 0.45607 0.591909 0.597785 0.311383 0.0119014 0.140729 0.20766 0.894117 0.895493 0.393839 0.69391 0.243349 0.653076 0.138485 0.825915 0.431255 0.00808822 0.478471 0.940976 0.172925 0.723269 0.015833 0.480483 0.111341 0.738338 0.92267 0.925305 0.811986 0.566381 0.311392 0.310181 0.778425 0.761773 0.798789 0.964829 0.019755 0.616675 0.77263 0.338947 0.475651 0.853031 0.185537 0.646133 0.428519 0.976739 0.144463 0.285623 0.934381 0.845132 0.367761 0.207457 0.302311 0.317851 0.958205 0.229336 0.182333 0.286504 0.554429 0.408443 0.342349 0.767152 0.0241924 0.845924 0.0716297 0.571886 0.706536 0.494801 0.254761 0.834239 0.485437 0.371591 0.968957 0.0710605 0.368307 0.509318 0.523929 0.464732 4.28693e-05 0.636266 0.0633692 0.7566 0.887625 0.587977 0.421968 0.663467 0.640619 0.728173 0.895683 0.344483 0.779553 0.461494 0.107925 0.293342 0.702386 0.176116 0.194997 0.86524 0.595283 0.776772 0.825047 0.147981 0.292141 0.606342 0.34453 0.867687 0.556889 0.0246794 0.303405 0.582128 0.0940467 0.613521 0.0604442 0.580528 0.915858 0.077936 0.294325
0.877395 0.248489 0.254741 0.322226 0.493971 0.951726 0.710086 0.89698 0.786193 0.637192 0.478743 0.659551 0.014569 0.483848 0.493665 0.981017 0.541528 0.691553 0.03222 0.856785 0.389023 0.244624 0.81981 0.416097 0.982546 0.910687 0.528461 0.77112 0.775682 0.657819 0.0361443 0.360495 0.419757 0.104381 0.511316 0.147594 0.718762 0.588162 0.531207 0.405952 0.194363 0.860237 0.290252 0.213701 0.515835 0.948451 0.499512 0.806052 0.353198 0.931753 0.999363 0.911096 0.533048 0.377553 0.782787 0.813332 0.187081 0.183988 0.932622 0.589671 0.977721 0.0440544 0.288052 0.614696 0.15203 0.878049 0.693398 0.422994 0.867623 0.0667228 0.490749 0.00727864 0.165922 0.687962 0.074896 0.316723 0.22532 0.999751 0.241552 0.567253 0.253203 0.717357 0.420766 0.968105 0.547533 0.339538 0.550725 0.221529 0.996798 0.0661904 0.168894 0.406856 0.188695 0.483275 0.439996 0.20653 0.681879 0.308917 0.495574 0.928981 0.380717 0.248235 0.305359 0.375264 0.304736 0.526911 0.450432 0.00610308 0.591214 0.304746 0.461527 0.451866 0.827049 0.611557 0.593271 0.936519 0.998092 0.233891 0.926445 0.592722 0.534007 0.159319 0.807479 0.382811 0.918154 0.807045 0.245826 0.408894 0.994168 0.169185 0.833587 0.684559 0.034448 0.995284 0.517322 0.905846 0.629019 0.913564 0.175555 0.571361 0.772455 0.551101 0.617307 0.201564 0.785327 0.662112 0.333045 0.847464 0.497624 0.895415 0.894721 0.352508 0.830788 0.417626 0.460792 0.294572 0.628111 0.608052 0.550359 0.157013 0.631932 0.731326 0.984566 0.19301 0.958346 0.469673 0.248457 0.185411 0.149954 0.795194 0.633027 0.153046 0.0212561 0.613287 0.900945 0.593312 0.694437 0.361116 0.915327 0.824323 0.773032 0.985827 0.986201 0.141953 0.976496 0.815181 0.19709 0.102435 0.623363 0.937976 3.42482e-05 0.623605 0.909558 0.979279 0.229912 0.718867 0.453935 0.457048 0.999603 0.0114547
0.503763 0.652966 0.0634093 0.822494 0.779826 0.655522 0.104982 0.304902 0.78042 0.405373 0.543653 0.00924419 0.776956 0.0615441 0.204898 0.0795834 0.459482 0.673992 0.00415999 0.254333 0.454786 0.556581 0.791925 0.887195 0.153805 0.458284 0.5789 0.789299 0.443855 0.175915 0.746994 0.0553631 0.498931 0.290936 0.470678 0.553361 0.796906 0.521337 0.589339 0.672099 0.881975 0.0761465 0.151443 0.307849 0.832509 0.524206 0.840966 0.345838 0.180496 0.54624 0.897444 0.108385 0.374117 0.456138 0.180637 0.456675 0.429503 0.30832 0.0378275 0.949491 0.640041 0.98997 0.483432 0.19504 0.988981 0.392928 0.312404 0.00166069 0.0722849 0.567295 0.0480593 0.468578 0.652701 0.575061 0.626659 0.120988 0.728611 0.484069 0.516148 0.457451 0.810475 0.237565 0.777156 0.161107 0.868848 0.781578 0.538688 0.843461 0.222444 0.0246819 0.286354 0.43223 0.60624 0.0718752 0.494572 0.927822 0.502933 0.640677 0.643458 0.858744 0.64187 0.563525 0.257651 0.498796 0.534025 0.105617 0.39918 0.765842 0.734422 0.0745148 0.0337765 0.566937 0.413835 0.621885 0.529161 0.763413 0.0577194 0.207184 0.37358 0.567401 0.517023 0.665344 0.935767 0.827858 0.840132 0.607109 0.391778 0.592061 0.619935 0.592967 0.152496 0.603965 0.748554 0.770178 0.464874 0.391839 0.85776 0.670716 0.870846 0.837932 0.683667 0.940352 0.54501 0.0112764 0.287588 0.501776 0.867233 0.552598 0.39885 0.265607 0.339733 0.422745 0.488182 0.197572 0.0230492 0.0905235 0.522084 0.722186 0.0285625 0.936805 0.121779 0.400439 0.595544 0.552061 0.305532 0.720072 0.117313 0.274227 0.557278 0.482443 0.224807 0.206204 0.961487 0.707797 0.121621 0.428054 0.803289 0.769821 0.419053 0.890597 0.352762 0.464013 0.0446852 0.573319 0.0982999 0.8272 0.956658 0.948265 0.433911 0.461192 0.11771 0.70356 0.913313 0.149854 0.366709 0.678069 0.904475 0.208418 0.936862 0.0179614
0.0319181 0.962103 0.256105 0.254462 0.447804 0.783631 0.672969 0.924341 0.14953 0.808805 0.345649 0.377945 0.849197 0.782859 0.495432 0.459162 0.160846 0.110907 0.111954 0.888848 0.350325 0.730735 0.934035 0.634606 0.648931 0.531847 0.557338 0.0485511 0.0467827 0.707089 0.833407 0.0712892 0.733613 0.021447 0.71926 0.694606 0.915661 0.411414 0.424754 0.0944712 0.771378 0.744535 0.783177 0.705176 0.786677 0.169964 0.799875 0.0173461 0.225249 0.288729 0.254878 0.613699 0.0820224 0.407441 0.029894 0.986833 0.806966 0.123885 0.0288336 0.980965 0.672453 0.874422 0.443839 0.593303 0.642512 0.855035 0.796047 0.0823784 0.951289 0.0277436 0.259486 0.204798 0.739986 0.892943 0.70355 0.864436 0.969424 0.612066 0.706943 0.112505 0.512865 0.264825 0.640485 0.628348 0.473249 0.463323 0.569296 0.723976 0.916567 0.457963 0.361343 0.340633 0.525713 0.615595 0.784393 0.427024 0.361898 0.279669 0.356548 0.744725 0.981079 0.85689 0.932461 0.801436 0.283503 0.738959 0.436512 0.622591 0.508884 0.628211 0.602979 0.66907 0.787141 0.17759 0.140091 0.835787 0.49987 0.735234 0.954759 0.131671 0.262171 0.419739 0.932908 0.0861022 0.624636 0.139766 0.695734 0.693467 0.194087 0.848109 0.200884 0.440678 0.212057 0.203137 0.0210434 0.931687 0.878884 0.26706 0.555037 0.156669 0.744592 0.357418 0.480263 0.704462 0.456166 0.00473617 0.493269 0.777622 0.929754 0.497841 0.204509 0.411597 0.585969 0.876496 0.74884 0.731841 0.287936 0.807204 0.741961 0.302824 0.706379 0.495118 0.963309 0.805159 0.447002 0.548155 0.561466 0.731198 0.266042 0.617311 0.233201 0.916946 0.567543 0.0216034 0.397484 0.608003 0.147475 0.393952 0.371707 0.208572 0.0715639 0.122394 0.584175 0.00728009 0.236496 0.553264 0.30603 0.402147 0.860978 0.00988169 0.390528 0.121608 0.78069 0.72653 0.989689 0.453952 0.843258 0.718275 0.879426 0.507928
0.0855434 0.734735 0.334296 0.866925 0.273432 0.252894 0.301939 0.977366 0.168711 0.407207 0.38052 0.148731 0.333737 0.759397 0.983855 0.7028 0.535187 0.99566 0.589766 0.616386 0.43436 0.134751 0.312522 0.356623 0.192923 0.544694 0.955336 0.481917 0.836265 0.695055 0.397273 0.718286 0.395406 0.69991 0.236755 0.734262 0.353859 0.843574 0.336387 0.109868 0.838995 0.975066 0.210495 0.299654 0.0565617 0.725303 0.280685 0.199374 0.153595 0.315107 0.859014 0.924759 0.121462 0.105605 0.976214 0.270889 0.511455 0.237433 0.630712 0.167263 0.92239 0.92543 0.557452 0.26325 0.778375 0.617995 0.455137 0.260712 0.446672 0.619811 0.739035 0.725127 0.929507 0.10184 0.99852 0.661368 0.682978 0.605091 0.493423 0.669886 0.0260116 0.00474774 0.0886705 0.703514 0.688565 0.976924 0.0775733 0.411549 0.99856 0.483716 0.0770227 0.900738 0.157715 0.883048 0.00611822 0.738908 0.667424 0.759774 0.142613 0.88006 0.179099 0.856289 0.122165 0.753316 0.0720641 0.680113 0.912576 0.994016 0.814169 0.0272505 0.947441 0.619999 0.0948286 0.298311 0.553733 0.957716 0.626181 0.647045 0.224433 0.54199 0.938082 0.261285 0.162811 0.5099 0.870092 0.238469 0.848603 0.517429 0.158618 0.107502 0.978089 0.838061 0.520277 0.877347 0.887238 0.584673 0.760585 0.814974 0.566632 0.844531 0.99047 0.682972 0.1617 0.209035 0.794942 0.0801819 0.543802 0.641678 0.841387 0.904066 0.501379 0.371894 0.101289 0.556236 0.784241 0.982253 0.273924 0.966446 0.917378 0.784746 0.136644 0.554829 0.85601 0.627783 0.985021 0.23857 0.798045 0.13137 0.215232 0.900123 0.156254 0.0785298 0.592387 0.491124 0.156185 0.844927 0.1779 0.138343 0.231715 0.37536 0.302707 0.747513 0.165109 0.0277783 0.151394 0.899289 0.415333 0.0142132 0.315504 0.479305 0.617221 0.766442 0.0269579 0.79417 0.623967 0.0952881 0.876237 0.551284 0.520998 0.10555
0.556076 0.275342 0.76451 0.0235214 0.074818 0.348046 0.884268 0.788018 0.194944 0.193751 0.29369 0.837287 0.0309157 0.773622 0.842125 0.928543 0.162129 0.582107 0.31133 0.330699 0.134228 0.146783 0.351576 0.618215 0.196191 0.393125 0.435349 0.584632 0.41411 0.303912 0.987886 0.604551 0.532187 0.958841 0.707197 0.490029 0.873342 0.00483134 0.445159 0.281829 0.240801 0.509969 0.974972 0.404472 0.957975 0.375972 0.258381 0.89437 0.0719035 0.816462 0.252228 0.828415 0.984535 0.492567 0.419375 0.00120409 0.289507 0.694566 0.583542 0.281274 0.662988 0.68737 0.970828 0.651196 0.84838 0.991657 0.303266 0.630864 0.863139 0.582058 0.812649 0.931298 0.702998 0.865596 0.38842 0.581472 0.663764 0.80158 0.150377 0.0243374 0.680723 0.163808 0.39502 0.102145 0.177002 0.768182 0.471768 0.115128 0.26829 0.667897 0.595982 0.48521 0.498037 0.294318 0.771665 0.266629 0.113469 0.148235 0.0184865 0.403566 0.648822 0.678551 0.858216 0.32782 0.369897 0.683848 0.102104 0.0490847 0.616345 0.371129 0.890884 0.564728 0.22193 0.466627 0.119197 0.86234 0.955261 0.951854 0.377613 0.110059 0.613994 0.649509 0.26362 0.698173 0.783028 0.366666 0.753804 0.661476 0.455765 0.31268 0.792062 0.242948 0.0832004 0.769072 0.790884 0.507108 0.289757 0.159565 0.487558 0.622111 0.991236 0.399851 0.240047 0.330171 0.19568 0.294032 0.573357 0.0734327 0.692001 0.876599 0.231723 0.216395 0.238373 0.477269 0.246111 0.224692 0.503721 0.329198 0.718748 0.615467 0.0880427 0.698326 0.948766 0.198737 0.753362 0.145555 0.281709 0.787684 0.0875215 0.984987 0.808101 0.117476 0.031657 0.911561 0.522914 0.712684 0.821976 0.186603 0.444836 0.154718 0.588086 0.902213 0.0154152 0.406973 0.184578 0.0525446 0.952456 0.462281 0.0744548 0.683653 0.515877 0.428778 0.225184 0.0171465 0.966707 0.515328 0.821238 0.593986 0.684503 0.943549
0.590497 0.0429002 0.542278 0.354694 0.0936642 0.703146 0.931198 0.346926 0.950351 0.728421 0.366506 0.707906 0.277517 0.0424495 0.254381 0.848735 0.345757 0.12408 0.333553 0.00524319 0.259409 0.80283 0.493798 0.444604 0.0545708 0.527365 0.299397 0.135998 0.712721 0.196498 0.604044 0.857019 0.132526 0.38463 0.0329162 0.424199 0.569214 0.159506 0.644063 0.804777 0.0166739 0.688908 0.982153 0.45207 0.104661 0.604722 0.950011 0.032052 0.984565 0.991319 0.274248 0.13521 0.372764 0.713481 0.0670782 0.22742 0.268487 0.987187 0.600955 0.66528 0.0235163 0.655608 0.61661 0.412021 0.173177 0.825101 0.118621 0.316299 0.590274 0.325826 0.851445 0.555533 0.125869 0.707743 0.341554 0.761909 0.657908 0.464669 0.214518 0.254304 0.252027 0.338471 0.776259 0.795592 0.865479 0.0407391 0.165731 0.886095 0.550203 0.41798 0.861426 0.148991 0.525885 0.54643 0.53783 0.0637764 0.0367389 0.107076 0.13804 0.133509 0.455728 0.738778 0.826593 0.522433 0.449326 0.325839 0.954793 0.689636 0.0980586 0.590525 0.595596 0.301983 0.32223 0.562924 0.68433 0.449382 0.165799 0.35046 0.218513 0.745432 0.484347 0.405956 0.54063 0.770578 0.726793 0.868599 0.59581 0.0247183 0.976792 0.728695 0.445462 0.052163 0.671978 0.170512 0.880665 0.652192 0.0181193 0.335089 0.959249 0.156898 0.623495 0.23366 0.538834 0.813227 0.67295 0.22466 0.721368 0.0553791 0.726674 0.205741 0.298257 0.972792 0.567613 0.0974728 0.467161 0.737452 0.668645 0.746162 0.816272 0.331855 0.698485 0.534105 0.936029 0.33369 0.114714 0.988789 0.961088 0.836009 0.262687 0.875944 0.426117 0.713008 0.00946309 0.772899 0.999677 0.94051 0.588769 0.980994 0.116758 0.881826 0.657784 0.990202 0.53524 0.220629 0.301274 0.546723 0.165196 0.37256 0.186431 0.962492 0.678736 0.263588 0.784514 0.960239 0.222053 0.764291 0.665169 0.44362 0.260912 0.92649
0.953568 0.800049 0.398957 0.937284 0.942197 0.568492 0.607635 0.707915 0.902657 0.565267 0.886736 0.80721 0.581082 0.989155 0.439448 0.560388 0.559342 0.827718 0.619551 0.386211 0.262086 0.320848 0.276002 0.230504 0.749425 0.851438 0.841958 0.863533 0.151587 0.735722 0.15748 0.400611 0.413765 0.103457 0.155703 0.155775 0.470464 0.180251 0.516246 0.972614 0.460416 0.86343 0.195797 0.674715 0.265799 0.333536 0.332873 0.105017 0.188471 0.950776 0.740704 0.318407 0.547599 0.356895 0.845529 0.150503 0.433834 0.472106 0.45472 0.433486 0.50225 0.774689 0.367006 0.543026 0.108431 0.497136 0.624179 0.400494 0.804628 0.378228 0.926691 0.85838 0.294133 0.510615 0.733626 0.453379 0.950679 0.646078 0.99092 0.798522 0.134595 0.904662 0.718048 0.284065 0.127712 0.818861 0.049891 0.364618 0.0327796 0.525792 0.604321 0.866312 0.0484361 0.517362 0.853415 0.926216 0.0315904 0.534829 0.399369 0.788547 0.110622 0.87706 0.0944083 0.662327 0.94762 0.529889 0.0910467 0.617188 0.711401 0.261585 0.948862 0.0853657 0.443516 0.150826 0.281676 0.314219 0.95852 0.91134 0.811041 0.521354 0.829082 0.77357 0.702209 0.614086 0.863309 0.0524604 0.138318 0.507058 0.34466 0.152959 0.560936 0.161976 0.746542 0.930364 0.648627 0.0817603 0.726482 0.566485 0.0708792 0.0885809 0.806007 0.459307 0.863159 0.0358709 0.169766 0.220576 0.240993 0.0289944 0.35558 0.421556 0.927019 0.544705 0.827858 0.0763926 0.0992469 0.588854 0.615672 0.61201 0.442891 0.0178243 0.889 0.993718 0.238497 0.682351 0.902205 0.926732 0.433936 0.743048 0.413904 0.436429 0.182302 0.113511 0.230829 0.660222 0.116879 0.681194 0.618575 0.682932 0.667832 0.17022 0.0233026 0.447369 0.572108 0.687367 0.0258696 0.255315 0.0294906 0.28177 0.408395 0.0669216 0.207488 0.8779 0.00205179 0.273292 0.94146 0.0475358 0.373017 0.0659179 0.301187 0.118336
0.716799 0.10627 0.469859 0.829438 0.722012 0.607794 0.106986 0.302712 0.316286 0.906623 0.858163 0.0435437 0.611514 0.818195 0.771782 0.905028 0.135351 0.157273 0.663718 0.709865 0.926386 0.409983 0.63041 0.885638 0.308165 0.449414 0.202398 0.472236 0.568269 0.759131 0.105424 0.0531822 0.752222 0.455013 0.206541 0.268831 0.221919 0.265777 0.738544 0.580552 0.572348 0.252741 0.085557 0.557356 0.203083 0.490553 0.726668 0.241957 0.96858 0.974616 0.58134 0.764009 0.266314 0.429828 0.779299 0.93907 0.958975 0.68977 0.650322 0.495782 0.409059 0.700766 0.285538 0.957362 0.120836 0.129248 0.476634 0.105846 0.0510739 0.724781 0.0427223 0.685879 0.987752 0.0431402 0.827093 0.215545 0.00433519 0.621747 0.719701 0.164182 0.427374 0.83553 0.906709 0.373903 0.047499 0.942664 0.567252 0.448537 0.923693 0.670705 0.496403 0.386101 0.435267 0.0454819 0.27679 0.938399 0.270289 0.741891 0.401503 0.945521 0.129784 0.263837 0.455028 0.580262 0.898288 0.386758 0.230203 0.166364 0.894422 0.606859 0.705118 0.544656 0.0484664 0.850717 0.29364 0.399527 0.341604 0.670826 0.449477 0.232423 0.981906 0.884519 0.902271 0.402821 0.115567 0.458947 0.457627 0.789347 0.765091 0.592581 0.568821 0.407325 0.130385 0.940759 0.833296 0.662099 0.136853 0.311416 0.436205 0.891495 0.21503 0.811639 0.536822 0.273141 0.349608 0.952059 0.335141 0.196666 0.0729859 0.552687 0.95781 0.483222 0.928807 0.433897 0.589802 0.49782 0.410517 0.466376 0.995446 0.820321 0.491042 0.9092 0.809359 0.588342 0.468811 0.0460364 0.753525 0.814293 0.660803 0.00552341 0.290097 0.667013 0.338727 0.827912 0.518458 0.166923 0.00502586 0.109385 0.0976849 0.869083 0.964491 0.938632 0.0209198 0.544411 0.031704 0.411305 0.685861 0.745771 0.552629 0.850099 0.35122 0.139087 0.813409 0.413927 0.994119 0.203144 0.982172 0.522889 0.735691 0.321921
0.479972 0.964922 0.0477112 0.878653 0.909679 0.600495 0.243833 0.259363 0.398445 0.418812 0.829533 0.512476 0.43098 0.860214 0.965545 0.99646 0.322971 0.557499 0.230034 0.0491426 0.316298 0.115361 0.416749 0.110721 0.881659 0.518789 0.834365 0.157674 0.0730217 0.156003 0.791601 0.4938 0.716762 0.672555 0.880169 0.868853 0.784954 0.343433 0.318337 0.104178 0.81297 0.772269 0.148448 0.196346 0.486073 0.896607 0.70765 0.406027 0.92719 0.800268 0.0442873 0.783201 0.234516 0.239386 0.0402164 0.577657 0.694072 0.566614 0.973147 0.678833 0.797213 0.49782 0.932684 0.144006 0.170028 0.531883 0.704234 0.744522 0.024302 0.186534 0.916634 0.908038 0.966668 0.330366 0.236907 0.78423 0.86749 0.700064 0.669855 0.415432 0.721551 0.650106 0.611567 0.395272 0.802116 0.849216 0.0490769 0.254369 0.583051 0.392146 0.00857091 0.327915 0.600183 0.349124 0.765734 0.100212 0.182467 0.0343834 0.864161 0.391992 0.777031 0.364991 0.0339985 0.265494 0.856539 0.378651 0.948117 0.265521 0.0832304 0.940709 0.699691 0.404761 0.561886 0.553436 0.577749 0.34088 0.835991 0.891756 0.263562 0.603179 0.821751 0.173234 0.774483 0.341061 0.681942 0.166933 0.222936 0.788829 0.46306 0.132568 0.666548 0.0322991 0.817055 0.645971 0.820962 0.442151 0.839488 0.191387 0.118963 0.0309558 0.563773 0.31599 0.118383 0.467415 0.661371 0.960761 0.0977666 0.886078 0.909456 0.628665 0.964799 0.659241 0.58611 0.430746 0.409553 0.290316 0.895528 0.395532 0.925565 0.41188 0.516892 0.411905 0.112956 0.9281 0.406383 0.82209 0.0319367 0.638642 0.935343 0.672182 0.312619 0.818228 0.907119 0.139777 0.254495 0.109285 0.564581 0.583098 0.656912 0.544319 0.672462 0.802466 0.213459 0.859434 0.592794 0.885039 0.801757 0.0800983 0.441985 0.579545 0.726787 0.548917 0.849877 0.713189 0.584009 0.0863304 0.699355 0.547651 0.626954 0.107566
0.506409 0.38314 0.104042 0.673047 0.626174 0.0592563 0.272897 0.323333 0.90451 0.499021 0.993619 0.284816 0.0521577 0.614806 0.759672 0.735797 0.582662 0.866076 0.561619 0.91206 0.175024 0.753422 0.660282 0.721136 0.836909 0.0707591 0.681163 0.0261955 0.500629 0.90672 0.890029 0.251567 0.362121 0.205633 0.138369 0.419916 0.350641 0.933429 0.332776 0.387415 0.0860411 0.584687 0.612437 0.0103634 0.932102 0.00129853 0.791586 0.575315 0.990258 0.802994 0.901105 0.194002 0.998628 0.111254 0.0417033 0.659569 0.317419 0.397509 0.0350776 0.0905048 0.2211 0.895296 0.915315 0.156022 0.146577 0.615491 0.07624 0.127315 0.585787 0.38393 0.209492 0.614183 0.724336 0.732661 0.958772 0.228491 0.122917 0.945999 0.620826 0.203358 0.928604 0.424804 0.15177 0.0438617 0.360669 0.995203 0.893061 0.504096 0.503707 0.936576 0.265326 0.867421 0.81357 0.00824312 0.37607 0.668694 0.294148 0.84603 0.48944 0.165475 0.300672 0.784041 0.903121 0.790172 0.736737 0.694689 0.628531 0.204492 0.899067 0.243735 0.227279 0.158508 0.17151 0.523541 0.628796 0.476492 0.926176 0.837773 0.224493 0.51706 0.339314 0.712381 0.497152 0.161379 0.590861 0.550214 0.814521 0.131327 0.879139 0.689619 0.522862 0.0729275 0.145204 0.892691 0.156053 0.648231 0.815582 0.476603 0.593172 0.805884 0.854375 0.573874 0.902425 0.895623 0.969558 0.930158 0.945215 0.0969214 0.546276 0.89892 0.78035 0.839962 0.256765 0.132895 0.889484 0.799537 0.856625 0.984668 0.217252 0.370286 0.419512 0.93543 0.0548905 0.537085 0.307384 0.283557 0.839075 0.917271 0.168482 0.629902 0.840524 0.497214 0.518589 0.611191 0.537324 0.942128 0.214116 0.30329 0.125924 0.130429 0.227127 0.129353 0.6926 0.370786 0.667522 0.147915 0.752349 0.985114 0.62774 0.819994 0.677761 0.562289 0.949356 0.768096 0.00918774 0.340603 0.495333 0.727867 0.143129 0.902868
0.72174 0.594298 0.227192 0.592774 0.254184 0.856099 0.883785 0.670034 0.953886 0.698352 0.342724 0.512546 0.444274 0.143381 0.836219 0.813695 0.146323 0.0536945 0.608431 0.993505 0.426794 0.127645 0.0798808 0.152246 0.261803 0.541019 0.767853 0.666682 0.342692 0.495844 0.287793 0.382848 0.389164 0.765008 0.845543 0.632557 0.0728852 0.760256 0.626045 0.794552 0.649489 0.67669 0.793985 0.847785 0.72184 0.816026 0.576422 0.015479 0.0939486 0.853333 0.33233 0.202973 0.218891 0.684135 0.714182 0.717488 0.851085 0.216913 0.32296 0.41311 0.0172522 0.171019 0.453664 0.487329 0.805116 0.29064 0.276468 0.615236 0.858622 0.473464 0.00916046 0.534395 0.912383 0.790116 0.76865 0.260577 0.993406 0.434379 0.583935 0.953625 0.104103 0.292847 0.489006 0.677264 0.489334 0.911583 0.230082 0.378545 0.0560975 0.701545 0.414786 0.0532196 0.534855 0.368145 0.442623 0.764753 0.193947 0.332587 0.492329 0.80288 0.810062 0.604977 0.273305 0.84544 0.292779 0.429666 0.84088 0.12619 0.913163 0.888144 0.0165377 0.699554 0.408479 0.887339 0.744768 0.736576 0.719888 0.5279 0.0240289 0.724991 0.234326 0.771258 0.120079 0.850361 0.470507 0.820926 0.110254 0.14399 0.288177 0.454624 0.585678 0.56171 0.422105 0.734066 0.0478932 0.726848 0.956858 0.629824 0.0697562 0.706965 0.295939 0.978401 0.973852 0.386048 0.388185 0.606953 0.881066 0.343108 0.129464 0.463968 0.559437 0.271078 0.192081 0.273141 0.429074 0.578394 0.559574 0.223817 0.917698 0.15359 0.817586 0.974891 0.99401 0.192784 0.0662932 0.18945 0.500284 0.849071 0.799921 0.697353 0.136162 0.248494 0.32103 0.400123 0.972495 0.0150538 0.666475 0.692071 0.804199 0.717301 0.0327713 0.456641 0.986456 0.760341 0.515942 0.823665 0.442184 0.417402 0.722996 0.255281 0.433877 0.392516 0.642775 0.192946 0.778729 0.519999 0.964955 0.1368 0.188147 0.954177
0.251504 0.242703 0.733193 0.809457 0.7239 0.730129 0.0970792 0.0287626 0.702333 0.0300535 0.89605 0.11144 0.287208 0.439723 0.325551 0.093614 0.196735 0.0330681 0.12917 0.670925 0.55062 0.177582 0.903224 0.231726 0.323489 0.7367 0.553415 0.456717 0.804305 0.76373 0.0054257 0.803529 0.251201 0.497298 0.273689 0.407104 0.765641 0.0933952 0.835478 0.489387 0.110904 0.418742 0.894575 0.325944 0.569367 0.203815 0.769224 0.58501 0.584643 0.188384 0.521045 0.76484 0.465929 0.107128 0.476401 0.0124288 0.0623217 0.957207 0.329709 0.871478 0.930741 0.649575 0.493626 0.0360714 0.393167 0.129878 0.0026488 0.90691 0.661355 0.524016 0.382977 0.190478 0.559052 0.137643 0.707434 0.00589769 0.142966 0.0731962 0.569163 0.0565948 0.546941 0.309529 0.947515 0.724707 0.61155 0.63599 0.679475 0.492292 0.202887 0.586714 0.223503 0.0573849 0.0742447 0.195586 0.474859 0.67816 0.6514 0.454318 0.0750252 0.370939 0.18996 0.140488 0.586646 0.159517 0.117205 0.881648 0.516478 0.458847 0.132852 0.0936207 0.0426764 0.197541 0.449969 0.853187 0.280408 0.667319 0.222188 0.930406 0.569521 0.801037 0.959228 0.433376 0.698223 0.332084 0.228855 0.905726 0.488827 0.755276 0.839811 0.795254 0.625356 0.306895 0.171444 0.727762 0.0464085 0.145821 0.601158 0.619704 0.670911 0.955664 0.11482 0.943268 0.435827 0.566209 0.0296064 0.836069 0.815961 0.240444 0.509487 0.364915 0.347534 0.386985 0.707504 0.181717 0.265471 0.499689 0.0154523 0.116506 0.675271 0.735096 0.580787 0.0203432 0.197378 0.417034 0.218096 0.679237 0.442137 0.992561 0.660785 0.319214 0.541933 0.196099 0.281642 0.891946 0.729785 0.931994 0.820125 0.52126 0.0079871 0.302917 0.982095 0.591206 0.308078 0.81666 0.768654 0.307241 0.726347 0.544517 0.400625 0.036439 0.472929 0.811913 0.227521 0.408842 0.684 0.6447 0.000253293 0.11235 0.749274 0.811854
0.258424 0.363484 0.756307 0.967068 0.68602 0.335116 0.841917 0.543198 0.694637 0.817316 0.984809 0.137404 0.710734 0.239633 0.2173 0.930969 0.138839 0.509011 0.45947 0.0488347 0.562584 0.0438451 0.729009 0.241682 0.833369 0.253069 0.576451 0.320155 0.0283145 0.119424 0.733199 0.70162 0.414928 0.916618 0.688793 0.25212 0.783345 0.681503 0.13138 0.0312192 0.8411 0.78371 0.274626 0.725971 0.998387 0.552626 0.188027 0.750066 0.458121 0.328714 0.507555 0.788617 0.876918 0.380085 0.842379 0.997166 0.710751 0.754668 0.381203 0.813655 0.936822 0.871254 0.209885 0.228395 0.429653 0.915856 0.454036 0.549695 0.148505 0.00218586 0.123709 0.480084 0.689134 0.25514 0.417485 0.83054 0.228644 0.481707 0.188848 0.394045 0.4183 0.279453 0.75539 0.584799 0.658886 0.434171 0.293504 0.929978 0.109208 0.204106 0.713302 0.835547 0.22998 0.952147 0.673511 0.442576 0.289749 0.187078 0.821122 0.0482466 0.567945 0.0248377 0.0760118 0.536055 0.107351 0.225576 0.368459 0.773753 0.0149722 0.674781 0.803916 0.159771 0.334647 0.0600157 0.376938 0.0368025 0.064738 0.426849 0.638444 0.508958 0.141482 0.483402 0.779174 0.27204 0.280943 0.756094 0.770533 0.478165 0.0108072 0.141488 0.508222 0.141184 0.304669 0.907121 0.760257 0.853557 0.444243 0.340011 0.476998 0.645584 0.959437 0.427964 0.115052 0.220754 0.788376 0.395789 0.783341 0.336636 0.997046 0.090753 0.534693 0.481647 0.183425 0.863386 0.0858725 0.869439 0.00781203 0.962465 0.592646 0.352718 0.640688 0.609944 0.271875 0.728092 0.880153 0.123821 0.680734 0.205112 0.702328 0.536183 0.363911 0.38209 0.164205 0.0605277 0.0620594 0.277378 0.533641 0.762057 0.546988 0.838283 0.334049 0.19782 0.0125212 0.186388 0.571074 0.662594 0.878836 0.932432 0.635235 0.326313 0.348427 0.866592 0.0507636 0.30361 0.379742 0.724842 0.608914 0.996342 0.252038 0.98003
0.720269 0.546919 0.115242 0.588508 0.247451 0.117214 0.368367 0.1349 0.539897 0.609328 0.976414 0.107651 0.161771 0.719456 0.197637 0.381307 0.787564 0.713949 0.314984 0.506313 0.659578 0.558604 0.864461 0.215437 0.740382 0.0823787 0.473946 0.482834 0.720291 0.615129 0.95855 0.202065 0.206317 0.147487 0.68367 0.216417 0.151465 0.17814 0.419894 0.166944 0.913441 0.514202 0.246617 0.13996 0.793016 0.887069 0.84294 0.22396 0.275538 0.680368 0.149748 0.743826 0.125917 0.600716 0.37387 0.951743 0.443439 0.560928 0.167267 0.197903 0.345715 0.470979 0.848017 0.473131 0.531038 0.476421 0.11883 0.557074 0.115819 0.386756 0.943887 0.540991 0.869609 0.668432 0.0154334 0.0897694 0.325046 0.790147 0.381495 0.765091 0.305792 0.874016 0.276101 0.642845 0.167891 0.378011 0.872769 0.190094 0.42635 0.128688 0.669836 0.982891 0.509738 0.998224 0.639725 0.720802 0.467968 0.422541 0.95161 0.521919 0.588907 0.812211 0.838097 0.61333 0.500003 0.0369598 0.0227845 0.268042 0.229543 0.0371426 0.728491 0.586264 0.260942 0.691962 0.196519 0.440431 0.0990363 0.725896 0.560879 0.794057 0.129804 0.138382 0.745596 0.872213 0.369731 0.129801 0.00396061 0.650522 0.910451 0.952066 0.361042 0.771408 0.181668 0.569886 0.230953 0.912538 0.295944 0.253079 0.335599 0.0499005 0.333164 0.0766027 0.958213 0.688041 0.587769 0.0105402 0.873934 0.513233 0.398284 0.0544008 0.884669 0.467941 0.254691 0.638907 0.725829 0.317197 0.565031 0.0323037 0.275682 0.4303 0.102142 0.317061 0.170356 0.242345 0.250373 0.0042728 0.492264 0.586635 0.991848 0.317745 0.220438 0.0493916 0.151924 0.841779 0.543306 0.583 0.836248 0.622873 0.107175 0.181502 0.457549 0.674146 0.604231 0.729116 0.949494 0.145659 0.961477 0.103965 0.518725 0.175987 0.870636 0.935689 0.000935499 0.675548 0.567705 0.237676 0.346988 0.534498 0.778785 0.59952
0.495167 0.0416187 0.692825 0.681955 0.0345055 0.0787958 0.526673 0.624826 0.0777463 0.287998 0.130131 0.822333 0.0239436 0.692515 0.571574 0.895175 0.100283 0.493938 0.399433 0.785166 0.771428 0.438134 0.778321 0.615951 0.0568821 0.0959201 0.867344 0.256913 0.965437 0.879822 0.551587 0.829465 0.148432 0.0389884 0.88695 0.351555 0.966737 0.72535 0.778204 0.143308 0.766873 0.202177 0.63089 0.781552 0.415279 0.486995 0.772518 0.133975 0.705737 0.184219 0.246746 0.322219 0.758707 0.643121 0.935371 0.0358606 0.138 0.472538 0.60084 0.321189 0.949833 0.312016 0.523888 0.218276 0.827095 0.819168 0.0171749 0.246352 0.955953 0.292704 0.607126 0.262466 0.853761 0.596056 0.42074 0.0927499 0.712879 0.893585 0.570147 0.126283 0.303501 0.430958 0.13834 0.83244 0.334448 0.579494 0.984322 0.733732 0.881746 0.302097 0.33976 0.603907 0.32579 0.59294 0.491806 0.701126 0.759548 0.0111651 0.488717 0.225805 0.884514 0.642963 0.611366 0.392906 0.578122 0.807653 0.116607 0.84164 0.748717 0.865322 0.225094 0.436053 0.552227 0.921829 0.395201 0.727551 0.754134 0.805857 0.406494 0.565929 0.204128 0.997397 0.78019 0.211198 0.989625 0.967112 0.172749 0.997055 0.638794 0.992588 0.597027 0.0595737 0.628589 0.328888 0.993483 0.208508 0.703926 0.530789 0.264376 0.41079 0.912806 0.777914 0.0437581 0.183708 0.173528 0.26109 0.163776 0.651546 0.373687 0.654778 0.997779 0.21269 0.607557 0.239 0.193926 0.380154 0.0476153 0.783338 0.0723223 0.446764 0.29274 0.895423 0.0687286 0.373081 0.87279 0.376816 0.949057 0.376639 0.712249 0.159582 0.234927 0.0915567 0.0539226 0.640175 0.462867 0.504399 0.738746 0.921506 0.182211 0.0445302 0.187456 0.219028 0.105408 0.652898 0.0324109 0.257359 0.895179 0.246352 0.656934 0.662646 0.0269596 0.186896 0.600797 0.435116 0.125259 0.861364 0.578348 0.71198 0.808068 0.158655
0.774712 0.0754385 0.198691 0.563574 0.538529 0.780199 0.975534 0.846038 0.849976 0.247893 0.408411 0.337139 0.501497 0.890888 0.631044 0.220252 0.631885 0.0212232 0.307402 0.708955 0.365641 0.313223 0.947949 0.659143 0.647208 0.366788 0.0229367 0.79526 0.829349 0.0785024 0.140769 0.410689 0.184526 0.428966 0.796041 0.701129 0.928836 0.417746 0.872799 0.43282 0.883913 0.368606 0.555015 0.0381265 0.127959 0.0131792 0.286391 0.532337 0.0438233 0.137249 0.595716 0.355044 0.513553 0.413955 0.62265 0.636125 0.43547 0.749214 0.484514 0.570167 0.143444 0.591789 0.44652 0.957932 0.745458 0.283229 0.294088 0.9212 0.638848 0.058607 0.743588 0.137916 0.688445 0.765776 0.748931 0.0155332 0.021081 0.968744 0.867055 0.074411 0.24949 0.722809 0.153146 0.515856 0.756959 0.491286 0.677139 0.396484 0.666882 0.680149 0.0069284 0.296664 0.0470047 0.00166115 0.356564 0.239618 0.604552 0.075855 0.13174 0.829495 0.529296 0.334256 0.710495 0.398948 0.796249 0.979495 0.0154193 0.997157 0.921544 0.475885 0.985643 0.556252 0.626616 0.592616 0.35231 0.649059 0.341164 0.623915 0.774667 0.352023 0.393911 0.396341 0.166614 0.88569 0.357984 0.204658 0.158714 0.241643 0.748328 0.514556 0.461216 0.810097 0.720667 0.698338 0.432914 0.467106 0.690279 0.288329 0.34691 0.0929382 0.228651 0.422436 0.683174 0.413602 0.275392 0.591776 0.874811 0.66743 0.267167 0.33579 0.830599 0.460101 0.238182 0.0645584 0.0134609 0.174311 0.374722 0.756079 0.750289 0.0319472 0.0847423 0.0597178 0.802312 0.198789 0.298408 0.269236 0.470105 0.430385 0.739874 0.971139 0.584798 0.277921 0.221278 0.734885 0.582514 0.381075 0.926425 0.172969 0.508776 0.459292 0.427056 0.25845 0.332346 0.136102 0.575962 0.427178 0.197929 0.914243 0.948048 0.547698 0.465349 0.274425 0.730701 0.218065 0.51937 0.845622 0.569575 0.612881 0.00366776 0.53174
0.526895 0.735387 0.0201852 0.27588 0.078731 0.0310956 0.0885978 0.356372 0.710318 0.421457 0.457941 0.257549 0.385819 0.470553 0.38477 0.625361 0.480188 0.260658 0.961362 0.907377 0.201836 0.282822 0.757024 0.894024 0.167398 0.645707 0.232269 0.550182 0.046159 0.808671 0.487998 0.575405 0.0139908 0.265539 0.0970019 0.544937 0.101806 0.928467 0.971684 0.568094 0.0570035 0.0326385 0.704913 0.358442 0.126107 0.86506 0.402073 0.704563 0.326745 0.667095 0.953111 0.98684 0.605101 0.542792 0.220328 0.0807209 0.513294 0.0677018 0.765198 0.00829064 0.125455 0.620465 0.640228 0.438187 0.184994 0.863164 0.633826 0.0578827 0.884734 0.709488 0.0438917 0.807613 0.959583 0.539064 0.522204 0.533222 0.479804 0.174428 0.755025 0.763427 0.122045 0.383969 0.917898 0.184998 0.141312 0.158901 0.150556 0.281217 0.746908 0.0832267 0.459387 0.125616 0.516149 0.481281 0.514749 0.462052 0.730285 0.330779 0.269233 0.148901 0.211057 0.458284 0.246585 0.165861 0.456313 0.889365 0.668032 0.0474049 0.30752 0.492198 0.970827 0.167524 0.102423 0.540639 0.0924388 0.155395 0.428389 0.731998 0.611401 0.248469 0.10424 0.17705 0.119411 0.56283 0.119597 0.409397 0.406329 0.952418 0.593895 0.693524 0.552117 0.230012 0.49025 0.785098 0.787283 0.259173 0.939308 0.911195 0.866945 0.119046 0.0941139 0.34411 0.869067 0.348971 0.967593 0.238071 0.467505 0.40839 0.385478 0.604511 0.295388 0.870936 0.325016 0.191726 0.495482 0.11335 0.78916 0.235232 0.148586 0.624007 0.958525 0.73875 0.925818 0.452107 0.808197 0.739726 0.0528235 0.770461 0.674813 0.482952 0.753267 0.369284 0.805259 0.972752 0.249072 0.954791 0.514216 0.786782 0.999935 0.744048 0.78462 0.434687 0.104092 0.368334 0.574449 0.995582 0.56759 0.790623 0.0829724 0.685445 0.330657 0.770668 0.0205817 0.325999 0.346199 0.0910323 0.633337 0.293678 0.6329 0.633142
0.441168 0.536809 0.560186 0.491493 0.509463 0.563884 0.522526 0.992199 0.108473 0.479873 0.702984 0.289672 0.090161 0.158124 0.427138 0.227633 0.966562 0.914878 0.266418 0.452528 0.589661 0.565788 0.751685 0.299359 0.325971 0.0608126 0.868625 0.797265 0.384683 0.160481 0.0724028 0.345504 0.425922 0.99219 0.532128 0.262056 0.230957 0.159769 0.995187 0.331586 0.0248845 0.645969 0.707334 0.104023 0.545886 0.299545 0.173522 0.828199 0.424321 0.939672 0.0562577 0.683667 0.0537906 0.976863 0.474048 0.483406 0.902676 0.685319 0.400001 0.233737 0.743123 0.332238 0.00244517 0.697184 0.224636 0.625707 0.422275 0.757176 0.460695 0.0198432 0.546356 0.535849 0.225241 0.79062 0.384222 0.786469 0.144156 0.966459 0.928461 0.493576 0.7876 0.0938462 0.184327 0.604521 0.455524 0.74055 0.778936 0.00384761 0.915374 0.176671 0.0449408 0.51881 0.104348 0.139262 0.655414 0.286684 0.697919 0.584342 0.787982 0.410733 0.259382 0.93111 0.509861 0.494528 0.744578 0.688809 0.942136 0.268202 0.772591 0.697091 0.667523 0.510993 0.391486 0.478464 0.915659 0.0468167 0.432129 0.796235 0.208447 0.996073 0.757506 0.75827 0.991771 0.760184 0.535283 0.452796 0.500724 0.17715 0.72484 0.100099 0.240614 0.79539 0.0477551 0.464485 0.499827 0.753512 0.889814 0.664512 0.762416 0.877016 0.64059 0.7473 0.154878 0.723003 0.67819 0.169138 0.19041 0.178149 0.490762 0.632795 0.806899 0.415143 0.999327 0.988879 0.107533 0.222901 0.702789 0.679744 0.783628 0.303497 0.150103 0.65468 0.724451 0.669858 0.72809 0.927515 0.197184 0.029088 0.236625 0.573631 0.400743 0.795109 0.338795 0.792183 0.304937 0.490125 0.610297 0.869818 0.407902 0.966653 0.648754 0.318857 0.456699 0.803942 0.767991 0.576302 0.634311 0.239152 0.715175 0.391725 0.953808 0.612769 0.27084 0.182035 0.726584 0.416635 0.28407 0.62041 0.719407 0.0723658
0.874411 0.554585 0.409944 0.881606 0.279933 0.023 0.457814 0.711927 0.0838279 0.85195 0.159071 0.234864 0.479585 0.344563 0.0418919 0.649883 0.690857 0.0420128 0.183984 0.912447 0.104326 0.0353492 0.960335 0.71745 0.274258 0.550452 0.993199 0.450442 0.271804 0.896545 0.864161 0.0458887 0.849446 0.302332 0.363929 0.834257 0.525315 0.35529 0.451239 0.173219 0.0880155 0.21637 0.185507 0.494256 0.377469 0.0433813 0.488207 0.0975822 0.0203391 0.464967 0.977061 0.603111 0.841053 0.888614 0.135514 0.381002 0.0538242 0.563082 0.658814 0.381064 0.858325 0.949272 0.264402 0.119838 0.686065 0.194614 0.744596 0.339447 0.631645 0.879199 0.975628 0.18208 0.548232 0.767847 0.419269 0.613817 0.752376 0.182839 0.252932 0.642181 0.709754 0.689416 0.506108 0.728995 0.643579 0.441746 0.72135 0.0154401 0.23189 0.473102 0.900105 0.922624 0.372376 0.290207 0.100528 0.910002 0.00580635 0.683602 0.917211 0.564288 0.42564 0.586811 0.00459413 0.0601212 0.988476 0.52404 0.613641 0.319317 0.0175956 0.582782 0.771169 0.410982 0.267365 0.170706 0.445662 0.552666 0.493599 0.953917 0.853765 0.645138 0.781518 0.156027 0.0125375 0.274476 0.575439 0.693613 0.0797164 0.756091 0.29257 0.89557 0.869814 0.262628 0.56948 0.0548154 0.167789 0.108948 0.435162 0.400231 0.692941 0.911192 0.743426 0.134248 0.762341 0.361462 0.647296 0.141122 0.131142 0.251093 0.614128 0.884426 0.937414 0.290966 0.587997 0.283369 0.78897 0.19552 0.450383 0.971852 0.863006 0.832353 0.0447404 0.199462 0.718449 0.968126 0.47375 0.299372 0.63716 0.140512 0.601741 0.824411 0.537625 0.521525 0.783843 0.96946 0.832929 0.576389 0.0926752 0.225068 0.483295 0.648621 0.180346 0.0962548 0.754086 0.519257 0.793603 0.287475 0.157459 0.488226 0.656248 0.730526 0.114815 0.154368 0.609929 0.895413 0.855535 0.308251 0.69532 0.299525 0.633528 0.361101
0.551744 0.659621 0.686699 0.838628 0.278099 0.966125 0.891616 0.761691 0.801412 0.308283 0.7328 0.230948 0.183504 0.875971 0.979845 0.192498 0.652698 0.904891 0.578274 0.827046 0.759813 0.589739 0.204866 0.629606 0.498735 0.499139 0.268296 0.52546 0.274079 0.604919 0.519302 0.0813287 0.466277 0.27986 0.624363 0.422228 0.738325 0.859966 0.636396 0.590428 0.305104 0.635539 0.125567 0.597127 0.0508364 0.227975 0.292673 0.358411 0.222952 0.926134 0.108719 0.513594 0.342625 0.96591 0.120618 0.951015 0.874908 0.58061 0.427584 0.0631565 0.728373 0.550157 0.555804 0.0307047 0.44005 0.146391 0.492526 0.73878 0.877621 0.0371775 0.980837 0.28083 0.346847 0.998646 0.993884 0.0082946 0.0670098 0.418722 0.311277 0.919353 0.966268 0.998259 0.462477 0.0283677 0.106408 0.129073 0.735378 0.187828 0.851947 0.185616 0.0615921 0.874871 0.412063 0.826269 0.595619 0.959169 0.588767 0.18187 0.0279278 0.555716 0.919222 0.138828 0.576631 0.0715341 0.276007 0.761091 0.901748 0.644691 0.369421 0.314035 0.103404 0.88165 0.0149785 0.226344 0.251179 0.249865 0.712762 0.00734333 0.831917 0.081435 0.0353583 0.0107748 0.622693 0.973981 0.600006 0.291473 0.720597 0.0780905 0.125018 0.343538 0.54446 0.906048 0.542501 0.678375 0.805479 0.978333 0.496187 0.460657 0.205425 0.289462 0.629738 0.651222 0.771426 0.873024 0.880457 0.582056 0.882991 0.32494 0.909657 0.637739 0.11347 0.0582986 0.778382 0.305145 0.155622 0.352868 0.190936 0.910673 0.784778 0.424439 0.088615 0.852975 0.330417 0.296885 0.500405 0.940546 0.674526 0.972347 0.0280386 0.0936528 0.577809 0.907605 0.562735 0.606653 0.508963 0.449857 0.0922147 0.350315 0.306533 0.565601 0.623359 0.119658 0.220974 0.195774 0.8385 0.490529 0.486697 0.282991 0.0188915 0.914439 0.581536 0.178202 0.615581 0.19803 0.567793 0.751758 0.674905 0.630601 0.194256 0.271945
0.238919 0.832721 0.883183 0.688264 0.169978 0.119946 0.838974 0.927771 0.14461 0.9951 0.165295 0.32364 0.254185 0.686097 0.162387 0.545916 0.489328 0.798067 0.0762985 0.0693649 0.816332 0.824786 0.135361 0.828864 0.436161 0.321311 0.413293 0.822779 0.615037 0.0271883 0.165895 0.387074 0.216816 0.897885 0.515481 0.836776 0.945471 0.19375 0.475734 0.929283 0.451878 0.754012 0.621194 0.547507 0.649025 0.381484 0.366864 0.250012 0.382645 0.418675 0.843271 0.706098 0.528404 0.013881 0.568111 0.869284 0.51707 0.776765 0.161254 0.838054 0.370766 0.938954 0.653026 0.302467 0.759925 0.144287 0.120978 0.248822 0.469326 0.835697 0.103361 0.192589 0.464199 0.0363272 0.569075 0.651948 0.439791 0.359978 0.519045 0.95918 0.874104 0.418416 0.663951 0.780605 0.349857 0.448256 0.150745 0.464736 0.0464436 0.838901 0.000947802 0.0607587 0.164688 0.833648 0.170462 0.94656 0.022277 0.326067 0.658178 0.473041 0.143113 0.0655209 0.311309 0.267259 0.22883 0.143273 0.692406 0.734753 0.535992 0.147116 0.529457 0.825597 0.440235 0.191852 0.556376 0.035991 0.937356 0.647211 0.0143001 0.62577 0.141169 0.840453 0.323224 0.718194 0.557578 0.095017 0.340416 0.0474884 0.145871 0.169683 0.23014 0.177163 0.961105 0.118473 0.866538 0.383099 0.898889 0.27586 0.0242868 0.227422 0.155017 0.830336 0.450097 0.864863 0.105319 0.944022 0.684766 0.409423 0.901173 0.86966 0.693813 0.542222 0.291377 0.268331 0.803429 0.010885 0.782126 0.310818 0.560736 0.42772 0.636402 0.0575924 0.509756 0.220527 0.00862069 0.834214 0.343221 0.674212 0.662972 0.800241 0.547597 0.801365 0.50918 0.0865425 0.805853 0.397401 0.933164 0.762632 0.210583 0.296508 0.349138 0.573525 0.436477 0.811131 0.323312 0.0908878 0.637421 0.172365 0.1284 0.472153 0.163287 0.777577 0.100882 0.682525 0.952964 0.487299 0.0527542 0.406989 0.353039 0.610175
0.496788 0.692303 0.656804 0.499344 0.948017 0.482562 0.879993 0.562523 0.433705 0.749703 0.557958 0.120211 0.735866 0.0111894 0.258351 0.0780445 0.843618 0.549798 0.0920512 0.962003 0.547546 0.88874 0.493835 0.54512 0.764279 0.679648 0.678195 0.433173 0.425573 0.81263 0.809353 0.53245 0.248849 0.493382 0.750564 0.842712 0.956588 0.0585 0.86213 0.177613 0.868856 0.793613 0.227994 0.989909 0.291199 0.277607 0.581351 0.450929 0.00364035 0.768547 0.1359 0.177247 0.470839 0.292006 0.662855 0.449843 0.482654 0.799259 0.22517 0.255076 0.290744 0.827179 0.315941 0.449403 0.838558 0.279945 0.319475 0.0902316 0.475914 0.607289 0.00330808 0.938195 0.474642 0.56712 0.545695 0.571135 0.0507703 0.128721 0.489265 0.785019 0.428546 0.48657 0.90295 0.639575 0.260487 0.131315 0.502621 0.452163 0.291476 0.833778 0.0954273 0.663717 0.00951815 0.593955 0.44572 0.868255 0.715631 0.0241784 0.0254635 0.194804 0.235314 0.898106 0.295964 0.580112 0.404983 0.998523 0.40835 0.0224885 0.450448 0.976585 0.0968961 0.794107 0.240832 0.222988 0.659126 0.126722 0.402002 0.991935 0.104321 0.567687 0.389082 0.560957 0.617211 0.285932 0.193628 0.642297 0.19929 0.662649 0.728318 0.561347 0.833116 0.56135 0.515148 0.0660116 0.917085 0.742165 0.89397 0.169636 0.940742 0.951382 0.18195 0.0857595 0.00662693 0.112554 0.213823 0.351018 0.635681 0.790995 0.69223 0.276241 0.263958 0.956552 0.815387 0.81468 0.610514 0.24328 0.996574 0.686814 0.124467 0.161372 0.231161 0.772387 0.913827 0.717325 0.461035 0.501238 0.91733 0.401329 0.347023 0.852538 0.164779 0.87573 0.997074 0.66145 0.229984 0.074002 0.838771 0.623148 0.644073 0.59726 0.564479 0.807828 0.201764 0.662933 0.870618 0.811294 0.410225 0.42386 0.0869657 0.35875 0.380646 0.335787 0.727981 0.528115 0.837984 0.327184 0.96936 0.173032 0.668657 0.981005
0.839734 0.400973 0.61214 0.228016 0.912656 0.814181 0.363966 0.543457 0.0155037 0.227256 0.037501 0.555768 0.879279 0.0909512 0.746391 0.150819 0.218872 0.698201 0.74996 0.606053 0.110754 0.382854 0.407009 0.834849 0.207951 0.592383 0.151094 0.633739 0.0895958 0.327271 0.19653 0.430783 0.0917251 0.592602 0.638086 0.0437018 0.173669 0.227229 0.0501 0.912453 0.801523 0.628118 0.357071 0.683278 0.823747 0.655908 0.615923 0.26177 0.0774064 0.969313 0.291092 0.698946 0.248447 0.127951 0.522291 0.0876763 0.732246 0.253557 0.886435 0.067371 0.380724 0.200157 0.9235 0.0880205 0.393406 0.586828 0.157005 0.778147 0.54332 0.804669 0.99567 0.496411 0.613155 0.415239 0.515904 0.174749 0.0822157 0.871542 0.677126 0.0400886 0.550869 0.00467453 0.160923 0.72151 0.116079 0.400832 0.293411 0.292774 0.490922 0.0977379 0.855474 0.862374 0.9135 0.790683 0.787812 0.463047 0.486331 0.0831809 0.93679 0.810115 0.704091 0.48962 0.742605 0.387071 0.59892 0.706165 0.893745 0.175161 0.168791 0.395339 0.970656 0.655466 0.488243 0.948345 0.804087 0.0606019 0.0144064 0.330436 0.448325 0.753627 0.103898 0.597851 0.713359 0.319434 0.812389 0.631492 0.563383 0.816013 0.55217 0.7702 0.73096 0.0715204 0.844663 0.226135 0.290667 0.857006 0.270179 0.371204 0.695051 0.575252 0.663949 0.0457385 0.804263 0.112114 0.718963 0.136238 0.841813 0.266509 0.272143 0.703648 0.422297 0.462155 0.530426 0.749823 0.67284 0.856899 0.862903 0.500227 0.188856 0.721834 0.18982 0.548332 0.956642 0.597157 0.812997 0.534198 0.576194 0.921956 0.890505 0.473983 0.904948 0.559888 0.253264 0.10849 0.874958 0.00429898 0.211878 0.115139 0.653374 0.100839 0.506768 0.944675 0.952791 0.526424 0.939056 0.971961 0.541094 0.646913 0.100437 0.897427 0.85997 0.976892 0.363967 0.29386 0.456272 0.544263 0.12649 0.371153 0.746776 0.135605
0.834645 0.53967 0.797053 0.144487 0.610058 0.53383 0.933568 0.0898621 0.460628 0.168531 0.646048 0.266952 0.957993 0.0278124 0.738625 0.581652 0.00328157 0.604141 0.132272 0.682664 0.993447 0.0484317 0.0505808 0.324318 0.329068 0.11565 0.79811 0.367052 0.703334 0.167744 0.01208 0.630104 0.271288 0.605882 0.0842626 0.904151 0.865595 0.967603 0.295432 0.903554 0.270566 0.846164 0.390887 0.940701 0.257126 0.495318 0.711286 0.294063 0.270598 0.34072 0.632126 0.298897 0.518194 0.902159 0.324319 0.519795 0.828081 0.200313 0.566808 0.123818 0.482873 0.27553 0.94124 0.210714 0.35219 0.844006 0.963881 0.305273 0.447598 0.194272 0.290579 0.781175 0.932763 0.610104 0.894337 0.0582608 0.200471 0.868398 0.519243 0.423226 0.0683918 0.744569 0.968994 0.041481 0.548553 0.841702 0.691314 0.857126 0.849465 0.63994 0.877434 0.596157 0.416693 0.0443865 0.594175 0.908861 0.663436 0.782401 0.19867 0.812174 0.0968845 0.518495 0.620706 0.419251 0.377886 0.715819 0.933608 0.112348 0.847512 0.561066 0.239974 0.769281 0.781118 0.274459 0.664871 0.641228 0.74135 0.3142 0.439496 0.46349 0.718676 0.598618 0.128325 0.976389 0.630868 0.649019 0.51152 0.589099 0.399674 0.545513 0.488105 0.0640417 0.281286 0.90243 0.353944 0.800823 0.446005 0.360184 0.550598 0.159248 0.876845 0.427723 0.569846 0.174569 0.0617007 0.117997 0.602742 0.719646 0.61966 0.925294 0.937444 0.33436 0.034231 0.190146 0.987531 0.14043 0.653879 0.631213 0.437889 0.405164 0.709293 0.874664 0.352405 0.784668 0.91024 0.11773 0.567888 0.901859 0.807333 0.912579 0.548379 0.376958 0.383338 0.876259 0.468039 0.116075 0.683961 0.734769 0.192524 0.774027 0.403849 0.644084 0.295029 0.880499 0.545353 0.614418 0.423722 0.479193 0.560837 0.945382 0.615811 0.427437 0.923929 0.0133836 0.268027 0.40168 0.788569 0.272476 0.99514 0.369107
0.881134 0.146456 0.0194593 0.760252 0.384304 0.564772 0.711651 0.445774 0.482659 0.0107162 0.799845 0.684762 0.2295 0.388242 0.0282926 0.641265 0.96698 0.284428 0.41753 0.651281 0.164691 0.673688 0.888226 0.2054 0.845698 0.777915 0.481868 0.742875 0.69053 0.0693745 0.406201 0.935992 0.822353 0.754968 0.0280563 0.477581 0.0272036 0.421872 0.882781 0.132171 0.0649269 0.387921 0.434313 0.764642 0.874792 0.92072 0.247104 0.171834 0.971453 0.698574 0.688283 0.896602 0.306477 0.615178 0.997807 0.128749 0.0232858 0.550017 0.168772 0.083608 0.599989 0.546042 0.188134 0.921681 0.141501 0.887889 0.841128 0.878967 0.45278 0.829855 0.714575 0.480057 0.0633182 0.725873 0.0575752 0.349294 0.993365 0.87158 0.962484 0.751432 0.392549 0.477561 0.0422135 0.316783 0.404964 0.161812 0.690863 0.133037 0.849542 0.990326 0.89249 0.969167 0.699719 0.133825 0.0761873 0.13888 0.748131 0.0204769 0.259702 0.81915 0.721964 0.670354 0.204492 0.831073 0.917796 0.233494 0.360067 0.433399 0.384167 0.739823 0.667716 0.449582 0.42436 0.874662 0.347098 0.216054 0.565409 0.586543 0.537103 0.512363 0.949869 0.0398462 0.0284301 0.282283 0.52462 0.953936 0.0692103 0.0428371 0.497522 0.217312 0.423179 0.222558 0.457071 0.359903 0.162799 0.278614 0.897144 0.780875 0.616794 0.0260859 0.0155014 0.395614 0.969681 0.931967 0.0641001 0.713601 0.951776 0.519071 0.067853 0.185052 0.827458 0.172915 0.922124 0.265385 0.958698 0.666555 0.726696 0.318278 0.531876 0.234643 0.788802 0.318215 0.762294 0.305691 0.986768 0.0408825 0.554213 0.419767 0.495533 0.140022 0.195319 0.49951 0.782029 0.460401 0.54801 0.277725 0.257188 0.539908 0.770751 0.238573 0.13113 0.815428 0.0866665 0.42776 0.13308 0.893582 0.98816 0.261451 0.0547007 0.106159 0.152569 0.864436 0.76851 0.120289 0.913676 0.780883 0.547 0.355842 0.0309562 0.364229
0.346389 0.633903 0.573252 0.0521254 0.142225 0.446116 0.776855 0.121437 0.172805 0.212449 0.442697 0.803187 0.607539 0.413178 0.908395 0.237819 0.479394 0.360466 0.452016 0.954298 0.594849 0.809015 0.515166 0.50832 0.648227 0.561548 0.523917 0.322793 0.0605526 0.664128 0.797907 0.685948 0.100455 0.87283 0.743215 0.40498 0.996808 0.778365 0.0763391 0.415019 0.856494 0.14865 0.153409 0.378146 0.375457 0.805538 0.699111 0.133384 0.74205 0.984098 0.969221 0.759401 0.0191469 0.352128 0.203354 0.409061 0.693455 0.446986 0.202352 0.731614 0.149717 0.908605 0.756472 0.111064 0.0242958 0.229542 0.773622 0.955494 0.0352087 0.980126 0.888588 0.858695 0.638034 0.243876 0.38313 0.149683 0.325417 0.547518 0.56316 0.651129 0.18544 0.152751 0.745686 0.442952 0.534484 0.734111 0.848004 0.501235 0.742679 0.308597 0.684493 0.117343 0.411436 0.00896921 0.818807 0.650979 0.577775 0.642632 0.235837 0.718249 0.153334 0.705461 0.287297 0.751827 0.254522 0.402113 0.916792 0.0844316 0.0718821 0.566342 0.579438 0.340667 0.326927 0.662715 0.27012 0.91528 0.302748 0.0154849 0.841676 0.967119 0.287426 0.595442 0.752061 0.567937 0.503913 0.658569 0.303513 0.957273 0.0567967 0.692004 0.501364 0.876915 0.281562 0.943913 0.167536 0.485193 0.175648 0.726689 0.0982275 0.334439 0.538674 0.553747 0.216316 0.713228 0.552057 0.296506 0.289925 0.237555 0.191205 0.0564553 0.809616 0.147059 0.0416168 0.11263 0.499452 0.280317 0.831843 0.508004 0.470652 0.859149 0.368222 0.569846 0.964767 0.104132 0.0205751 0.28587 0.0816023 0.189623 0.587816 0.507822 0.724011 0.240995 0.84572 0.204582 0.553444 0.750331 0.857012 0.710646 0.617869 0.967878 0.43185 0.899226 0.658105 0.458699 0.402754 0.598411 0.527973 0.539747 0.268379 0.437574 0.785032 0.292079 0.172884 0.341338 0.615198 0.687635 0.665182 0.249392 0.982759 0.576064
0.16719 0.309924 0.0209214 0.62423 0.457299 0.392534 0.412524 0.106854 0.790525 0.228468 0.593457 0.481458 0.614283 0.541868 0.904583 0.831029 0.990423 0.336772 0.205337 0.314564 0.0494442 0.953203 0.0597597 0.054296 0.14602 0.957705 0.693721 0.614928 0.0308016 0.699541 0.0478074 0.140941 0.657141 0.689959 0.560373 0.618675 0.837899 0.214866 0.795855 0.526638 0.816283 0.603934 0.515698 0.870683 0.628903 0.777199 0.422361 0.753719 0.0555782 0.698834 0.120581 0.719991 0.221572 0.161353 0.194648 0.352146 0.0135374 0.482094 0.56292 0.0216348 0.967124 0.48197 0.74763 0.530216 0.398626 0.905637 0.659411 0.0120686 0.813347 0.183276 0.181588 0.468797 0.183898 0.468316 0.0359652 0.754055 0.0482412 0.941977 0.520734 0.602816 0.747498 0.995052 0.511348 0.704886 0.879098 0.748571 0.4915 0.155251 0.516116 0.953083 0.0238979 0.384372 0.735339 0.787057 0.00476078 0.225834 0.12015 0.899582 0.463985 0.731726 0.878705 0.228539 0.91737 0.883467 0.769241 0.777338 0.402806 0.498456 0.96376 0.198269 0.592287 0.75705 0.260422 0.886126 0.237365 0.0482 0.0622302 0.652524 0.717019 0.645426 0.698305 0.961122 0.784511 0.356265 0.0689457 0.841875 0.885276 0.46239 0.565668 0.603921 0.999067 0.00305095 0.75861 0.755822 0.344786 0.584183 0.560173 0.274034 0.260496 0.711978 0.994754 0.937035 0.760395 0.823406 0.435631 0.0619327 0.76712 0.121717 0.000187827 0.732314 0.0432762 0.216209 0.140834 0.655542 0.121844 0.287677 0.0587074 0.144003 0.1279 0.134147 0.184044 0.764149 0.0751605 0.255828 0.565666 0.705022 0.857283 0.784373 0.900281 0.710516 0.675666 0.970582 0.105381 0.694602 0.802206 0.848369 0.0105491 0.829153 0.630681 0.789012 0.298085 0.884533 0.325588 0.940547 0.716041 0.9247 0.764396 0.0876286 0.183567 0.045103 0.407099 0.58302 0.379417 0.86272 0.798911 0.829221 0.397393 0.15555 0.329144 0.150562
0.303211 0.731796 0.175434 0.952721 0.759082 0.360961 0.393329 0.41466 0.233086 0.0509251 0.383233 0.458345 0.96563 0.398638 0.433415 0.425628 0.782653 0.495478 0.489152 0.835798 0.444412 0.28243 0.820911 0.474905 0.349207 0.613591 0.0600619 0.450376 0.427572 0.141265 0.0472317 0.481704 0.213741 0.685854 0.801881 0.0741442 0.847378 0.170856 0.175754 0.663504 0.100465 0.361768 0.905939 0.30405 0.879508 0.891661 0.419156 0.319607 0.594972 0.363099 0.0929416 0.776361 0.0486486 0.12194 0.977451 0.360618 0.678932 0.211479 0.507823 0.517151 0.252422 0.561145 0.233389 0.877545 0.478241 0.326909 0.882314 0.916125 0.759176 0.444632 0.604314 0.261283 0.173333 0.208429 0.549691 0.381418 0.3259 0.752281 0.184727 0.81707 0.802394 0.377477 0.883599 0.672556 0.326426 0.295258 0.458462 0.308568 0.978828 0.116399 0.245506 0.836817 0.0204343 0.504981 0.809934 0.311201 0.856203 0.677989 0.3102 0.5897 0.542836 0.421403 0.766208 0.57999 0.0804418 0.0811669 0.383947 0.692335 0.408847 0.253843 0.766835 0.204801 0.965476 0.982911 0.287538 0.668183 0.804531 0.960827 0.703964 0.455889 0.730941 0.0105922 0.52121 0.117579 0.511181 0.635679 0.854957 0.622442 0.0452348 0.745079 0.836697 0.374676 0.0540216 0.228773 0.0120688 0.666783 0.210472 0.506947 0.919114 0.563546 0.497108 0.939335 0.0754052 0.695364 0.966328 0.918904 0.698239 0.172216 0.0736757 0.290882 0.750603 0.665693 0.393433 0.0376245 0.897067 0.283274 0.768589 0.798159 0.958626 0.982397 0.723698 0.58384 0.352318 0.589238 0.949056 0.749577 0.261613 0.671948 0.522032 0.365327 0.729964 0.664304 0.673894 0.0526507 0.7042 0.855692 0.9243 0.0219607 0.0424364 0.597724 0.567679 0.825212 0.166333 0.0538639 0.95094 0.0362462 0.439348 0.1346 0.309797 0.67644 0.282082 0.00424442 0.65339 0.899343 0.908006 0.0314623 0.687939 0.881366 0.23081 0.108178
0.640013 0.869409 0.500992 0.716535 0.239066 0.363447 0.160861 0.546727 0.344572 0.29669 0.746913 0.576802 0.464465 0.178336 0.784643 0.0148457 0.813288 0.0726826 0.367131 0.488131 0.993007 0.152232 0.312678 0.656251 0.594517 0.204784 0.0645928 0.917014 0.443774 0.915104 0.769718 0.00698755 0.363559 0.472135 0.114816 0.984121 0.00987163 0.851411 0.0389844 0.853907 0.188083 0.393822 0.722663 0.960974 0.486096 0.404018 0.86978 0.123562 0.407371 0.886947 0.04878 0.369196 0.445243 0.408211 0.13754 0.9048 0.664856 0.0219103 0.144948 0.608351 0.348907 0.682623 0.185396 0.57261 0.935268 0.727667 0.326107 0.886994 0.05698 0.854678 0.277821 0.892894 0.0629182 0.1566 0.14539 0.41628 0.131428 0.752795 0.894131 0.857481 0.109478 0.0368137 0.146457 0.828171 0.56167 0.188985 0.0580335 0.370318 0.555602 0.386724 0.218769 0.270463 0.650598 0.155801 0.817232 0.211633 0.247391 0.876753 0.666632 0.897045 0.0106707 0.993557 0.0155397 0.768444 0.075342 0.634864 0.021807 0.672579 0.657422 0.107961 0.812913 0.917387 0.568076 0.228767 0.408471 0.331938 0.449202 0.855951 0.771069 0.579362 0.907854 0.120828 0.0540093 0.781088 0.935157 0.164303 0.293527 0.402346 0.49391 0.426394 0.064812 0.350772 0.32384 0.204104 0.545941 0.323206 0.132517 0.821388 0.538167 0.629545 0.282948 0.794222 0.599107 0.0278944 0.978133 0.89878 0.335394 0.672283 0.360182 0.309445 0.77381 0.796601 0.62951 0.688125 0.0656962 0.6548 0.421123 0.223494 0.506483 0.328535 0.624584 0.507764 0.368073 0.310838 0.281611 0.402094 0.810285 0.934707 0.0072845 0.780514 0.321609 0.605582 0.167734 0.603739 0.0222877 0.888456 0.771158 0.146751 0.391071 0.0115461 0.418033 0.486529 0.00758205 0.817608 0.844683 0.97631 0.857414 0.513429 0.0803422 0.165917 0.518282 0.365828 0.0456163 0.00493188 0.709002 0.439455 0.152519 0.419335 0.388531 0.841081
0.139965 0.93482 0.457214 0.1006 0.456253 0.690206 0.494431 0.772645 0.741949 0.264298 0.726254 0.367337 0.779956 0.0843347 0.243341 0.924623 0.476275 0.934548 0.387838 0.80433 0.903963 0.779102 0.143956 0.986188 0.281736 0.941432 0.847901 0.905465 0.355205 0.887474 0.191472 0.402414 0.387332 0.136198 0.169469 0.524034 0.796294 0.622682 0.310837 0.732953 0.132203 0.945129 0.784623 0.216782 0.0560269 0.986213 0.189632 0.532442 0.753092 0.335741 0.284341 0.969615 0.799047 0.635006 0.996056 0.140276 0.85818 0.38983 0.154511 0.948799 0.350289 0.175989 0.324034 0.366685 0.154911 0.496834 0.454304 0.432793 0.774251 0.594503 0.633507 0.247483 0.641596 0.762942 0.571951 0.395184 0.157803 0.758128 0.434085 0.0621173 0.309419 0.94121 0.433439 0.204373 0.330776 0.451263 0.939504 0.453602 0.446444 0.219465 0.342187 0.934759 0.739566 0.767633 0.647473 0.696617 0.673264 0.802442 0.51899 0.699538 0.189745 0.609922 0.496934 0.51802 0.572996 0.157479 0.7924 0.443382 0.591853 0.0478104 0.0197853 0.82174 0.45109 0.0899859 0.663076 0.369821 0.875189 0.0926006 0.627131 0.637207 0.789116 0.488544 0.416219 0.509136 0.0613173 0.929003 0.984614 0.994786 0.0757305 0.301521 0.847577 0.794485 0.174026 0.524758 0.870248 0.731661 0.0851676 0.713385 0.108372 0.830181 0.708923 0.0336936 0.768252 0.203226 0.0906056 0.0660488 0.812047 0.848222 0.449564 0.718081 0.293796 0.840233 0.424028 0.176058 0.111581 0.868065 0.948566 0.429838 0.239952 0.831129 0.596021 0.764091 0.959522 0.0313358 0.585356 0.376304 0.537502 0.923738 0.713078 0.278852 0.968453 0.945239 0.5264 0.0164369 0.0790518 0.648793 0.893525 0.606636 0.95929 0.610829 0.154099 0.0950772 0.869713 0.0428477 0.799298 0.931115 0.666094 0.450664 0.853764 0.273082 0.271503 0.660801 0.112467 0.209624 0.324433 0.642353 0.31169 0.685738 0.233142 0.811893
0.935293 0.713475 0.740454 0.720094 0.873862 0.857997 0.869941 0.171302 0.308459 0.513936 0.355755 0.589725 0.34576 0.436609 0.348835 0.0447826 0.788944 0.811943 0.0311859 0.322478 0.150642 0.841851 0.880264 0.939515 0.888462 0.329236 0.0960939 0.0790741 0.03838 0.0658823 0.558012 0.100761 0.97962 0.0745072 0.940301 0.527716 0.124155 0.698473 0.433555 0.568509 0.27462 0.0246433 0.0507141 0.822765 0.277426 0.418363 0.873886 0.775554 0.327526 0.786278 0.306222 0.646437 0.367221 0.548674 0.690421 0.0660943 0.0929721 0.854969 0.49951 0.512932 0.790007 0.122929 0.490958 0.857413 0.361036 0.865383 0.563276 0.206677 0.129444 0.167169 0.131797 0.939075 0.303659 0.519269 0.644527 0.119517 0.545578 0.348028 0.607206 0.677668 0.510098 0.275066 0.500596 0.845612 0.603432 0.144883 0.429275 0.137372 0.137979 0.715956 0.522254 0.764402 0.130823 0.833575 0.516898 0.964912 0.334352 0.908937 0.888547 0.953895 0.568345 0.791994 0.31269 0.137691 0.258053 0.580143 0.845091 0.557515 0.932622 0.503745 0.622654 0.357501 0.655027 0.0407589 0.568335 0.138743 0.0611981 0.953561 0.880782 0.562701 0.722335 0.623452 0.0262778 0.610333 0.366095 0.777718 0.588229 0.511213 0.810642 0.0808488 0.103329 0.750452 0.117435 0.139719 0.402689 0.883197 0.413647 0.261558 0.419413 0.996637 0.345431 0.615885 0.166815 0.326554 0.278265 0.892647 0.898638 0.199489 0.198663 0.537837 0.115423 0.530342 0.11543 0.597363 0.111856 0.37203 0.798029 0.253091 0.542241 0.217959 0.74384 0.348582 0.681728 0.109945 0.066819 0.461177 0.606056 0.770576 0.913412 0.0107176 0.207824 0.549432 0.785095 0.351083 0.431515 0.428976 0.825102 0.755136 0.324509 0.963208 0.234728 0.75969 0.698647 0.00101497 0.381261 0.909804 0.969599 0.218848 0.643756 0.432009 0.117548 0.147274 0.114428 0.870127 0.587695 0.743886 0.309067 0.576584 0.654199 0.43556
0.99384 0.643018 0.534216 0.555726 0.784686 0.695358 0.758413 0.381461 0.877488 0.361174 0.698002 0.900915 0.103611 0.170567 0.961278 0.07419 0.392867 0.425399 0.966748 0.654869 0.589833 0.0803416 0.327916 0.37848 0.770808 0.447198 0.342135 0.247404 0.154317 0.742629 0.078223 0.881371 0.2073 0.160709 0.24403 0.717206 0.238253 0.212011 0.176887 0.808727 0.0337538 0.251916 0.916663 0.654755 0.435621 0.18521 0.274248 0.293464 0.506811 0.922397 0.546994 0.746347 0.804282 0.864574 0.00729456 0.555962 0.393286 0.117157 0.600519 0.343694 0.181647 0.634742 0.753174 0.199407 0.728149 0.523842 0.978669 0.952982 0.889905 0.236633 0.934045 0.6912 0.935551 0.550555 0.581746 0.756386 0.762899 0.622414 0.8606 0.22305 0.287031 0.180464 0.594536 0.329212 0.363812 0.0682963 0.286021 0.21273 0.0949249 0.823554 0.986457 0.932353 0.781027 0.851136 0.48497 0.223521 0.0413282 0.499454 0.23113 0.974815 0.24591 0.461947 0.389803 0.462673 0.0685954 0.746162 0.263702 0.340252 0.978115 0.714357 0.819847 0.478837 0.286501 0.505418 0.0492555 0.44437 0.594766 0.209367 0.422593 0.0517089 0.767407 0.354798 0.878202 0.146454 0.815217 0.65368 0.724805 0.207505 0.357229 0.907151 0.121555 0.984601 0.752036 0.334038 0.941183 0.518502 0.497841 0.0143276 0.897766 0.283857 0.739464 0.144889 0.741686 0.64377 0.512977 0.343699 0.816009 0.424593 0.839644 0.882296 0.48051 0.394853 0.196028 0.122076 0.708759 0.620262 0.791861 0.964522 0.545558 0.981123 0.510454 0.220769 0.85447 0.386671 0.0922461 0.399451 0.293048 0.669837 0.441544 0.0388807 0.423744 0.833834 0.853978 0.772194 0.53568 0.553196 0.306072 0.0740164 0.186159 0.178646 0.560394 0.794668 0.0408386 0.774812 0.175765 0.340468 0.264274 0.991907 0.210252 0.337317 0.948414 0.533896 0.0187242 0.270407 0.607207 0.433721 0.998684 0.775219 0.172361 0.855233
0.998411 0.898769 0.522596 0.0635627 0.0117365 0.770891 0.223664 0.576734 0.764679 0.510054 0.389187 0.184766 0.991151 0.0546603 0.874076 0.410964 0.965392 0.464733 0.749873 0.301578 0.447011 0.991621 0.15776 0.776363 0.087084 0.317083 0.447539 0.338439 0.525414 0.100494 0.359923 0.663574 0.431497 0.358941 0.113221 0.917295 0.983845 0.814611 0.841624 0.680161 0.915424 0.726418 0.264522 0.717947 0.744684 0.209658 0.128303 0.114831 0.847958 0.0828021 0.152317 0.968977 0.690936 0.283199 0.460839 0.781348 0.868268 0.73785 0.799738 0.311197 0.678346 0.770148 0.253629 0.829346 0.988805 0.138457 0.059835 0.210918 0.0680928 0.577339 0.0617094 0.630842 0.255195 0.330847 0.786568 0.445589 0.628488 0.985767 0.234066 0.702469 0.777109 0.79911 0.248544 0.340545 0.161257 0.544349 0.524233 0.577789 0.465912 0.193076 0.156863 0.818126 0.632593 0.624277 0.0168109 0.897006 0.284521 0.792452 0.249413 0.448384 0.151949 0.664617 0.0390529 0.635832 0.0126176 0.269864 0.32695 0.994943 0.332503 0.24765 0.0446534 0.166368 0.118095 0.495587 0.555925 0.732368 0.335372 0.419265 0.220612 0.241467 0.693752 0.88557 0.551821 0.755167 0.0132118 0.706232 0.203612 0.508349 0.636219 0.128139 0.361702 0.643694 0.713306 0.707588 0.714226 0.218317 0.82823 0.62266 0.0622617 0.56771 0.677675 0.267558 0.0977083 0.942273 0.81406 0.97068 0.424307 0.841713 0.113012 0.877532 0.0545928 0.181663 0.54315 0.431732 0.975269 0.90617 0.958999 0.534483 0.464107 0.053034 0.419969 0.581999 0.382298 0.387032 0.667798 0.362512 0.442042 0.93118 0.555864 0.0811499 0.787377 0.17852 0.394096 0.162911 0.536936 0.217865 0.132974 0.633709 0.622101 0.515068 0.848399 0.362284 0.832346 0.517697 0.251043 0.489239 0.838658 0.271043 0.0259706 0.897201 0.782023 0.866456 0.0703738 0.570507 0.551319 0.66239 0.0210998 0.497345 0.401075 0.137481
0.15703 0.858198 0.17469 0.378879 0.312238 0.644498 0.700742 0.126666 0.287542 0.50483 0.828357 0.840406 0.633379 0.11423 0.321508 0.987016 0.452813 0.930134 0.619941 0.214385 0.125504 0.66078 0.176286 0.426167 0.0700265 0.406853 0.537302 0.865627 0.677285 0.61617 0.347788 0.703732 0.344253 0.321075 0.497344 0.195531 0.287936 0.385297 0.0611372 0.70274 0.55997 0.726728 0.57875 0.0775585 0.490822 0.329365 0.732511 0.0799184 0.296666 0.62981 0.407425 0.375151 0.835653 0.156773 0.674638 0.756726 0.202313 0.863623 0.583221 0.676724 0.727299 0.590171 0.436985 0.249864 0.822339 0.360953 0.305162 0.814199 0.486473 0.0853446 0.380125 0.653721 0.188205 0.667106 0.901982 0.291855 0.045489 0.891725 0.218239 0.320839 0.374777 0.128162 0.616431 0.894381 0.911749 0.111538 0.0253692 0.336321 0.930536 0.922723 0.294796 0.525128 0.661464 0.340238 0.580216 0.955804 0.596542 0.0933953 0.713297 0.349664 0.585848 0.0624454 0.890839 0.985301 0.90669 0.331024 0.746621 0.908904 0.547487 0.0510433 0.146894 0.292963 0.663762 0.998569 0.19492 0.487057 0.66979 0.290251 0.620529 0.864881 0.195592 0.558291 0.995132 0.436828 0.723878 0.664375 0.286281 0.858798 0.394 0.34948 0.807056 0.540948 0.0897684 0.366943 0.86657 0.393225 0.669496 0.806306 0.884206 0.592287 0.00712568 0.341096 0.574809 0.596159 0.138234 0.183447 0.970543 0.36688 0.38943 0.657377 0.457807 0.63821 0.231761 0.934813 0.884839 0.169114 0.113489 0.0343415 0.704463 0.668747 0.267709 0.772011 0.546035 0.766159 0.178818 0.719441 0.78567 0.114567 0.941426 0.197902 0.539436 0.217646 0.64913 0.776521 0.886505 0.124083 0.20333 0.939694 0.437812 0.695606 0.8387 0.566702 0.138758 0.187887 0.618604 0.343598 0.428637 0.0488977 0.482322 0.552375 0.290043 0.79313 0.296018 0.666598 0.625964 0.202067 0.528345 0.817362 0.788285 0.89709
0.808854 0.619972 0.941377 0.729212 0.975235 0.444534 0.643005 0.629878 0.869659 0.0762965 0.626291 0.40117 0.699608 0.532931 0.842209 0.0229503 0.325705 0.530414 0.050895 0.677239 0.48814 0.746408 0.246306 0.606037 0.0576618 0.442025 0.767401 0.187357 0.10421 0.339947 0.633359 0.470661 0.0552461 0.350676 0.339156 0.460679 0.602852 0.724758 0.414908 0.17586 0.315892 0.71322 0.283671 0.128988 0.770562 0.215073 0.627424 0.59953 0.378959 0.98696 0.0179692 0.29004 0.104345 0.249248 0.2685 0.48092 0.379279 0.923755 0.0794849 0.191042 0.177642 0.0534508 0.16402 0.295856 0.714982 0.149036 0.609906 0.969316 0.195381 0.108209 0.512995 0.679914 0.289881 0.374687 0.346633 0.722626 0.187129 0.201078 0.392139 0.791108 0.548514 0.219021 0.841103 0.107583 0.0873226 0.791873 0.943833 0.246638 0.492202 0.949637 0.43122 0.837314 0.491991 0.48363 0.191834 0.98233 0.941347 0.880415 0.506829 0.197909 0.376895 0.756485 0.366368 0.0611091 0.534369 0.953592 0.525539 0.172185 0.366669 0.990942 0.238638 0.343894 0.614895 0.0700002 0.907712 0.216884 0.362644 0.890935 0.1302 0.948355 0.449219 0.756822 0.947201 0.896783 0.510062 0.150038 0.306476 0.689223 0.310787 0.48861 0.718365 0.777689 0.516651 0.71823 0.253453 0.894958 0.344726 0.348184 0.97728 0.420088 0.563091 0.354166 0.999741 0.394707 0.148882 0.236396 0.890855 0.475828 0.619081 0.424652 0.993177 0.67706 0.762489 0.466231 0.467655 0.451633 0.679484 0.172046 0.0172099 0.0605006 0.10864 0.302968 0.827802 0.833551 0.518103 0.27888 0.282461 0.239833 0.120672 0.141227 0.276203 0.0374127 0.14938 0.250967 0.787032 0.578754 0.0285997 0.273931 0.941498 0.713472 0.697769 0.481802 0.760323 0.272394 0.688231 0.227217 0.826011 0.631991 0.215207 0.101171 0.772828 0.144178 0.640038 0.258951 0.550697 0.44554 0.163992 0.354775 0.512967 0.723509
0.366461 0.926168 0.0354322 0.915861 0.0049928 0.545559 0.798366 0.517726 0.754784 0.959055 0.0230852 0.799436 0.144815 0.792145 0.75431 0.973946 0.880852 0.293973 0.108257 0.862252 0.612424 0.492579 0.878341 0.718674 0.0865465 0.786681 0.199331 0.865999 0.56091 0.82377 0.968728 0.228185 0.58693 0.294697 0.376997 0.309964 0.94294 0.900193 0.18999 0.201842 0.251536 0.282697 0.786605 0.864816 0.497206 0.537855 0.535476 0.985606 0.130485 0.534431 0.913117 0.18372 0.304961 0.270795 0.0490332 0.472105 0.0941671 0.019568 0.902124 0.885889 0.815682 0.586383 0.603599 0.963215 0.133945 0.48816 0.1771 0.94629 0.496971 0.085795 0.135355 0.336613 0.274958 0.621453 0.667191 0.395496 0.603256 0.0885635 0.185117 0.385941 0.939162 0.683609 0.715931 0.61176 0.457554 0.376883 0.0733662 0.406821 0.499399 0.596121 0.394967 0.0551086 0.78886 0.939862 0.0575539 0.811446 0.750086 0.637477 0.75745 0.526832 0.120935 0.655758 0.449144 0.153268 0.910231 0.225698 0.500342 0.682952 0.190942 0.147392 0.149297 0.174673 0.039593 0.474434 0.661284 0.170709 0.903748 0.498761 0.173753 0.809378 0.451456 0.622357 0.356022 0.473552 0.611888 0.225707 0.0115133 0.851111 0.679152 0.450683 0.62153 0.972172 0.0254256 0.111806 0.362348 0.497463 0.908652 0.576335 0.00118238 0.756289 0.248065 0.281883 0.638458 0.130269 0.284577 0.799353 0.134871 0.666954 0.80748 0.594668 0.537667 0.143761 0.71317 0.05315 0.678595 0.0676143 0.12743 0.984962 0.0365631 0.321801 0.339339 0.938491 0.510703 0.210887 0.386065 0.607436 0.0792791 0.632346 0.828356 0.0458373 0.564061 0.373058 0.418363 0.132524 0.640177 0.677566 0.963238 0.729825 0.32644 0.907032 0.132722 0.368058 0.775348 0.851696 0.533854 0.698631 0.33837 0.491104 0.475203 0.647234 0.603706 0.0878926 0.923712 0.162645 0.328185 0.258544 0.976111 0.888552 0.0228063 0.682111
0.28802 0.683912 0.809876 0.459396 0.278022 0.248361 0.277577 0.353332 0.000452143 0.902047 0.366331 0.675173 0.968444 0.288207 0.485188 0.101589 0.181301 0.318214 0.0776027 0.292527 0.0813869 0.184795 0.665549 0.361056 0.254493 0.625619 0.980982 0.890179 0.098866 0.0445552 0.272813 0.588929 0.859423 0.807236 0.97064 0.202326 0.11229 0.652582 0.123039 0.834973 0.149166 0.214325 0.641875 0.81089 0.0919403 0.262557 0.101161 0.70876 0.42199 0.83685 0.642462 0.00138267 0.200941 0.387395 0.524707 0.054967 0.361622 0.369515 0.432035 0.955807 0.0942847 0.371011 0.653615 0.780862 0.611614 0.240621 0.376538 0.0514445 0.706245 0.669114 0.992255 0.100211 0.360493 0.387944 0.0266439 0.247531 0.0204485 0.264361 0.667614 0.952967 0.695076 0.8628 0.044942 0.0907063 0.636296 0.386448 0.0647786 0.869745 0.161308 0.153726 0.581869 0.757084 0.142107 0.00954168 0.503675 0.266535 0.986703 0.207324 0.775143 0.408598 0.400771 0.154899 0.937809 0.2849 0.757163 0.911166 0.131191 0.390122 0.0868563 0.484841 0.823465 0.659876 0.33553 0.422146 0.0996102 0.600332 0.199749 0.180735 0.586785 0.00344322 0.671406 0.404746 0.552014 0.61954 0.502929 0.785657 0.505044 0.333316 0.208262 0.0574935 0.0845437 0.0742049 0.776797 0.965962 0.777486 0.850298 0.339514 0.898071 0.102205 0.821852 0.123837 0.856583 0.3796 0.415785 0.120847 0.329997 0.446536 0.0309863 0.888593 0.521751 0.241184 0.564581 0.743786 0.323635 0.0342435 0.254113 0.572261 0.461156 0.567105 0.667541 0.716537 0.357263 0.27509 0.674596 0.236321 0.918258 0.645944 0.0671155 0.553135 0.696481 0.516518 0.502266 0.18101 0.25974 0.691352 0.824631 0.147346 0.0786673 0.451444 0.00763117 0.843398 0.589674 0.111818 0.614758 0.11401 0.881903 0.905929 0.226992 0.797087 0.335392 0.112815 0.58204 0.984757 0.170883 0.459854 0.640021 0.599053 0.757748 0.670996 0.95697
0.0135339 0.431158 0.350293 0.4132 0.128588 0.548585 0.863442 0.0362736 0.720958 0.293278 0.0110153 0.993904 0.107663 0.715218 0.199357 0.678749 0.700805 0.384462 0.0266229 0.188066 0.731044 0.191619 0.245278 0.480016 0.141885 0.0393286 0.625258 0.21364 0.309767 0.64091 0.0826542 0.172795 0.394712 0.817368 0.316387 0.641694 0.469715 0.35465 0.468416 0.279356 0.337204 0.11654 0.223506 0.0200777 0.868902 0.816057 0.162614 0.408351 0.787105 0.646441 0.484151 0.715968 0.835464 0.658569 0.0828855 0.949532 0.610983 0.615423 0.581911 0.553751 0.724854 0.799828 0.295154 7.33752e-05 0.590167 0.095055 0.0725281 0.240627 0.797271 0.575207 0.0556137 0.729696 0.977994 0.867286 0.932187 0.191678 0.0152949 0.388928 0.17135 0.549617 0.287728 0.925433 0.312894 0.411349 0.814069 0.141954 0.984743 0.590381 0.453424 0.607596 0.910191 0.371127 0.893727 0.705582 0.378419 0.298786 0.495747 0.755345 0.678139 0.911114 0.704264 0.748894 0.234248 0.171614 0.13559 0.566817 0.125881 0.668591 0.231671 0.671322 0.199721 0.172098 0.94317 0.18065 0.872111 0.3132 0.242481 0.873491 0.68491 0.614329 0.304938 0.362833 0.424605 0.870286 0.918505 0.949815 0.372025 0.668203 0.549339 0.0204184 0.212066 0.921451 0.732391 0.364095 0.907839 0.0688147 0.064944 0.0867968 0.446404 0.164053 0.0697294 0.45172 0.941911 0.739871 0.597834 0.83127 0.870704 0.250272 0.743984 0.833096 0.423952 0.461416 0.814685 0.641971 0.732566 0.564218 0.853759 0.335147 0.567082 0.987927 0.209676 0.738911 0.160418 0.187642 0.305518 0.335602 0.383098 0.214211 0.0580288 0.00273707 0.206864 0.738025 0.239739 0.847038 0.299531 0.295565 0.489205 0.0977356 0.636126 0.789947 0.840824 0.557288 0.028075 0.18027 0.312584 0.783485 0.325584 0.269135 0.926533 0.642807 0.9304 0.433919 0.443262 0.286628 0.82878 0.321247 0.901419 0.618796 0.348246 0.595689
0.587314 0.347605 0.107188 0.624002 0.126763 0.326037 0.622568 0.340244 0.118959 0.580464 0.103388 0.613701 0.657131 0.993544 0.0997741 0.913395 0.482607 0.472246 0.198555 0.929796 0.733691 0.459866 0.892233 0.499294 0.340354 0.353051 0.468391 0.368701 0.820675 0.964788 0.373067 0.0468233 0.0745944 0.794577 0.35465 0.335304 0.62757 0.236074 0.712689 0.161492 0.99229 0.335536 0.324198 0.632425 0.919591 0.530995 0.5592 0.3566 0.750178 0.872932 0.381634 0.47225 0.560419 0.399475 0.706142 0.146768 0.398247 0.104036 0.473945 0.458816 0.0599171 0.462905 0.0696835 0.554565 0.407729 0.242039 0.502941 0.603809 0.686295 0.534526 0.133289 0.215199 0.455672 0.506416 0.568372 0.0883899 0.637952 0.456605 0.461798 0.170786 0.444415 0.62751 0.588619 0.644311 0.953027 0.989968 0.511841 0.892378 0.338592 0.306522 0.294672 0.477879 0.290515 0.33764 0.247322 0.659992 0.0670834 0.843856 0.793237 0.708245 0.231622 0.602972 0.526442 0.712254 0.891298 0.6812 0.726549 0.160149 0.129091 0.548946 0.640341 0.91323 0.710777 0.646748 0.309931 0.534295 0.146103 0.818774 0.46233 0.814951 0.556343 0.871856 0.831659 0.596391 0.894184 0.903297 0.579948 0.640464 0.404151 0.995413 0.320533 0.686432 0.395246 0.866001 0.461948 0.597208 0.401319 0.399735 0.4197 0.52648 0.462657 0.226442 0.0340121 0.05775 0.643165 0.173625 0.69246 0.139653 0.531527 0.0871437 0.896463 0.719138 0.768488 0.0971518 0.0138815 0.642871 0.976281 0.614033 0.303696 0.779154 0.893263 0.0882167 0.952094 0.200961 0.421057 0.414588 0.832426 0.0949377 0.393573 0.193731 0.598954 0.985055 0.266308 0.468234 0.298815 0.508632 0.434829 0.608743 0.906164 0.833422 0.462102 0.571105 0.447191 0.956331 0.583743 0.710531 0.649925 0.116928 0.00717068 0.450367 0.623556 0.095691 0.363266 0.307711 0.0774061 0.111374 0.248497 0.536386 0.674626 0.981453
0.269913 0.382091 0.537412 0.182144 0.0342813 0.460404 0.0359487 0.228499 0.301121 0.601426 0.805572 0.270431 0.51707 0.222235 0.466474 0.0178549 0.70103 0.904706 0.358313 0.380429 0.158579 0.91789 0.116978 0.847926 0.54916 0.00912693 0.363915 0.292046 0.150218 0.161108 0.605457 0.189784 0.00115767 0.757159 0.0486206 0.680688 0.401611 0.222803 0.141827 0.278663 0.38204 0.598351 0.459689 0.224662 0.216316 0.180599 0.605664 0.497463 0.791418 0.582393 0.495137 0.227023 0.880127 0.475871 0.97072 0.607428 0.534385 0.811436 0.391497 0.12356 0.472541 0.424824 0.28016 0.410388 0.123409 0.25884 0.807486 0.833945 0.308396 0.983069 0.6484 0.380101 0.179063 0.381391 0.168538 0.709405 0.186593 0.434784 0.426513 0.483186 0.444997 0.221335 0.532502 0.0996172 0.0783972 0.803369 0.476563 0.735121 0.196098 0.105307 0.74401 0.802105 0.107445 0.766492 0.367006 0.757348 0.60408 0.73166 0.64427 0.769105 0.713897 0.263986 0.306351 0.0128324 0.397161 0.557129 0.179077 0.01805 0.178406 0.311498 0.789217 0.665344 0.0665488 0.598439 0.477682 0.371105 0.978761 0.526349 0.368434 0.869731 0.66218 0.333228 0.845446 0.126926 0.694865 0.928312 0.907189 0.842765 0.486837 0.366797 0.918255 0.986783 0.944084 0.467936 0.277609 0.214013 0.931088 0.121456 0.493844 0.910059 0.97097 0.0468605 0.737547 0.287788 0.413015 0.0111836 0.0560586 0.666551 0.393104 0.460682 0.980691 0.71473 0.473312 0.107108 0.681209 0.00963787 0.233054 0.511293 0.445986 0.0432601 0.480623 0.736181 0.684573 0.48204 0.421971 0.927747 0.520419 0.367899 0.262248 0.390989 0.363882 0.750307 0.842434 0.179316 0.627063 0.597728 0.626191 0.386718 0.263767 0.674317 0.390601 0.216955 0.912485 0.74794 0.0970839 0.500131 0.0268822 0.918658 0.589437 0.248888 0.65603 0.296959 0.943603 0.609883 0.292018 0.552417 0.100259 0.732434 0.242317 0.139469
0.212315 0.364399 0.482464 0.47892 0.464009 0.849835 0.673085 0.384994 0.691058 0.351871 0.140162 0.688265 0.798771 0.74594 0.427398 0.56358 0.0411899 0.402869 0.0356555 0.971987 0.227589 0.452315 0.961472 0.48139 0.450091 0.893753 0.118544 0.824358 0.408785 0.238549 0.632148 0.647522 0.95946 0.108815 0.463676 0.786615 0.0597206 0.57712 0.295188 0.0584371 0.786131 0.281544 0.811506 0.544381 0.107205 0.266499 0.588306 0.427922 0.385368 0.984607 0.601574 0.792372 0.412962 0.177458 0.653915 0.982909 0.829708 0.305968 0.34463 0.669665 0.0887277 0.573113 0.548984 0.883134 0.104135 0.434769 0.607459 0.451172 0.777639 0.179804 0.248402 0.464572 0.396791 0.0584213 0.5323 0.51578 0.880404 0.796101 0.611919 0.746289 0.789835 0.0328277 0.900835 0.103768 0.0300104 0.650239 0.477275 0.147483 0.336718 0.985061 0.304154 0.9165 0.246558 0.184389 0.5772 0.832014 0.154057 0.506976 0.0687668 0.975452 0.751424 0.649416 0.705333 0.439799 0.194473 0.661663 0.590304 0.068935 0.723508 0.910656 0.131211 0.299094 0.308692 0.189148 0.354898 0.809915 0.285743 0.457357 0.432586 0.995854 0.129175 0.264924 0.983596 0.507871 0.303476 0.360404 0.814349 0.777649 0.763987 0.616674 0.669067 0.194141 0.482304 0.0901033 0.0595327 0.753471 0.766052 0.456501 0.277977 0.366406 0.558838 0.373923 0.0214021 0.0724551 0.614902 0.185113 0.890975 0.562496 0.662754 0.920904 0.225974 0.956274 0.382587 0.914065 0.0956577 0.145512 0.958264 0.816815 0.339921 0.436865 0.534016 0.905472 0.772842 0.0660903 0.448988 0.436348 0.392951 0.357804 0.922138 0.379819 0.56113 0.318266 0.457948 0.770828 0.692006 0.0216446 0.379857 0.423294 0.898894 0.836849 0.156829 0.443742 0.256078 0.230922 0.72569 0.385604 0.547073 0.263161 0.474104 0.553113 0.0466775 0.999531 0.768934 0.644156 0.184342 0.941677 0.818649 0.737323 0.673925 0.61889
0.476709 0.692321 0.00854777 0.171833 0.93409 0.209554 0.0709903 0.460321 0.525622 0.457717 0.158505 0.445602 0.358926 0.825582 0.407529 0.930312 0.860596 0.767494 0.617796 0.706454 0.745629 0.979117 0.421902 0.678226 0.171392 0.701563 0.550938 0.794202 0.237538 0.539639 0.753157 0.620597 0.923486 0.65234 0.0960214 0.471309 0.487054 0.117665 0.989056 0.468822 0.382196 0.948974 0.924554 0.548139 0.798858 0.295856 0.267559 0.833007 0.22453 0.352167 0.835693 0.929275 0.640544 0.0891067 0.788543 0.100655 0.438694 0.616424 0.0369683 0.307018 0.12822 0.184926 0.277309 0.106799 0.246302 0.966468 0.450673 0.144912 0.121387 0.049165 0.0626813 0.724565 0.166188 0.840028 0.177236 0.440945 0.234196 0.575323 0.76201 0.302948 0.5872 0.582934 0.594243 0.705779 0.355687 0.772513 0.367817 0.900625 0.502961 0.550331 0.0539284 0.917373 0.918537 0.597624 0.515407 0.217922 0.726609 0.187506 0.320534 0.46553 0.584928 0.127952 0.239338 0.671042 0.146072 0.986932 0.409948 0.680838 0.269742 0.245672 0.632141 0.491653 0.889122 0.577128 0.63068 0.115321 0.0780129 0.360396 0.220724 0.364542 0.998866 0.654301 0.653927 0.624287 0.819419 0.445303 0.0721066 0.975503 0.752328 0.901981 0.420232 0.107996 0.501347 0.150602 0.532854 0.869831 0.608263 0.0897789 0.903472 0.727019 0.605235 0.966621 0.498337 0.110106 0.629346 0.65145 0.478919 0.859707 0.684032 0.335766 0.525796 0.935583 0.715002 0.965232 0.596541 0.911914 0.12007 0.300066 0.390541 0.78006 0.752673 0.752913 0.509328 0.792406 0.776444 0.496925 0.170158 0.078945 0.98049 0.126085 0.561075 0.312204 0.968745 0.597909 0.968627 0.0897606 0.809213 0.943454 0.968971 0.705764 0.570292 0.226482 0.571803 0.0815556 0.56685 0.463291 0.647867 0.391871 0.359045 0.244639 0.739529 0.437527 0.71802 0.398383 0.448181 0.00997522 0.177614 0.876273 0.0931785 0.4537
0.669985 0.388476 0.186339 0.950839 0.728869 0.667419 0.731373 0.0484491 0.237672 0.65974 0.446323 0.0347264 0.324344 0.0948984 0.994789 0.0315261 0.417866 0.583157 0.41772 0.232821 0.328834 0.961704 0.741976 0.0160962 0.910128 0.968624 0.953145 0.417156 0.135289 0.886538 0.0678193 0.0514373 0.479977 0.13292 0.938325 0.293838 0.539773 0.276168 0.483485 0.534036 0.255383 0.200757 0.626577 0.324215 0.436358 0.446606 0.0583266 0.123749 0.806849 0.212169 0.438338 0.0797913 0.483853 0.0935705 0.973689 0.728734 0.677903 0.988078 0.810284 0.250666 0.405345 0.473731 0.455051 0.870852 0.536096 0.31861 0.972154 0.711926 0.525311 0.937225 0.763075 0.0828986 0.445943 0.677644 0.628966 0.428751 0.637259 0.81288 0.58343 0.184243 0.535527 0.0327315 0.347827 0.589675 0.0486489 0.797276 0.620765 0.631211 0.0723959 0.381177 0.343341 0.086757 0.740943 0.704614 0.897191 0.662693 0.365916 0.437897 0.755653 0.87304 0.420641 0.943303 0.186577 0.503327 0.258289 0.517079 0.173497 0.793681 0.794946 0.938072 0.706913 0.850345 0.399517 0.379603 0.656513 0.349021 0.553401 0.86726 0.704297 0.508679 0.204572 0.196909 0.75838 0.546764 0.877108 0.0368857 0.506439 0.666802 0.794267 0.687598 0.241904 0.0134612 0.256645 0.0709155 0.878064 0.524647 0.841795 0.0113248 0.376107 0.39183 0.00142143 0.843764 0.820158 0.0585716 0.804891 0.209821 0.977689 0.74717 0.0809289 0.571713 0.89119 0.914565 0.406899 0.246912 0.205881 0.91298 0.749723 0.731776 0.678696 0.206772 0.287098 0.186879 0.722586 0.547869 0.86099 0.642408 0.592975 0.556246 0.0652871 0.657055 0.268089 0.248465 0.502711 0.104069 0.232919 0.603631 0.442792 0.196328 0.181777 0.492418 0.100755 0.457346 0.698402 0.182264 0.252806 0.690635 0.901412 0.956455 0.606747 0.535603 0.578642 0.932902 0.469967 0.218883 0.315837 0.534376 0.326419 0.343375 0.448097 0.434393
0.968939 0.324579 0.523448 0.127067 0.303803 0.995477 0.774694 0.889006 0.0419862 0.968321 0.47136 0.714691 0.736747 0.249427 0.935103 0.699772 0.0696788 0.964519 0.998344 0.871285 0.59608 0.167358 0.646912 0.843071 0.616355 0.646078 0.813258 0.776391 0.77669 0.482127 0.617318 0.875423 0.515335 0.403122 0.768068 0.387334 0.245933 0.360093 0.163681 0.864198 0.77898 0.817739 0.309694 0.0986658 0.889563 0.352904 0.303347 0.00320326 0.980451 0.788454 0.21662 0.487926 0.914898 0.200656 0.725839 0.42828 0.753197 0.660143 0.962878 0.285532 0.151466 0.86084 0.0650386 0.102265 0.402274 0.133145 0.827689 0.0268811 0.404028 0.00255475 0.0776455 0.155096 0.577734 0.305874 0.985905 0.042373 0.522971 0.370033 0.535343 0.292738 0.914577 0.547939 0.385409 0.585272 0.945867 0.424999 0.465224 0.655978 0.124841 0.605127 0.302357 0.361613 0.745936 0.576592 0.237415 0.802647 0.971882 0.895916 0.750254 0.998229 0.534023 0.037062 0.0527186 0.99598 0.797076 0.37401 0.100116 0.654803 0.882521 0.852408 0.0870986 0.411541 0.078885 0.0789123 0.118443 0.630698 0.461946 0.942029 0.831943 0.096043 0.20753 0.7686 0.0836976 0.410193 0.00252812 0.216903 0.383221 0.361174 0.0200924 0.490395 0.239983 0.84054 0.747939 0.59714 0.886574 0.044547 0.871145 0.731517 0.513254 0.820392 0.0553189 0.892466 0.395503 0.605416 0.366241 0.624518 0.831419 0.451495 0.73172 0.086919 0.396986 0.0236619 0.76966 0.78341 0.736924 0.229071 0.520659 0.473318 0.443307 0.113825 0.229142 0.307102 0.67318 0.881671 0.691491 0.352386 0.28083 0.69676 0.572393 0.695348 0.499347 0.500013 0.367512 0.338888 0.1338 0.912867 0.879551 0.15103 0.0821965 0.572495 0.653998 0.178391 0.698019 0.136031 0.504319 0.0123079 0.849955 0.343064 0.584329 0.255292 0.980197 0.939549 0.343431 0.232228 0.657819 0.16822 0.149114 0.762682 0.0994206 0.226396
0.318903 0.345537 0.705963 0.40335 0.403787 0.539647 0.798156 0.436282 0.23481 0.344635 0.38218 0.600419 0.408968 0.77204 0.693858 0.0186427 0.882657 0.299001 0.281295 0.788751 0.795774 0.39958 0.126927 0.335611 0.293561 0.873089 0.452622 0.744413 0.912516 0.781668 0.365908 0.159807 0.386506 0.569916 0.48627 0.0646589 0.0398587 0.113574 0.0940783 0.571506 0.992661 0.457278 0.558835 0.973014 0.253748 0.210291 0.8691 0.679893 0.886969 0.902212 0.00183846 0.211438 0.0841417 0.520459 0.336062 0.262787 0.875991 0.415711 0.192561 0.152285 0.599283 0.0700691 0.694745 0.306386 0.318474 0.836093 0.920241 0.826828 0.548546 0.278078 0.503848 0.910923 0.0265827 0.951137 0.860247 0.0867809 0.735673 0.0906874 0.330014 0.951147 0.825148 0.31366 0.399341 0.296694 0.0080656 0.902265 0.629567 0.294971 0.800626 0.263094 0.989255 0.390014 0.670437 0.727395 0.360885 0.76903 0.357821 0.317854 0.0684784 0.403123 0.788798 0.115768 0.665435 0.711964 0.821414 0.65689 0.634136 0.180367 0.713261 0.0783002 0.542384 0.961446 0.12277 0.642373 0.369823 0.221726 0.972236 0.504846 0.541697 0.0314195 0.0302759 0.52238 0.581894 0.350304 0.751599 0.219236 0.252446 0.743702 0.176298 0.535279 0.0470464 0.978668 0.254155 0.351405 0.415653 0.765402 0.868921 0.344767 0.416457 0.500406 0.0905861 0.518062 0.986955 0.207458 0.730107 0.0413037 0.00892398 0.529797 0.00132494 0.978801 0.247506 0.621933 0.538282 0.138902 0.56555 0.235605 0.389842 0.1933 0.0486613 0.837023 0.894147 0.400096 0.317899 0.104715 0.310376 0.507612 0.752153 0.703215 0.469093 0.970476 0.27839 0.152051 0.214301 0.265909 0.712506 0.38082 0.850616 0.733749 0.825616 0.518644 0.451514 0.9006 0.0601446 0.977878 0.00142281 0.778723 0.0671476 0.387517 0.835901 0.562139 0.117255 0.292629 0.67098 0.15814 0.204534 0.365243 0.308519 0.437169 0.0220812 0.0309096
0.760503 0.0629642 0.778123 0.573366 0.325588 0.759457 0.908477 0.889399 0.574897 0.9696 0.204662 0.142517 0.20005 0.407298 0.618612 0.782208 0.633009 0.884472 0.360204 0.302926 0.819198 0.748076 0.670585 0.102582 0.254088 0.117681 0.200609 0.0338854 0.944582 0.248304 0.585554 0.983821 0.480321 0.518359 0.0869611 0.0559344 0.645565 0.314661 0.512418 0.110519 0.110149 0.891961 0.458287 0.100237 0.0346419 0.277572 0.776778 0.992883 0.573638 0.588077 0.578885 0.632445 0.675663 0.419624 0.49407 0.512121 0.140946 0.592848 0.789579 0.951539 0.430624 0.646292 0.15815 0.499838 0.621753 0.916205 0.122448 0.0936914 0.59949 0.332469 0.414853 0.0373063 0.662945 0.126348 0.544143 0.880936 0.0667327 0.298692 0.312189 0.93827 0.446529 0.391244 0.418213 0.455882 0.863139 0.862874 0.703371 0.703964 0.441366 0.377139 0.854318 0.723632 0.360907 0.823889 0.182069 0.680001 0.984331 0.805611 0.40527 0.280632 0.877198 0.459601 0.557965 0.275497 0.134252 0.792029 0.844448 0.433289 0.136377 0.183604 0.0543193 0.696661 0.424314 0.956712 0.0464072 0.918207 0.0604743 0.0539041 0.107897 0.454925 0.122079 0.692261 0.895371 0.713822 0.69107 0.917973 0.401628 0.0847744 0.807275 0.134171 0.34137 0.332187 0.175693 0.428968 0.0573024 0.729827 0.705469 0.832007 0.616197 0.0548928 0.0692073 0.292273 0.599827 0.0773657 0.39129 0.510588 0.196762 0.500246 0.698057 0.942228 0.266234 0.602464 0.0242809 0.426457 0.851225 0.536643 0.0664027 0.62252 0.28175 0.333842 0.694436 0.516738 0.0325853 0.697931 0.094745 0.180155 0.888179 0.797085 0.0331328 0.494996 0.245537 0.0687838 0.691997 0.193672 0.401701 0.169384 0.680738 0.74094 0.491396 0.613123 0.413218 0.678405 0.297966 0.532033 0.271591 0.655174 0.535037 0.0195733 0.921623 0.041859 0.289304 0.833155 0.315502 0.58753 0.0518129 0.5773 0.471594 0.758611 0.641812 0.463621
0.285501 0.499039 0.0705375 0.71086 0.802342 0.920259 0.781784 0.605018 0.809669 0.290902 0.892371 0.889941 0.058706 0.175978 0.526021 0.911475 0.530883 0.22387 0.770945 0.76317 0.461491 0.199883 0.755896 0.212288 0.205387 0.520024 0.466078 0.116854 0.574794 0.968523 0.367366 0.967733 0.883616 0.138929 0.581008 0.454869 0.533298 0.924893 0.720602 0.685639 0.348465 0.767998 0.415963 0.029963 0.7448 0.701538 0.900733 0.117691 0.040478 0.675798 0.858564 0.590417 0.561792 0.48099 0.738231 0.306357 0.898283 0.515717 0.572084 0.124512 0.675464 0.814371 0.911027 0.233806 0.708167 0.849977 0.968984 0.73935 0.408437 0.205942 0.808304 0.0361817 0.395572 0.389657 0.859706 0.153868 0.0943111 0.753112 0.869641 0.434002 0.292289 0.127775 0.0517975 0.671224 0.73141 0.151767 0.440883 0.764076 0.124317 0.101003 0.00206599 0.847483 0.116333 0.27604 0.685338 0.864577 0.616756 0.544552 0.590582 0.226041 0.3589 0.232987 0.796755 0.183469 0.387729 0.898609 0.51992 0.911273 0.892556 0.327616 0.0531956 0.308512 0.609972 0.65569 0.928803 0.850476 0.834597 0.507585 0.0565803 0.248348 0.274179 0.974935 0.0164959 0.731833 0.990492 0.747765 0.63778 0.848275 0.413898 0.722016 0.563893 0.559949 0.534801 0.116852 0.340457 0.18505 0.83881 0.705527 0.340404 0.451924 0.943358 0.535247 0.421973 0.424992 0.158803 0.965958 0.97686 0.964689 0.77505 0.986797 0.0165687 0.365703 0.315121 0.315102 0.349841 0.459557 0.827472 0.744708 0.534149 0.389193 0.318779 0.424876 0.670321 0.089234 0.380122 0.49532 0.468086 0.979039 0.963405 0.689426 0.790151 0.82463 0.534683 0.940008 0.026365 0.833334 0.318169 0.639505 0.0621101 0.365359 0.390626 0.0452991 0.989351 0.962986 0.641318 0.455164 0.687394 0.0977408 0.506535 0.16338 0.190381 0.096686 0.422895 0.812338 0.507267 0.349449 0.635336 0.754163 0.129913 0.38218
0.934889 0.987393 0.929662 0.23218 0.733392 0.389337 0.852117 0.845407 0.232955 0.63019 0.520654 0.907002 0.85864 0.407757 0.301839 0.1602 0.365251 0.188125 0.707334 0.66225 0.191917 0.758259 0.233538 0.245374 0.477251 0.636576 0.927911 0.557748 0.00623479 0.0172823 0.779819 0.232265 0.480866 0.697847 0.054353 0.390291 0.650572 0.914818 0.373698 0.324314 0.0323788 0.318032 0.0961902 0.982304 0.815472 0.565433 0.562042 0.9587 0.983273 0.425485 0.757538 0.785147 0.458614 0.436762 0.290503 0.127835 0.847702 0.953813 0.378318 0.566791 0.657905 0.0498225 0.897354 0.440945 0.0984104 0.329591 0.611592 0.778345 0.711154 0.390226 0.0722309 0.836001 0.954337 0.326993 0.144214 0.216988 0.39253 0.766035 0.481293 0.243264 0.0181002 0.964216 0.731434 0.07652 0.237185 0.162891 0.977734 0.704074 0.750811 0.22852 0.998471 0.949307 0.634432 0.787336 0.842511 0.707848 0.90913 0.409796 0.367888 0.930871 0.769729 0.814519 0.783777 0.478118 0.783515 0.460014 0.427631 0.206177 0.15443 0.805136 0.586617 0.905838 0.864434 0.720554 0.489744 0.892089 0.63662 0.0526929 0.861598 0.203023 0.35871 0.887771 0.512571 0.134619 0.342674 0.987752 0.577445 0.960358 0.0895611 0.0693352 0.577111 0.502789 0.952694 0.651135 5.44554e-05 0.366253 0.780447 0.519665 0.764908 0.712431 0.459874 0.604983 0.956201 0.976051 0.939308 0.908505 0.754597 0.98066 0.940825 0.746806 0.139486 0.111449 0.249248 0.321815 0.0029853 0.93496 0.888283 0.717852 0.351431 0.879243 0.588193 0.793185 0.516231 0.929281 0.252868 0.685144 0.498878 0.136826 0.195243 0.550368 0.220291 0.369753 0.0576821 0.136655 0.887115 0.490024 0.138662 0.808781 0.55133 0.383708 0.711693 0.652642 0.610275 0.435478 0.673783 0.928557 0.516628 0.583424 0.683711 0.351918 0.967884 0.92441 0.0734462 0.239893 0.434883 0.961856 0.332282 0.941035 0.591994 0.203605
0.577477 0.0628422 0.259731 0.144597 0.972594 0.903285 0.935044 0.861179 0.0699875 0.785228 0.540222 0.480381 0.948929 0.712506 0.497791 0.382763 0.795446 0.0614711 0.123078 0.363031 0.386129 0.91518 0.620471 0.0384497 0.140937 0.150619 0.542045 0.618033 0.32596 0.844299 0.000268912 0.783036 0.865372 0.885833 0.456228 0.366515 0.987246 0.380432 0.371911 0.434362 0.606828 0.832775 0.262531 0.459858 0.815814 0.355342 0.854023 0.506008 0.587773 0.909034 0.940141 0.510919 0.384989 0.121747 0.877955 0.611644 0.981903 0.61956 0.862299 0.0663597 0.595541 0.986562 0.47781 0.734788 0.708319 0.386268 0.963105 0.0808782 0.0103947 0.967316 0.139069 0.0478292 0.0934872 0.280059 0.716739 0.658845 0.649073 0.268877 0.164799 0.405638 0.357664 0.344126 0.300739 0.773547 0.153152 0.979919 0.668753 0.244171 0.378474 0.303909 0.0383393 0.369987 0.150005 0.395962 0.709133 0.668699 0.195795 0.340703 0.0730528 0.928528 0.577534 0.907089 0.957409 0.677092 0.288454 0.200021 0.446933 0.307614 0.192733 0.288797 0.831193 0.328959 0.115791 0.810688 0.692903 0.313277 0.308701 0.788297 0.704558 0.112323 0.76593 0.41847 0.348662 0.249638 0.0608152 0.726089 0.814307 0.917544 0.316649 0.476206 0.470122 0.573491 0.642928 0.487195 0.977572 0.268841 0.998553 0.884359 0.971225 0.586202 0.0477441 0.589472 0.935402 0.0987106 0.404123 0.677375 0.264314 0.758591 0.701999 0.662883 0.281086 0.887114 0.111853 0.329945 0.915651 0.275368 0.329694 0.735509 0.80057 0.857495 0.624188 0.505034 0.953975 0.886929 0.36075 0.945706 0.0369655 0.242045 0.302295 0.26061 0.278967 0.224529 0.922011 0.390719 0.991331 0.303342 0.714085 0.668691 0.376945 0.702536 0.749844 0.714061 0.870062 0.509641 0.996872 0.815985 0.392099 0.746709 0.0753881 0.45259 0.162283 0.409901 0.258044 0.758171 0.717907 0.86064 0.122946 0.293733 0.463392 0.198421
0.453775 0.235323 0.357298 0.302657 0.648562 0.532722 0.684679 0.779649 0.526479 0.571864 0.204698 0.174052 0.00440621 0.915982 0.119261 0.148311 0.0989539 0.258837 0.334423 0.377904 0.299918 0.732469 0.469677 0.628863 0.259157 0.707586 0.266614 0.161715 0.943029 0.187123 0.253484 0.154904 0.670071 0.316848 0.591597 0.249381 0.252482 0.64255 0.830003 0.879553 0.0266651 0.909723 0.979509 0.985135 0.175883 0.456025 0.498344 0.858717 0.925928 0.184233 0.068364 0.860949 0.0518488 0.744176 0.0539147 0.548635 0.368141 0.958824 0.713864 0.928291 0.0683276 0.337869 0.0548694 0.259412 0.252027 0.145874 0.581739 0.777726 0.442569 0.582261 0.793565 0.429907 0.85304 0.680709 0.754445 0.59355 0.0707531 0.82793 0.751672 0.855967 0.390997 0.759848 0.690512 0.95545 0.829129 0.514159 0.345174 0.0774692 0.466598 0.386218 0.981481 0.00989954 0.0116701 0.303518 0.00137254 0.729078 0.684148 0.833303 0.157791 0.434822 0.271958 0.407946 0.890792 0.155778 0.634376 0.558884 0.707032 0.987749 0.695586 0.0134603 0.385925 0.608144 0.404947 0.512829 0.0745878 0.819424 0.450052 0.219823 0.581129 0.792811 0.535222 0.877685 0.983745 0.0180543 0.262918 0.28373 0.160701 0.491993 0.487432 0.555396 0.734498 0.560555 0.207462 0.204135 0.214996 0.459239 0.790335 0.0514966 0.870624 0.75288 0.975651 0.804506 0.642332 0.453024 0.802552 0.99227 0.900979 0.0984266 0.648034 0.521091 0.0842478 0.839701 0.609321 0.227063 0.678869 0.734241 0.763141 0.645257 0.0569375 0.0600628 0.525706 0.205516 0.0550469 0.404455 0.558883 0.834133 0.86855 0.460826 0.818625 0.66963 0.641348 0.705378 0.793779 0.423793 0.321574 0.277266 0.175584 0.688433 0.724381 0.0324541 0.960951 0.733612 0.933069 0.00204605 0.969032 0.269826 0.84926 0.23974 0.0435073 0.863564 0.636198 0.936097 0.558512 0.193413 0.457524 0.360391 0.38632 0.671154 0.615572 0.0893243
0.773753 0.703049 0.374554 0.894793 0.310681 0.344039 0.0665637 0.631799 0.346312 0.118322 0.600715 0.45765 0.12161 0.529091 0.623609 0.22754 0.157465 0.578554 0.657789 0.954377 0.312881 0.282254 0.470291 0.00829113 0.0160898 0.603721 0.59128 0.875859 0.301325 0.873973 0.127965 0.30276 0.310417 0.583743 0.918397 0.844688 0.515934 0.248373 0.508415 0.448876 0.286363 0.0166704 0.223933 0.882273 0.381096 0.193383 0.286952 0.707631 0.528537 0.645324 0.851316 0.396358 0.0807045 0.660994 0.652087 0.662705 0.230726 0.165463 0.971854 0.128988 0.432514 0.887605 0.114191 0.673716 0.315735 0.652611 0.533277 0.36009 0.777304 0.283391 0.671591 0.917468 0.484814 0.17575 0.545885 0.460067 0.0260559 0.630035 0.893671 0.432278 0.281658 0.437332 0.634844 0.988846 0.0597942 0.790316 0.316601 0.00867434 0.880256 0.516454 0.129554 0.45533 0.0221177 0.92474 0.181739 0.945744 0.951732 0.823357 0.125509 0.847117 0.987497 0.8024 0.287861 0.468785 0.000562756 0.99371 0.605089 0.287091 0.0827791 0.338252 0.848522 0.530373 0.0114721 0.566338 0.230811 0.904785 0.32011 0.0741239 0.0537343 0.74543 0.601626 0.136042 0.771064 0.543696 0.429264 0.228597 0.40629 0.98841 0.150555 0.463208 0.324994 0.110057 0.0448251 0.403326 0.968858 0.746122 0.972055 0.133156 0.893104 0.713181 0.765723 0.163774 0.452456 0.79745 0.819349 0.85574 0.948222 0.185606 0.357529 0.987177 0.166793 0.355264 0.186584 0.717078 0.314066 0.08647 0.115199 0.184181 0.815222 0.282305 0.643161 0.0575061 0.974989 0.278162 0.596376 0.69843 0.0674549 0.342974 0.828063 0.711658 0.724579 0.481553 0.629559 0.385722 0.0481116 0.51998 0.828306 0.340164 0.0260613 0.699511 0.288079 0.812871 0.693358 0.150297 0.915373 0.480794 0.274166 0.714764 0.544799 0.672885 0.930788 0.535678 0.429961 0.314919 0.144939 0.0277766 0.844503 0.0518158 0.0244211 0.842226
0.456691 0.287286 0.504509 0.508553 0.980291 0.659027 0.0274886 0.70745 0.86806 0.778956 0.187532 0.0769193 0.682189 0.582032 0.0678445 0.300003 0.0683487 0.424684 0.224085 0.861284 0.914251 0.36621 0.549803 0.910504 0.690927 0.881903 0.152572 0.682413 0.0603684 0.651042 0.54206 0.569585 0.0544943 0.683407 0.61464 0.972492 0.102472 0.789038 0.506238 0.841712 0.929316 0.746701 0.720746 0.354407 0.641188 0.076995 0.1872 0.943068 0.353789 0.000880919 0.25224 0.0868632 0.146807 0.0286222 0.0139567 0.145473 0.980088 0.467759 0.65129 0.326115 0.342524 0.348466 0.486565 0.861353 0.0844868 0.442907 0.375772 0.497788 0.642254 0.412931 0.183826 0.626185 0.0977904 0.350794 0.763415 0.291224 0.00319244 0.504534 0.950583 0.731515 0.112161 0.620068 0.951166 0.329645 0.267423 0.610707 0.616835 0.555798 0.636917 0.564321 0.528884 0.0717196 0.767316 0.520108 0.433778 0.61332 0.806184 0.888773 0.456854 0.544959 0.0950201 0.656474 0.0658396 0.0733106 0.0856583 0.720085 0.321629 0.532263 0.861837 0.986077 0.665799 0.213548 0.649567 0.408198 0.498678 0.951253 0.691901 0.471726 0.256918 0.725119 0.612661 0.751842 0.701751 0.0471389 0.988997 0.272433 0.467547 0.708436 0.13204 0.594873 0.744333 0.819334 0.303818 0.648828 0.545736 0.0174341 0.867245 0.455984 0.523189 0.919235 0.709232 0.213376 0.0432735 0.850817 0.630914 0.00564157 0.0861841 0.857527 0.216909 0.334122 0.128914 0.564917 0.921811 0.529893 0.133642 0.746651 0.907018 0.687011 0.0474718 0.263949 0.453095 0.553959 0.52174 0.528074 0.343955 0.0085514 0.298468 0.839802 0.585529 0.779096 0.655732 0.473873 0.457422 0.510146 0.12497 0.833785 0.520176 0.221701 0.525446 0.11146 0.638235 0.498427 0.188203 0.403535 0.277682 0.620572 0.592917 0.528873 0.568118 0.911385 0.56565 0.192142 0.891755 0.948361 0.181237 0.224998 0.450635 0.297061 0.800393 0.615445
0.358199 0.469238 0.943411 0.717737 0.734718 0.183521 0.121215 0.408362 0.551843 0.963929 0.941583 0.771087 0.0627852 0.416726 0.324412 0.294339 0.692248 0.541767 0.254768 0.0157011 0.459874 0.558421 0.88105 0.205075 0.534606 0.122919 0.473854 0.0586191 0.0726608 0.701613 0.160297 0.685906 0.115687 0.948555 0.792448 0.553619 0.708836 0.684976 0.856891 0.435284 0.78368 0.908338 0.609348 0.749653 0.850227 0.0586068 0.570096 0.228122 0.661278 0.209654 0.418021 0.142416 0.947742 0.85594 0.365324 0.627767 0.74547 0.586728 0.758962 0.542249 0.955948 0.273523 0.840621 0.653972 0.269782 0.964933 0.471469 0.490046 0.367653 0.61414 0.669762 0.247161 0.17085 0.649703 0.938032 0.951735 0.586979 0.20836 0.647729 0.183684 0.867127 0.664904 0.352312 0.575966 0.738942 0.382205 0.098344 0.873515 0.688728 0.295925 0.708822 0.811258 0.114156 0.785292 0.272001 0.40241 0.175828 0.648858 0.256381 0.0203772 0.332507 0.945981 0.227635 0.509343 0.912063 0.705161 0.760778 0.459979 0.935804 0.566382 0.906664 0.296176 0.387068 0.117639 0.330825 0.395249 0.133667 0.2815 0.978991 0.388988 0.133013 0.240668 0.258483 0.952989 0.125793 0.881005 0.723903 0.677759 0.591143 0.836566 0.968872 0.858096 0.367033 0.538399 0.600169 0.920809 0.149746 0.585664 0.936426 0.648376 0.525822 0.462213 0.150456 0.8399 0.589505 0.622791 0.80763 0.482677 0.334243 0.73597 0.96284 0.0467874 0.604173 0.330193 0.100168 0.29751 0.437659 0.177586 0.0811832 0.673561 0.238985 0.349932 0.843121 0.308566 0.304688 0.442824 0.546416 0.793491 0.238085 0.958861 0.121124 0.98894 0.284903 0.82274 0.162138 0.52981 0.489784 0.963721 0.218407 0.804066 0.298002 0.536242 0.859054 0.92316 0.404567 0.839249 0.289943 0.588197 0.411951 0.14532 0.342189 0.317343 0.0595252 0.50445 0.623369 0.726927 0.47051 0.430238 0.121156 0.428018
0.94406 0.174477 0.133064 0.629826 0.838109 0.074538 0.866385 0.674938 0.0448173 0.267114 0.314757 0.555273 0.503108 0.897725 0.631263 0.28281 0.261074 0.19661 0.121175 0.719882 0.131215 0.327126 0.155359 0.925874 0.415034 0.408711 0.482264 0.426259 0.0204959 0.456167 0.647131 0.495574 0.331077 0.946252 0.31199 0.428365 0.291787 0.531722 0.229005 0.375097 0.925945 0.380768 0.320248 0.257769 0.8844 0.768589 0.818913 0.677881 0.977431 0.921349 0.147043 0.685815 0.788831 0.785126 0.25472 0.483565 0.267827 0.016837 0.260943 0.625108 0.558355 0.452663 0.0397616 0.78132 0.965477 0.280608 5.53181e-05 0.815802 0.397596 0.667458 0.022137 0.284364 0.297827 0.517059 0.130472 0.0943677 0.680869 0.848448 0.480434 0.620004 0.186044 0.272565 0.333213 0.279693 0.964006 0.788035 0.632647 0.371263 0.640935 0.503254 0.673151 0.982034 0.164801 0.72572 0.515901 0.268385 0.0834427 0.0359156 0.240647 0.519052 0.18907 0.664173 0.303778 0.257866 0.309818 0.889402 0.988663 0.598942 0.0230155 0.920865 0.46515 0.882566 0.986078 0.967032 0.343882 0.0653316 0.323971 0.367004 0.225357 0.466125 0.973337 0.673008 0.00748054 0.762425 0.0586697 0.492118 0.560433 0.414685 0.330002 0.65476 0.745433 0.290899 0.356356 0.260832 0.590392 0.209972 0.742825 0.137533 0.616762 0.491357 0.459635 0.435068 0.432155 0.167598 0.117845 0.878112 0.842254 0.124232 0.759697 0.493798 0.251129 0.250195 0.420946 0.547699 0.351575 0.691735 0.932819 0.25204 0.39065 0.850257 0.956808 0.673102 0.853603 0.593811 0.615461 0.440269 0.0795502 0.367322 0.0770521 0.327456 0.901223 0.185455 0.86068 0.92128 0.631503 0.673698 0.442885 0.76259 0.137733 0.665153 0.242821 0.90639 0.518008 0.542696 0.538456 0.475766 0.294475 0.109586 0.87534 0.757675 0.417342 0.0725617 0.483225 0.920271 0.616042 0.828907 0.313499 0.301924 0.0568827 0.641586
0.369802 0.501786 0.6932 0.421102 0.994293 0.10424 0.265123 0.292239 0.693035 0.183273 0.563916 0.485383 0.6699 0.504682 0.45991 0.134067 0.307325 0.497022 0.907753 0.737254 0.0441985 0.199757 0.0536055 0.447108 0.0198919 0.548416 0.509019 0.806209 0.619527 0.927907 0.342437 0.101474 0.0470967 0.3676 0.254199 0.771429 0.607683 0.48067 0.621792 0.616172 0.0511621 0.954107 0.780213 0.442036 0.819612 0.46484 0.00497396 0.323352 0.830246 0.356559 0.224114 0.303004 0.0885115 0.235763 0.0495773 0.407428 0.2 0.332268 0.857008 0.300263 0.399357 0.0806388 0.0391022 0.62938 0.379282 0.537907 0.23369 0.422134 0.804277 0.0491188 0.720057 0.88396 0.236277 0.883307 0.151198 0.330029 0.0511248 0.632542 0.337815 0.156261 0.880737 0.606881 0.9274 0.207408 0.360233 0.839232 0.882525 0.239026 0.403304 0.018725 0.939587 0.368357 0.586437 0.861478 0.830197 0.399482 0.919784 0.111124 0.720441 0.674265 0.101231 0.0586067 0.833232 0.128326 0.00502446 0.81977 0.701781 0.791707 0.858169 0.580154 0.485086 0.650639 0.868563 0.804909 0.201581 0.395298 0.172581 0.215148 0.28925 0.0158414 0.910521 0.434406 0.821201 0.970306 0.614362 0.959698 0.221117 0.987136 0.135257 0.891424 0.53446 0.558844 0.327027 0.90406 0.840095 0.2351 0.610976 0.121828 0.437236 0.650914 0.546984 0.0926052 0.372994 0.243093 0.80804 0.0627649 0.343856 0.74639 0.85076 0.00675576 0.232471 0.0452914 0.619548 0.543211 0.814854 0.278295 0.307551 0.415411 0.88989 0.944037 0.0828873 0.638707 0.675888 0.565652 0.0556132 0.498639 0.235422 0.519407 0.213355 0.142401 0.309164 0.339979 0.724868 0.866487 0.606466 0.869918 0.613818 0.739365 0.0446596 0.750232 0.965794 0.385549 0.784242 0.70336 0.104789 0.747462 0.328577 0.230184 0.694361 0.233125 0.0145535 0.244671 0.142842 0.319389 0.0899656 0.904814 0.309132 0.587167 0.950389 0.2535
0.0765048 0.792802 0.584489 0.414588 0.786951 0.110423 0.212613 0.279192 0.440311 0.81218 0.952404 0.716817 0.848927 0.182152 0.145651 0.378097 0.62558 0.664577 0.630531 0.0262539 0.803048 0.604395 0.667641 0.67412 0.452224 0.437618 0.570543 0.439554 0.214428 0.204953 0.370385 0.107508 0.265808 0.477511 0.578262 0.674282 0.950798 0.719375 0.553816 0.898244 0.786745 0.845357 0.633282 0.642226 0.620411 0.622512 0.61088 0.731744 0.183521 0.016487 0.854994 0.0327882 0.223136 0.989878 0.326685 0.0394252 0.894652 0.110337 0.65965 0.9359 0.237501 0.734922 0.645742 0.947883 0.788405 0.269366 0.55487 0.616086 0.210133 0.638454 0.389452 0.722956 0.972514 0.643526 0.377715 0.628261 0.665634 0.78933 0.458492 0.172382 0.514391 0.371834 0.355641 0.827225 0.0575585 0.205064 0.830919 0.0479353 0.239831 0.579817 0.880885 0.279231 0.326668 0.504711 0.6047 0.162934 0.736475 0.15982 0.531746 0.90757 0.785307 0.172353 0.0114631 0.670836 0.13858 0.900843 0.545488 0.158028 0.47082 0.553236 0.443772 0.819771 0.0986653 0.634643 0.94198 0.576528 0.375649 0.913859 0.325794 0.467676 0.0235569 0.606225 0.672123 0.880919 0.60013 0.0708226 0.839936 0.297308 0.887698 0.71204 0.310919 0.979585 0.56822 0.265982 0.647309 0.250949 0.953836 0.535234 0.963541 0.147907 0.344332 0.577716 0.441055 0.909652 0.909489 0.871187 0.360004 0.42441 0.239317 0.62858 0.0541484 0.981481 0.842832 0.340625 0.579734 0.138398 0.81618 0.231749 0.811172 0.3151 0.120801 0.537877 0.543382 0.667719 0.68778 0.969647 0.680095 0.339651 0.813447 0.0122947 0.541577 0.481933 0.267791 0.313612 0.774093 0.769854 0.678747 0.813755 0.89851 0.150769 0.298203 0.449504 0.045178 0.114958 0.703288 0.866565 0.620994 0.722338 0.0218935 0.57065 0.350993 0.504797 0.96502 0.362975 0.450806 0.46754 0.259238 0.808541 0.902466 0.875362
0.33676 0.036606 0.166794 0.632127 0.0514632 0.487327 0.499649 0.939118 0.717571 0.337716 0.592521 0.743678 0.0291428 0.590243 0.702053 0.223047 0.391058 0.295926 0.854804 0.710037 0.107662 0.645147 0.0426289 0.105907 0.583247 0.480629 0.996709 0.936213 0.304146 0.524137 0.227907 0.100397 0.114419 0.114746 0.4889 0.260556 0.653049 0.750012 0.33066 0.646087 0.599919 0.506469 0.734005 0.906145 0.614435 0.110444 0.112096 0.864856 0.603735 0.19585 0.270323 0.0526946 0.0208601 0.916039 0.441769 0.638809 0.816101 0.963418 0.445861 0.607746 0.172788 0.907908 0.377224 0.813295 0.812668 0.196256 0.14741 0.388694 0.0744964 0.815333 0.234458 0.109086 0.360018 0.28951 0.640047 0.0835165 0.412279 0.62641 0.183065 0.19797 0.387977 0.8947 0.995185 0.93692 0.593973 0.284161 0.590357 0.133032 0.598803 0.810451 0.817901 0.715595 0.137375 0.830549 0.129943 0.979407 0.822641 0.876005 0.263371 0.587294 0.413804 0.476811 0.343646 0.27605 0.0360996 0.463168 0.987379 0.65361 0.375732 0.411442 0.859137 0.739282 0.793655 0.00689386 0.3355 0.0496118 0.595406 0.455784 0.329464 0.931071 0.839768 0.567607 0.602952 0.365011 0.370392 0.125853 0.086935 0.301275 0.926991 0.0858672 0.434511 0.131339 0.568555 0.498493 0.845747 0.520163 0.787859 0.951558 0.396484 0.112477 0.953507 0.382272 0.389344 0.834238 0.125485 0.273563 0.210743 0.353938 0.646878 0.2426 0.410271 0.0198624 0.252803 0.339307 0.12247 0.125996 0.338577 0.195919 0.442121 0.992081 0.630524 0.911768 0.303983 0.686183 0.947932 0.636717 0.4316 0.21073 0.831327 0.0398345 0.0758117 0.609653 0.804077 0.368825 0.479524 0.425713 0.0946675 0.0278477 0.0535892 0.175831 0.420457 0.776761 0.56956 0.700217 0.675839 0.0282969 0.522479 0.679708 0.502271 0.181617 0.506685 0.412602 0.782548 0.76365 0.00739097 0.725779 0.470854 0.503513 0.670476 0.677756
0.363695 0.0686881 0.0729236 0.536952 0.0767337 0.330609 0.851154 0.36126 0.339482 0.657045 0.489945 0.777694 0.96106 0.355709 0.341175 0.310927 0.323899 0.489053 0.739323 0.00414269 0.0131572 0.430073 0.482339 0.0238668 0.378444 0.0843474 0.157223 0.690967 0.302574 0.257985 0.241732 0.0255065 0.886436 0.274687 0.0348624 0.760396 0.34175 0.196124 0.220467 0.237501 0.437003 0.569519 0.634042 0.912185 0.799075 0.71099 0.31583 0.579589 0.228006 0.457378 0.436377 0.455312 0.544894 0.864943 0.0829587 0.108764 0.371871 0.401373 0.589926 0.486341 0.798364 0.715628 0.408445 0.00547329 0.368678 0.28689 0.0268035 0.281635 0.0647806 0.408743 0.19139 0.501357 0.138639 0.837259 0.355708 0.965213 0.65567 0.589716 0.298518 0.158144 0.885672 0.474126 0.815538 0.89599 0.365514 0.0660152 0.0140132 0.220294 0.631328 0.808091 0.797611 0.923755 0.967589 0.898612 0.561158 0.230839 0.588447 0.535461 0.818268 0.49519 0.861022 0.359979 0.189421 0.415302 0.986421 0.845239 0.121282 0.313843 0.3564 0.644049 0.663812 0.0307885 0.56697 0.801941 0.260839 0.69611 0.858346 0.972467 0.921262 0.0183295 0.460927 0.215596 0.358488 0.725747 0.982767 0.402561 0.234668 0.520313 0.561439 0.933074 0.789453 0.388191 0.99583 0.112781 0.348007 0.000564246 0.77498 0.146279 0.991968 0.23719 0.26108 0.646659 0.683429 0.157193 0.60424 0.82009 0.237941 0.838241 0.596219 0.960351 0.344867 0.334392 0.306598 0.325913 0.34445 0.0954342 0.202282 0.134847 0.0279392 0.603462 0.282607 0.877151 0.19624 0.147018 0.878756 0.448182 0.914527 0.893512 0.540573 0.565606 0.877999 0.830395 0.821498 0.563983 0.176573 0.0964334 0.208148 0.515942 0.572556 0.226705 0.0442935 0.668642 0.781318 0.913845 0.83491 0.60416 0.665981 0.757501 0.480455 0.000879338 0.44374 0.366812 0.602366 0.827655 0.247636 0.487706 0.312647 0.892584 0.445002 0.991669
0.271687 0.422942 0.274903 0.708967 0.0494702 0.648181 0.898984 0.00731454 0.446039 0.800249 0.890025 0.546806 0.00105542 0.153067 0.238684 0.00657845 0.270607 0.406813 0.794217 0.9683 0.913799 0.400305 0.863777 0.571546 0.307483 0.361053 0.590893 0.475097 0.604122 0.475219 0.336054 0.836321 0.722536 0.835526 0.219323 0.421243 0.775327 0.0249219 0.569558 0.130312 0.750576 0.29874 0.664832 0.13526 0.779894 0.466959 0.537327 0.990689 0.149278 0.191491 0.0832377 0.340803 0.354968 0.785414 0.691601 0.450354 0.00913288 0.311612 0.0411016 0.444676 0.182985 0.0683219 0.580345 0.79799 0.325442 0.180365 0.82575 0.870549 0.370896 0.250479 0.0124166 0.99918 0.60009 0.991454 0.737428 0.568684 0.317086 0.229847 0.120384 0.745675 0.71926 0.978281 0.235442 0.718745 0.227671 0.0607845 0.906721 0.0668154 0.984974 0.567654 0.414033 0.353878 0.10666 0.281628 0.770958 0.160013 0.656677 0.282566 0.702814 0.121947 0.897258 0.411573 0.0778092 0.53276 0.0962587 0.568169 0.895037 0.627222 0.310028 0.727043 0.45111 0.963143 0.762826 0.29127 0.0828669 0.864437 0.21262 0.427524 0.636993 0.136786 0.973222 0.0126274 0.511544 0.40107 0.666674 0.209822 0.76476 0.918333 0.221488 0.075594 0.656009 0.98477 0.676769 0.110162 0.000780846 0.347596 0.605477 0.691462 0.295197 0.208361 0.941152 0.262421 0.548815 0.986263 0.0570112 0.437866 0.453672 0.265607 0.902235 0.442343 0.900662 0.943244 0.831486 0.505453 0.295395 0.631852 0.916469 0.570244 0.33746 0.74889 0.0320727 0.233482 0.290707 0.440002 0.325951 0.209458 0.630205 0.463935 0.218388 0.18533 0.0790577 0.823942 0.403849 0.58332 0.00703181 0.649211 0.727289 0.420464 0.814607 0.675663 0.138626 0.131252 0.493667 0.787016 0.373471 0.051607 0.0218922 0.0376426 0.570103 0.940991 0.333506 0.485082 0.758252 0.561956 0.271232 0.290693 0.23626 0.158573 0.669657 0.845279
0.36796 0.406885 0.978414 0.788854 0.93854 0.970879 0.681703 0.0332777 0.332387 0.399208 0.721863 0.667522 0.666043 0.880398 0.88587 0.553448 0.631735 0.742608 0.725487 0.499403 0.0240927 0.245588 0.101271 0.757912 0.130069 0.539192 0.555251 0.201701 0.0516659 0.939872 0.392597 0.353851 0.737091 0.500562 0.845467 0.232288 0.766835 0.65542 0.702513 0.766042 0.0414939 0.59423 0.158791 0.729434 0.477536 0.688564 0.841841 0.976136 0.744625 0.934986 0.265652 0.610343 0.857149 0.416523 0.784151 0.712317 0.919162 0.162767 0.0558841 0.857087 0.721553 0.194334 0.831963 0.0622276 0.923634 0.963282 0.34143 0.490569 0.239638 0.795203 0.122875 0.3839 0.91168 0.507778 0.299288 0.636996 0.544618 0.0150107 0.740115 0.0356368 0.930888 0.745193 0.358657 0.54635 0.925272 0.770605 0.983554 0.143303 0.466831 0.700861 0.176139 0.518438 0.182621 0.967075 0.540411 0.714893 0.515002 0.167059 0.297902 0.770992 0.653006 0.293281 0.655982 0.934702 0.485572 0.381206 0.925261 0.915093 0.513904 0.192705 0.623874 0.559133 0.125835 0.812444 0.138256 0.905332 0.189408 0.869153 0.108032 0.0784108 0.330547 0.225297 0.0664515 0.268849 0.577892 0.124771 0.688023 0.138647 0.0751206 0.0896258 0.600499 0.135884 0.8657 0.438047 0.163978 0.955155 0.915011 0.796132 0.164566 0.369931 0.891358 0.295994 0.356352 0.274083 0.131936 0.296941 0.587541 0.962267 0.756478 0.155559 0.73417 0.385939 0.650354 0.868207 0.383662 0.929099 0.730915 0.266398 0.425549 0.129392 0.351121 0.782603 0.844637 0.91193 0.300372 0.954029 0.319145 0.0997208 0.0317019 0.925821 0.276908 0.542553 0.390238 0.766372 0.702107 0.763066 0.556305 0.649171 0.192132 0.667586 0.0266397 0.579041 0.58786 0.296919 0.744471 0.670806 0.435564 0.167657 0.698301 0.878057 0.142006 0.907254 0.740758 0.369318 0.164896 0.55111 0.908591 0.354886 0.332304 0.956059
0.0886663 0.0817615 0.889307 0.00348862 0.232464 0.614165 0.953877 0.774459 0.722757 0.469848 0.611831 0.603345 0.411844 0.489828 0.748795 0.107974 0.472135 0.0458251 0.691926 0.118481 0.79577 0.523911 0.346588 0.373979 0.801564 0.274235 0.194728 0.409473 0.051871 0.120485 0.46908 0.759983 0.701747 0.960469 0.460268 0.491079 0.182353 0.448093 0.785742 0.320662 0.859081 0.646791 0.519826 0.42016 0.550015 0.267931 0.103833 0.886528 0.717999 0.833248 0.579359 0.0307935 0.876783 0.0138822 0.18155 0.489829 0.917062 0.309853 0.938672 0.444528 0.727258 0.352182 0.560256 0.388976 0.0661123 0.980246 0.033089 0.554156 0.479185 0.963772 0.121439 0.00629025 0.981506 0.267384 0.12197 0.173237 0.383544 0.539932 0.0560288 0.385047 0.976859 0.403421 0.24697 0.147319 0.729797 0.803645 0.193644 0.212467 0.296973 0.128835 0.220229 0.702349 0.600525 0.395899 0.085137 0.667655 0.331725 0.0157249 0.365302 0.872944 0.769907 0.911071 0.236319 0.0826716 0.338912 0.480385 0.723349 0.767542 0.460392 0.538927 0.515524 0.463377 0.142247 0.969858 0.523892 0.369325 0.128682 0.234367 0.228343 0.596766 0.982646 0.0226848 0.32561 0.687081 0.917215 0.34804 0.284601 0.703009 0.793792 0.721576 0.252765 0.240394 0.743154 0.0592794 0.699145 0.710611 0.516877 0.412408 0.802728 0.481077 0.0967388 0.0281625 0.517147 0.374368 0.27951 0.875801 0.327372 0.132852 0.87601 0.635651 0.496755 0.393453 0.286638 0.808552 0.600941 0.929055 0.767984 0.314064 0.533555 0.474879 0.924528 0.142023 0.272713 0.132974 0.613701 0.712515 0.156379 0.341078 0.2941 0.578044 0.361143 0.762437 0.0428836 0.490703 0.18993 0.983758 0.678938 0.439023 0.426178 0.63005 0.768708 0.950677 0.337926 0.945407 0.87342 0.724729 0.642194 0.717872 0.176496 0.254796 0.873559 0.702486 0.71093 0.66253 0.582987 0.251998 0.190816 0.515074 0.00662713 0.968704
0.787251 0.737316 0.748891 0.426815 0.629514 0.301183 0.569577 0.0673023 0.669644 0.604399 0.767932 0.261633 0.789403 0.635843 0.0302319 0.391142 0.00831599 0.782705 0.144595 0.612941 0.551239 0.404064 0.0160221 0.230821 0.240424 0.218138 0.172913 0.775176 0.312973 0.796067 0.135298 0.278948 0.373413 0.778384 0.643627 0.893818 0.206729 0.287419 0.418269 0.563244 0.595108 0.102804 0.977505 0.487335 0.293486 0.62708 0.893164 0.554529 0.398248 0.140798 0.0130224 0.896586 0.344111 0.822222 0.676656 0.664429 0.785943 0.0983651 0.344737 0.347945 0.370878 0.550397 0.699961 0.820704 0.356974 0.507076 0.286574 0.763157 0.267621 0.515873 0.148125 0.0959765 0.453349 0.175676 0.677408 0.445056 0.324744 0.987627 0.40876 0.587311 0.340948 0.717027 0.084514 0.516636 0.846611 0.635425 0.26029 0.22435 0.579628 0.110098 0.225733 0.735715 0.164923 0.298113 0.261151 0.12322 0.249393 0.447529 0.306773 0.602053 0.619509 0.386756 0.973733 0.637531 0.589809 0.612869 0.331284 0.764631 0.0854707 0.641447 0.812907 0.868401 0.671734 0.618068 0.840362 0.0100348 0.613294 0.100237 0.25857 0.834817 0.0362327 0.905713 0.110369 0.614909 0.376846 0.794518 0.960052 0.788694 0.325282 0.839252 0.956877 0.141783 0.747633 0.786026 0.987645 0.717694 0.95709 0.108921 0.325461 0.416185 0.100522 0.215836 0.664928 0.0579815 0.187561 0.381906 0.193375 0.276956 0.273419 0.873276 0.467507 0.201222 0.0507499 0.514895 0.934502 0.662202 0.0570334 0.114368 0.952596 0.239687 0.790001 0.725174 0.303722 0.706284 0.564609 0.535059 0.101893 0.236531 0.740534 0.736835 0.799798 0.0273403 0.477921 0.431202 0.743686 0.513744 0.611048 0.0568626 0.338064 0.251075 0.596635 0.973617 0.311145 0.469266 0.868849 0.905944 0.377861 0.806797 0.00396792 0.83113 0.969848 0.544607 0.0243394 0.0967898 0.151308 0.866148 0.485581 0.945055 0.52196 0.310068
0.139488 0.187231 0.323031 0.0251014 0.796021 0.0229058 0.38597 0.075764 0.588819 0.65336 0.840863 0.226552 0.25113 0.240689 0.977148 0.0982283 0.798514 0.463184 0.95799 0.320473 0.0582387 0.0669525 0.226847 0.955896 0.711496 0.129064 0.775353 0.859315 0.923604 0.593526 0.340275 0.535501 0.395431 0.634713 0.0324795 0.965347 0.214168 0.465836 0.65622 0.923902 0.179891 0.341808 0.471708 0.0241065 0.640029 0.0205357 0.256797 0.372264 0.288585 0.544599 0.420103 0.995661 0.304192 0.403878 0.0992155 0.465912 0.45448 0.556018 0.865457 0.13595 0.937158 0.173956 0.120292 0.656568 0.564612 0.887534 0.646697 0.543057 0.75916 0.222617 0.0685152 0.839949 0.273287 0.6082 0.783575 0.370134 0.0848772 0.343848 0.785358 0.618374 0.96704 0.783025 0.772679 0.302884 0.779373 0.728655 0.653016 0.218139 0.595099 0.00374528 0.631418 0.536541 0.388242 0.344537 0.33756 0.0765405 0.524813 0.544736 0.0382576 0.738037 0.732789 0.775396 0.0743543 0.549442 0.869779 0.481574 0.201656 0.43414 0.695337 0.128299 0.887528 0.484396 0.048014 0.32713 0.616338 0.727247 0.959479 0.755719 0.924481 0.109631 0.741727 0.564842 0.87874 0.60516 0.202624 0.969099 0.497814 0.495651 0.826938 0.770148 0.388696 0.416558 0.258882 0.250006 0.356017 0.719771 0.433321 0.186804 0.280858 0.448718 0.633934 0.795862 0.696219 0.578083 0.355414 0.105517 0.863451 0.157439 0.533743 0.0418884 0.893133 0.517495 0.419466 0.442972 0.286953 0.0351197 0.779537 0.0274704 0.116896 0.0708186 0.820356 0.800941 0.247681 0.0886474 0.0421045 0.529578 0.333344 0.485438 0.00839267 0.459522 0.317246 0.460971 0.16664 0.667019 0.705976 0.817586 0.533804 0.3557 0.346406 0.437804 0.485031 0.342095 0.0737967 0.842882 0.827483 0.0785553 0.47963 0.953711 0.862624 0.592143 0.821454 0.647564 0.990363 0.220104 0.549883 0.68382 0.479053 0.795552 0.274359 0.424209
0.187651 0.765786 0.605977 0.0522667 0.193318 0.513759 0.736712 0.501339 0.57118 0.870587 0.355922 0.91551 0.187859 0.528511 0.584538 0.379246 0.387336 0.407046 0.215261 0.471109 0.604026 0.674417 0.392987 0.380264 0.311898 0.807022 0.699601 0.259285 0.196141 0.99157 0.413463 0.850498 0.483739 0.513221 0.547334 0.0451944 0.18409 0.0725546 0.349599 0.0638033 0.329282 0.359834 0.419995 0.812776 0.0776134 0.439427 0.595572 0.297367 0.93005 0.2791 0.676232 0.0655466 0.424566 0.0965201 0.0913122 0.754311 0.377681 0.765681 0.193683 0.54967 0.488189 0.884468 0.285129 0.230474 0.448133 0.0582339 0.674235 0.147822 0.110705 0.544434 0.694811 0.591343 0.0598394 0.392507 0.612466 0.355774 0.191696 0.454204 0.165029 0.114921 0.168945 0.61753 0.518381 0.941934 0.90394 0.14917 0.379699 0.793098 0.292931 0.330952 0.960626 0.646875 0.799244 0.251079 0.945264 0.276526 0.14112 0.276382 0.583404 0.153485 0.0806124 0.359758 0.0207225 0.507881 0.86032 0.938498 0.232881 0.905192 0.513206 0.647354 0.52251 0.623862 0.254998 0.325039 0.872899 0.752655 0.0520381 0.558001 0.843668 0.535501 0.628422 0.975932 0.600195 0.884602 0.784251 0.545229 0.194344 0.697894 0.0547985 0.940866 0.115932 0.783154 0.268503 0.573055 0.6965 0.255737 0.65908 0.593985 0.468216 0.0400309 0.0205555 0.820025 0.661688 0.865346 0.36934 0.0425407 0.870618 0.974448 0.217275 0.935566 0.101444 0.158383 0.190306 0.470672 0.371961 0.416981 0.629628 0.0751854 0.668889 0.357728 0.589169 0.20051 0.803982 0.561734 0.371987 0.127474 0.224836 0.180658 0.497157 0.772298 0.621895 0.270495 0.152462 0.122486 0.0220791 0.383236 0.096111 0.945834 0.413565 0.590749 0.851525 0.372458 0.0503605 0.532782 0.832014 0.695276 0.539633 0.301523 0.738154 0.447298 0.353137 0.889506 0.927354 0.740964 0.281172 0.88156 0.813393 0.851809 0.0967343 0.911387
0.104298 0.972471 0.0222217 0.646811 0.0580076 0.401165 0.664354 0.790547 0.857754 0.290592 0.37466 0.975018 0.00615549 0.221785 0.0563511 0.449042 0.759785 0.497418 0.107317 0.491597 0.0172966 0.797853 0.932565 0.250926 0.490019 0.217295 0.656078 0.150289 0.213455 0.203386 0.199005 0.405823 0.877107 0.295262 0.0844234 0.305884 0.38667 0.390327 0.276713 0.601167 0.446039 0.574139 0.201911 0.766628 0.0647432 0.55295 0.349675 0.00694395 0.96606 0.747488 0.51247 0.265213 0.122985 0.639785 0.328141 0.782313 0.600018 0.840785 0.453915 0.900711 0.367616 0.375959 0.0846692 0.710243 0.486049 0.0328541 0.896099 0.969621 0.575504 0.352815 0.354233 0.340447 0.334573 0.795889 0.215566 0.900994 0.871817 0.0972852 0.796876 0.677113 0.640777 0.62443 0.0944663 0.230385 0.599378 0.439114 0.932573 0.0138057 0.667855 0.384465 0.0676431 0.690685 0.0425261 0.930773 0.12027 0.349335 0.0114052 0.144667 0.385108 0.263759 0.334054 0.361767 0.655416 0.154619 0.204398 0.205172 0.260561 0.0934467 0.929237 0.19265 0.684599 0.455088 0.407937 0.467408 0.394263 0.769888 0.233968 0.866493 0.544583 0.433196 0.610433 0.632284 0.195926 0.992959 0.854074 0.144645 0.55442 0.986813 0.529911 0.834964 0.212002 0.246502 0.726742 0.331267 0.807237 0.399868 0.988977 0.775521 0.430049 0.715528 0.933742 0.0613871 0.788463 0.443446 0.537827 0.109518 0.745605 0.712333 0.000232617 0.804566 0.0505348 0.471249 0.599558 0.759549 0.833788 0.46102 0.749708 0.387379 0.767424 0.807098 0.306655 0.132907 0.554493 0.904989 0.321969 0.267231 0.773932 0.47471 0.713803 0.169269 0.967601 0.972852 0.915677 0.0899635 0.474313 0.124155 0.167065 0.281404 0.279449 0.323045 0.19886 0.138585 0.950072 0.681432 0.151611 0.455731 0.929294 0.261965 0.204365 0.494084 0.114047 0.267959 0.578394 0.783398 0.676084 0.192107 0.401958 0.728536 0.302416 0.818374
0.230835 0.727437 0.878886 0.590843 0.111441 0.74589 0.388414 0.094693 0.326089 0.994624 0.491329 0.485012 0.502218 0.243103 0.550281 0.692062 0.185814 0.766137 0.903772 0.261345 0.0516391 0.537656 0.267608 0.412964 0.220323 0.366396 0.984199 0.975971 0.697904 0.699949 0.205411 0.809457 0.266204 0.800612 0.579656 0.17118 0.124384 0.208248 0.151564 0.11098 0.829195 0.046145 0.750266 0.43588 0.816518 0.52187 0.0780406 0.247215 0.686937 0.901408 0.637124 0.444742 0.330206 0.859507 0.415771 0.993384 0.651376 0.381254 0.969261 0.628206 0.608568 0.971115 0.635306 0.081144 0.374799 0.482361 0.0129934 0.761098 0.353261 0.919153 0.686851 0.656937 0.805853 0.735279 0.998212 0.043269 0.163638 0.661292 0.566752 0.538742 0.841414 0.870454 0.54342 0.0371827 0.300099 0.689745 0.73708 0.401894 0.699743 0.593054 0.0693205 0.553942 0.148943 0.450296 0.154866 0.426888 0.424097 0.96184 0.05895 0.550721 0.839484 0.139282 0.984237 0.230922 0.445125 0.648362 0.0753917 0.902916 0.267449 0.265677 0.232944 0.38576 0.76725 0.0563827 0.730375 0.957781 0.282016 0.187066 0.627873 0.362456 0.978673 0.990833 0.0959902 0.774232 0.390242 0.423937 0.65497 0.632902 0.482916 0.691218 0.697468 0.0835886 0.338842 0.600897 0.576618 0.129783 0.493893 0.431375 0.285679 0.685439 0.915521 0.755294 0.521868 0.433971 0.378564 0.528946 0.347691 0.46902 0.853852 0.901846 0.315399 0.491865 0.265777 0.141287 0.208398 0.702157 0.804466 0.42917 0.361857 0.277427 0.527819 0.817277 0.0994822 0.869079 0.986632 0.0218031 0.67133 0.21465 0.320023 0.212915 0.323629 0.616777 0.751234 0.299035 0.704095 0.396315 0.0253804 0.270401 0.570208 0.748312 0.298457 0.564876 0.830578 0.747223 0.00457658 0.318456 0.586476 0.745755 0.862687 0.235664 0.745703 0.970095 0.293592 0.371466 0.544861 0.915435 0.10167 0.488658 0.840707 0.832402
0.677027 0.952063 0.719104 0.573323 0.613327 0.469693 0.257306 0.462483 0.617847 0.154016 0.242233 0.628425 0.844971 0.883149 0.0613632 0.537484 0.536355 0.0375016 0.926664 0.379093 0.445731 0.0636734 0.12676 0.107155 0.646879 0.917174 0.0797747 0.731067 0.674689 0.425183 0.988575 0.515991 0.247339 0.182426 0.282351 0.717343 0.762256 0.0581939 0.958513 0.711956 0.800833 0.666689 0.0295636 0.893183 0.881599 0.912937 0.039606 0.890865 0.425358 0.737054 0.81317 0.68357 0.743927 0.604176 0.177086 0.206871 0.0655552 0.605686 0.99409 0.43215 0.0531106 0.0946883 0.274535 0.266624 0.370536 0.341169 0.435695 0.129485 0.598202 0.886145 0.65491 0.830043 0.0106657 0.49804 0.107983 0.840101 0.279791 0.758576 0.592131 0.235049 0.869203 0.440185 0.73014 0.135609 0.678221 0.878203 0.776881 0.930147 0.858859 0.504788 0.528767 0.161943 0.772022 0.977343 0.902109 0.3678 0.722981 0.78896 0.361525 0.333095 0.197224 0.863682 0.609146 0.0325589 0.0189263 0.599343 0.271698 0.236961 0.918123 0.00243154 0.922889 0.723541 0.0509002 0.481595 0.503729 0.600939 0.831369 0.171151 0.00143772 0.457962 0.956181 0.118029 0.537412 0.409083 0.0256854 0.863651 0.823479 0.773645 0.893893 0.386692 0.681743 0.163715 0.853962 0.366166 0.890818 0.607972 0.404904 0.769498 0.302027 0.895163 0.735855 0.040856 0.660275 0.559636 0.774152 0.769295 0.415832 0.355477 0.939323 0.593965 0.04484 0.8135 0.0226652 0.490991 0.14658 0.780084 0.707943 0.33669 0.889859 0.22299 0.687288 0.96208 0.441851 0.245744 0.00330869 0.258417 0.256451 0.276858 0.182227 0.83582 0.351244 0.722799 0.599161 0.239793 0.321054 0.819327 0.901432 0.104997 0.34853 0.614499 0.713132 0.721053 0.116172 0.674776 0.999097 0.168606 0.673723 0.264004 0.825715 0.092142 0.905622 0.333423 0.0662566 0.264687 0.146329 0.382659 0.774025 0.455532 0.685305 0.763626
0.696975 0.30543 0.955368 0.697202 0.236545 0.0310214 0.740653 0.563922 0.877977 0.757042 0.406284 0.810191 0.893394 0.752503 0.577648 0.826921 0.350228 0.695565 0.287116 0.973183 0.806517 0.347423 0.0280865 0.244801 0.631739 0.767376 0.185972 0.670713 0.636415 0.442277 0.633531 0.572516 0.517222 0.356062 0.0707468 0.341257 0.982164 0.654588 0.623579 0.115504 0.136384 0.962478 0.149677 0.450083 0.180614 0.157722 0.651438 0.0994229 0.350263 0.823423 0.516303 0.302009 0.410482 0.610528 0.55447 0.922461 0.857372 0.93203 0.483948 0.552486 0.870672 0.613823 0.41936 0.206394 0.243747 0.796457 0.102795 0.242357 0.393803 0.19318 0.595213 0.335559 0.766863 0.00333944 0.306625 0.484117 0.0541471 0.811348 0.0283922 0.439461 0.321558 0.396456 0.545317 0.261455 0.521206 0.459143 0.366205 0.966098 0.587957 0.923941 0.468821 0.243084 0.158367 0.289283 0.141839 0.114971 0.570284 0.665047 0.668344 0.110442 0.971101 0.530169 0.117023 0.0175523 0.582476 0.621204 0.809418 0.0663581 0.29403 0.583694 0.603109 0.930284 0.530962 0.228512 0.142056 0.436961 0.806958 0.513023 0.730239 0.837573 0.143454 0.127006 0.481663 0.872015 0.0274097 0.842007 0.101791 0.881526 0.648358 0.740206 0.650439 0.960619 0.803635 0.0349012 0.16139 0.73191 0.545275 0.257005 0.53096 0.385 0.0522851 0.430886 0.83685 0.987504 0.985072 0.941491 0.849062 0.471502 0.874195 0.486224 0.277295 0.857615 0.921219 0.101721 0.739429 0.785924 0.63368 0.0818538 0.387788 0.504679 0.369036 0.217714 0.0512405 0.0948786 0.784322 0.181592 0.471221 0.442712 0.204663 0.73225 0.680517 0.41696 0.437236 0.16297 0.320319 0.563927 0.781019 0.646137 0.361519 0.157318 0.265385 0.112147 0.317655 0.723197 0.095692 0.627034 0.884252 0.140858 0.117988 0.937028 0.0399126 0.761736 0.619742 0.357948 0.0563669 0.389668 0.161324 0.337984 0.866452 0.392107
0.241937 0.568767 0.933647 0.621321 0.57434 0.0469979 0.70522 0.880214 0.737043 0.436137 0.971467 0.988138 0.290033 0.373017 0.0105621 0.0187391 0.978219 0.761733 0.0520904 0.463441 0.65366 0.357541 0.902808 0.251355 0.963551 0.393031 0.189213 0.0975924 0.144929 0.475399 0.950679 0.260582 0.337589 0.385162 0.75609 0.499362 0.775676 0.604665 0.555154 0.802109 0.292863 0.864843 0.730515 0.717192 0.398767 0.500907 0.669426 0.266454 0.378005 0.473449 0.0278911 0.116645 0.86177 0.1867 0.125211 0.0623034 0.497626 0.494575 0.426728 0.121078 0.221601 0.7201 0.772792 0.0892091 0.619867 0.648868 0.550322 0.691482 0.497357 0.584352 0.928017 0.368758 0.963892 0.899266 0.230139 0.915755 0.00537906 0.620343 0.230982 0.784387 0.285539 0.513593 0.487195 0.763332 0.0681882 0.0303088 0.538308 0.169579 0.161988 0.705599 0.440371 0.507268 0.0229967 0.0542419 0.166472 0.160375 0.726507 0.988893 0.108816 0.63832 0.309429 0.933094 0.203601 0.356882 0.332257 0.821308 0.794762 0.560211 0.089393 0.330418 0.517431 0.527112 0.559877 0.30647 0.73653 0.587243 0.371375 0.919728 0.548491 0.337446 0.530889 0.462414 0.305726 0.598311 0.286931 0.724696 0.0534784 0.424423 0.0497068 0.357381 0.125109 0.0952937 0.775804 0.558605 0.452306 0.384686 0.961475 0.729926 0.728871 0.577654 0.708395 0.442071 0.515343 0.332838 0.885396 0.030303 0.967365 0.110287 0.917034 0.796809 0.742296 0.416566 0.561134 0.80743 0.215009 0.0686449 0.49987 0.0635078 0.104611 0.586418 0.551061 0.71903 0.858517 0.698678 0.96447 0.306425 0.958815 0.809384 0.377325 0.141933 0.462029 0.112431 0.651269 0.336104 0.733061 0.30871 0.365871 0.754148 0.832756 0.305958 0.437597 0.549954 0.00551591 0.688253 0.825049 0.945984 0.929374 0.892977 0.72379 0.410394 0.893277 0.177318 0.366352 0.00270796 0.180261 0.422283 0.975408 0.60517 0.157373 0.410361
0.0832007 0.606916 0.857854 0.477588 0.438023 0.846842 0.451297 0.465735 0.538384 0.348859 0.164997 0.0699926 0.474146 0.667337 0.41374 0.766311 0.368296 0.0368813 0.254312 0.721244 0.0432207 0.379795 0.781546 0.77803 0.963752 0.338542 0.224538 0.134125 0.813134 0.0735115 0.541802 0.774504 0.428477 0.0992793 0.131063 0.742223 0.587968 0.498415 0.499357 0.107378 0.925767 0.0196844 0.559786 0.792817 0.412967 0.348789 0.827191 0.401523 0.703366 0.331804 0.695968 0.765085 0.179597 0.015626 0.375499 0.448425 0.221236 0.374588 0.741658 0.279334 0.495709 0.369147 0.709419 0.0352191 0.754021 0.521992 0.446203 0.0972575 0.224921 0.909805 0.740545 0.754558 0.279514 0.432465 0.157029 0.763475 0.565453 0.727189 0.44516 0.89844 0.60598 0.344375 0.460283 0.161289 0.0453563 0.814576 0.00151753 0.957561 0.659623 0.491983 0.0264362 0.708842 0.729911 0.780868 0.240481 0.103817 0.331726 0.687349 0.905169 0.694439 0.63648 0.28719 0.519267 0.10476 0.40799 0.726416 0.895135 0.102161 0.333509 0.0580099 0.0868726 0.558739 0.25363 0.613316 0.467481 0.714358 0.516967 0.70629 0.366816 0.0702591 0.516864 0.554004 0.776761 0.610574 0.440247 0.494539 0.443859 0.881991 0.336118 0.609919 0.674969 0.488934 0.858775 0.490925 0.587621 0.754081 0.801529 0.70595 0.796906 0.970173 0.860093 0.745235 0.831687 0.461672 0.834158 0.861917 0.700122 0.851431 0.816641 0.756612 0.773378 0.57696 0.428589 0.302454 0.422291 0.942553 0.522666 0.302349 0.421583 0.363202 0.21231 0.160582 0.782218 0.895837 0.840947 0.476274 0.169302 0.964168 0.859804 0.723255 0.301278 0.0144334 0.0102985 0.966897 0.314952 0.129706 0.371683 0.0744305 0.121661 0.902868 0.45127 0.613458 0.19293 0.237014 0.60853 0.860315 0.5769 0.705779 0.317625 0.580997 0.0519277 0.196058 0.948893 0.941404 0.218527 0.218879 0.813989 0.776055 0.449094 0.444438
0.881452 0.644865 0.0658215 0.957655 0.684691 0.186518 0.259156 0.863362 0.682429 0.926915 0.0658501 0.635711 0.0196763 0.938073 0.556881 0.787293 0.828935 0.108559 0.737789 0.822546 0.871543 0.631027 0.714045 0.716148 0.629151 0.824348 0.724109 0.446559 0.197879 0.920006 0.551297 0.786375 0.618722 0.942651 0.580852 0.770951 0.163309 0.408029 0.913535 0.288782 0.654631 0.976298 0.572171 0.833407 0.466064 0.713185 0.0162277 0.715238 0.854701 0.2625 0.00486777 0.949284 0.397362 0.169957 0.614753 0.0363771 0.934271 0.00053332 0.764334 0.517938 0.860705 0.00592757 0.296586 0.847867 0.60071 0.0647594 0.0907714 0.259245 0.917571 0.620519 0.695319 0.925217 0.629881 0.442908 0.344039 0.932203 0.0426248 0.974457 0.489246 0.350951 0.413681 0.0159873 0.603435 0.876782 0.754783 0.824021 0.290621 0.639793 0.678794 0.081893 0.223584 0.449976 0.100257 0.432304 0.664146 0.415802 0.470252 0.781998 0.449667 0.0279928 0.355793 0.356807 0.969515 0.972003 0.610692 0.220324 0.377548 0.905159 0.39017 0.508236 0.0255291 0.338474 0.79561 0.495346 0.926477 0.418206 0.987088 0.840597 0.895432 0.211113 0.831358 0.321248 0.548773 0.546615 0.274905 0.582434 0.993496 0.703924 0.483967 0.344218 0.964963 0.134383 0.709174 0.911996 0.812505 0.898975 0.454422 0.800775 0.722528 0.692484 0.72954 0.713784 0.242491 0.248312 0.11134 0.815068 0.71181 0.608431 0.692513 0.509711 0.100972 0.0462117 0.902149 0.574106 0.620349 0.164907 0.244276 0.974928 0.000691931 0.532576 0.555257 0.171826 0.215757 0.278963 0.108653 0.832287 0.575164 0.462639 0.905384 0.0951501 0.54928 0.591928 0.743996 0.0102383 0.030297 0.600294 0.222732 0.997429 0.851276 0.995343 0.905184 0.155035 0.631466 0.48858 0.954249 0.517945 0.738579 0.734426 0.463628 0.808237 0.954691 0.488373 0.262758 0.814422 0.862255 0.951025 0.276533 0.471834 0.022924 0.909106
0.443121 0.956098 0.908083 0.509187 0.627109 0.337659 0.0745113 0.530999 0.511814 0.749125 0.0409963 0.499754 0.471818 0.182002 0.0113413 0.27444 0.232644 0.44076 0.126669 0.387515 0.977227 0.738818 0.552194 0.940856 0.415299 0.914966 0.0127 0.435502 0.534787 0.0924222 0.207866 0.480369 0.99142 0.502678 0.212468 0.316561 0.121135 0.581473 0.93223 0.1631 0.266301 0.494376 0.526555 0.347952 0.184195 0.638477 0.495229 0.0691191 0.807851 0.181683 0.750753 0.632027 0.139003 0.592718 0.600318 0.476505 0.981735 0.474707 0.115583 0.633635 0.933824 0.168628 0.942311 0.203035 0.831679 0.327042 0.69737 0.230266 0.249723 0.733285 0.468584 0.851188 0.276086 0.675734 0.832776 0.117835 0.989181 0.116515 0.303121 0.101436 0.141667 0.23871 0.951264 0.906686 0.598862 0.430557 0.273341 0.526029 0.417113 0.392989 0.0443436 0.676155 0.280675 0.188179 0.78277 0.623795 0.487506 0.355058 0.910229 0.521854 0.794196 0.0337005 0.383686 0.268538 0.637289 0.291161 0.111675 0.463788 0.0504103 0.772584 0.846473 0.62559 0.544237 0.733236 0.68394 0.661193 0.874744 0.347747 0.900491 0.414524 0.302097 0.726805 0.760249 0.254277 0.624192 0.507553 0.378131 0.165895 0.912407 0.760484 0.912469 0.532011 0.218098 0.547822 0.748553 0.273486 0.241326 0.564841 0.265229 0.510206 0.217443 0.107629 0.0149449 0.553983 0.311867 0.316321 0.410892 0.952529 0.946035 0.0331866 0.342774 0.256088 0.829975 0.863387 0.646756 0.584728 0.909518 0.266478 0.14728 0.0942437 0.970768 0.423507 0.507945 0.498352 0.207894 0.933979 0.164457 0.995071 0.471215 0.427475 0.704243 0.723074 0.799799 0.501006 0.475003 0.112563 0.547997 0.775181 0.804948 0.160626 0.342669 0.524385 0.722651 0.477208 0.85258 0.931446 0.544506 0.64509 0.772496 0.926606 0.280512 0.62164 0.538979 0.381564 0.294724 0.175373 0.293228 0.869239 0.81991 0.150457
0.867877 0.130549 0.386504 0.601003 0.819914 0.413312 0.834969 0.911641 0.443536 0.728192 0.261628 0.838359 0.57481 0.0434613 0.639778 0.602645 0.249121 0.768849 0.178669 0.962689 0.527683 0.793951 0.245485 0.637252 0.694741 0.981166 0.607131 0.999307 0.550113 0.740328 0.498382 0.511919 0.480628 0.368544 0.199824 0.740248 0.694966 0.796077 0.92699 0.288141 0.65402 0.16236 0.0706593 0.470728 0.336588 0.386798 0.314928 0.208564 0.641037 0.137103 0.961001 0.987229 0.38158 0.336623 0.110171 0.35399 0.188492 0.498928 0.701967 0.707507 0.125333 0.751348 0.384506 0.845009 0.31476 0.557338 0.265552 0.59379 0.125377 0.567522 0.808743 0.582179 0.382112 0.438995 0.0141166 0.0506929 0.900243 0.66455 0.781145 0.594645 0.798543 0.914341 0.303214 0.561151 0.454868 0.053265 0.403645 0.37626 0.475703 0.0831477 0.769865 0.946696 0.50491 0.657898 0.15189 0.845306 0.0495346 0.690658 0.751868 0.853336 0.988412 0.599506 0.462615 0.64603 0.790783 0.957969 0.142364 0.105904 0.626002 0.139225 0.883665 0.187588 0.0790733 0.256669 0.0237062 0.569856 0.276796 0.421533 0.449386 0.0616627 0.139524 0.283541 0.879875 0.625627 0.815264 0.881237 0.498778 0.266038 0.191095 0.804681 0.00826967 0.847149 0.696145 0.942486 0.584846 0.167027 0.726887 0.314708 0.748159 0.643261 0.528092 0.452366 0.29301 0.515029 0.737954 0.220037 0.460477 0.346395 0.0781457 0.10049 0.509834 0.711256 0.519201 0.0969048 0.0323633 0.386834 0.691675 0.36906 0.352503 0.311052 0.722836 0.564734 0.0638762 0.239763 0.37448 0.999397 0.779333 0.478369 0.848668 0.24298 0.723877 0.506984 0.832944 0.0261069 0.679308 0.498683 0.616157 0.0509051 0.238901 0.508189 0.0149034 0.970958 0.186655 0.476318 0.540019 0.312795 0.974375 0.922573 0.423705 0.945746 0.596737 0.0300792 0.897709 0.0512588 0.721532 0.714169 0.369899 0.330167 0.618272 0.634408
0.817983 0.199265 0.102163 0.130439 0.0085883 0.0915725 0.551846 0.815303 0.367361 0.306589 0.745446 0.744301 0.939089 0.176315 0.227636 0.483956 0.821589 0.729036 0.260292 0.142735 0.548213 0.201125 0.0995482 0.826526 0.805482 0.790857 0.337206 0.276976 0.84442 0.994256 0.679185 0.349303 0.692023 0.716045 0.228936 0.683004 0.98612 0.321577 0.70631 0.889659 0.706361 0.616234 0.182248 0.543569 0.391149 0.926941 0.051741 0.399499 0.062069 0.808615 0.253711 0.789487 0.939454 0.244342 0.830683 0.299079 0.765357 0.391683 0.446499 0.115006 0.77716 0.3958 0.664109 0.239414 0.450313 0.462162 0.131595 0.489331 0.33044 0.92644 0.769648 0.958121 0.392294 0.294513 0.996102 0.835035 0.0865842 0.08156 0.960103 0.390433 0.999499 0.0196032 0.399002 0.659105 0.315544 0.95635 0.363287 0.61581 0.1133 0.832637 0.45564 0.226402 0.244286 0.272518 0.0226658 0.217873 0.719333 0.861438 0.371273 0.454938 0.709802 0.278998 0.785936 0.416851 0.666012 0.166548 0.0572034 0.0982041 0.147024 0.532644 0.336475 0.865673 0.812944 0.0273815 0.682462 0.0275985 0.933244 0.315519 0.111736 0.42493 0.0931653 0.107587 0.111368 0.986477 0.233157 0.354252 0.540273 0.170551 0.15024 0.0518703 0.0372298 0.899348 0.949678 0.85457 0.0895391 0.482725 0.242354 0.798716 0.464764 0.0530894 0.415758 0.121468 0.08185 0.365768 0.281239 0.612065 0.173881 0.368306 0.209628 0.0379406 0.0357766 0.306596 0.572049 0.512741 0.405281 0.00520797 0.0921367 0.880731 0.357139 0.905449 0.456218 0.331644 0.778435 0.194717 0.848013 0.384337 0.734931 0.233072 0.823339 0.62486 0.0445825 0.479481 0.512885 0.140312 0.332778 0.775283 0.20413 0.0595225 0.976818 0.754249 0.936807 0.0160863 0.542268 0.283877 0.156744 0.874672 0.171937 0.439931 0.195784 0.640528 0.246985 0.688748 0.930444 0.858219 0.69874 0.771988 0.185402 0.389847 0.936029 0.597144
0.644335 0.170585 0.514289 0.684275 0.986731 0.0655509 0.0309436 0.518786 0.0889784 0.744594 0.185393 0.791094 0.612886 0.211678 0.400913 0.33749 0.344935 0.659312 0.300114 0.122144 0.0291715 0.172171 0.99257 0.956459 0.156489 0.782063 0.849394 0.131653 0.223968 0.665677 0.344519 0.363931 0.509912 0.86088 0.363768 0.747024 0.290677 0.370045 0.741912 0.472386 0.77492 0.127154 0.552631 0.246081 0.947015 0.684444 0.0620227 0.000950649 0.329195 0.260848 0.0704431 0.540362 0.0826616 0.204293 0.0328547 0.637749 0.712377 0.824616 0.414603 0.055476 0.374455 0.496176 0.243321 0.586046 0.961042 0.191278 0.806114 0.0812448 0.439593 0.732871 0.668094 0.0950977 0.788411 0.154045 0.885551 0.271723 0.995724 0.45787 0.274329 0.329378 0.101966 0.961495 0.573092 0.0996294 0.717594 0.185645 0.687115 0.276191 0.615888 0.249901 0.807012 0.984541 0.861598 0.714497 0.314764 0.302942 0.131926 0.62343 0.18261 0.861082 0.0774318 0.356127 0.675194 0.262485 0.882614 0.691685 0.690979 0.221441 0.20599 0.10627 0.539042 0.308142 0.382047 0.932859 0.14954 0.434183 0.640451 0.135887 0.104308 0.185842 0.830774 0.369648 0.676635 0.353749 0.531491 0.562708 0.198234 0.762898 0.250517 0.450686 0.391525 0.067018 0.348715 0.118274 0.974581 0.454229 0.927964 0.0237971 0.550796 0.914269 0.185479 0.9598 0.813702 0.564241 0.785181 0.0886056 0.220931 0.61007 0.611448 0.168373 0.332589 0.0523953 0.479765 0.136316 0.443662 0.513915 0.5974 0.387796 0.854187 0.425263 0.949556 0.42038 0.297714 0.147094 0.387399 0.262563 0.0462752 0.914751 0.368604 0.102383 0.668768 0.161496 0.727416 0.985967 0.967669 0.0413421 0.182894 0.397042 0.505459 0.551126 0.219501 0.345321 0.915531 0.163949 0.65491 0.382608 0.119182 0.215329 0.709421 0.000913029 0.0870708 0.465701 0.346358 0.200729 0.712927 0.133496 0.675694 0.184048 0.769277 0.588925
0.642206 0.183662 0.817609 0.310429 0.66695 0.832813 0.627177 0.392721 0.740124 0.814548 0.629424 0.637566 0.577648 0.360968 0.081358 0.214124 0.309912 0.799698 0.631898 0.145589 0.485139 0.757827 0.763518 0.623916 0.523377 0.418671 0.274075 0.315856 0.866992 0.983304 0.505458 0.56025 0.157242 0.374019 0.217341 0.303222 0.961603 0.279152 0.757746 0.978913 0.00473867 0.975643 0.240407 0.868704 0.114485 0.000805776 0.937627 0.537008 0.61594 0.82875 0.80942 0.226612 0.54347 0.71366 0.340818 0.639448 0.574106 0.815903 0.763334 0.740797 0.413664 0.940332 0.772581 0.783029 0.616895 0.519287 0.459708 0.220153 0.0397551 0.249502 0.0776328 0.677903 0.764109 0.780434 0.0914168 0.544057 0.638832 0.183487 0.691973 0.827069 0.400359 0.788513 0.997739 0.660441 0.315703 0.294198 0.816429 0.704612 0.959907 0.959872 0.459109 0.370202 0.167508 0.942083 0.828632 0.939312 0.261485 0.727179 0.279531 0.642885 0.367886 0.483921 0.466413 0.648238 0.618645 0.208404 0.157306 0.0627972 0.100945 0.901382 0.797681 0.785111 0.494228 0.0620876 0.752464 0.398278 0.165716 0.0628345 0.402228 0.830097 0.860534 0.362965 0.268429 0.961849 0.258407 0.855676 0.504039 0.112009 0.906625 0.126876 0.719798 0.479941 0.805451 0.381667 0.239424 0.0155964 0.883376 0.748781 0.753837 0.47057 0.358697 0.87417 0.435214 0.656642 0.585046 0.0988411 0.894924 0.165821 0.331077 0.861414 0.575549 0.22403 0.572325 0.293652 0.345533 0.341162 0.279543 0.284827 0.304704 0.0414757 0.409872 0.367422 0.236343 0.0688055 0.404877 0.981068 0.572631 0.792511 0.0197459 0.116719 0.662266 0.751869 0.95776 0.261489 0.488682 0.574482 0.414513 0.684487 0.379408 0.682145 0.0259125 0.406965 0.240652 0.12556 0.858239 0.0203377 0.248673 0.0750253 0.10309 0.145672 0.778199 0.338544 0.637933 0.682633 0.484058 0.612565 0.339087 0.179353 0.808698 0.70655
0.282371 0.78296 0.85089 0.392784 0.844297 0.725631 0.41176 0.132866 0.0533699 0.554994 0.766596 0.896798 0.931408 0.582854 0.913723 0.0821988 0.337327 0.772341 0.397172 0.770907 0.689957 0.042283 0.312061 0.118101 0.553434 0.0197525 0.0600921 0.4701 0.485416 0.856712 0.389815 0.999378 0.58876 0.261046 0.727098 0.235855 0.0179212 0.488832 0.566953 0.834077 0.685819 0.897778 0.994909 0.00297382 0.456448 0.481785 0.684981 0.429544 0.415381 0.232553 0.193503 0.529754 0.997974 0.183178 0.615241 0.179852 0.357454 0.723378 0.513345 0.282476 0.0378536 0.127713 0.180296 0.12721 0.310726 0.160549 0.184069 0.763225 0.0904966 0.734612 0.287877 0.147403 0.344385 0.854958 0.366193 0.816473 0.890464 0.9567 0.883687 0.647363 0.993514 0.332598 0.37125 0.615849 0.277546 0.60468 0.402002 0.456212 0.627939 0.0421505 0.336694 0.415612 0.929017 0.00732489 0.854219 0.791901 0.453293 0.292798 0.0935752 0.6179 0.313632 0.454518 0.820459 0.380322 0.959115 0.175956 0.552732 0.997796 0.85854 0.245162 0.890191 0.673844 0.112636 0.891556 0.740897 0.916383 0.706788 0.49509 0.676092 0.0438319 0.637239 0.0918102 0.466444 0.874888 0.589225 0.355904 0.0113729 0.00550823 0.932907 0.357181 0.883112 0.723691 0.115286 0.0493909 0.267461 0.857777 0.291268 0.491792 0.751636 0.398017 0.524668 0.4034 0.166794 0.451026 0.0996979 0.580549 0.0278074 0.892634 0.156857 0.715286 0.0837072 0.816816 0.605492 0.0224629 0.711055 0.924524 0.258761 0.0557449 0.427849 0.29746 0.214135 0.976886 0.639089 0.595343 0.245049 0.110017 0.053175 0.578623 0.0947448 0.354762 0.066067 0.0490369 0.386985 0.199989 0.15048 0.231741 0.437963 0.6748 0.655364 0.187394 0.145067 0.449929 0.0151792 0.0768456 0.683193 0.591738 0.165571 0.813776 0.920197 0.830308 0.362217 0.463381 0.422563 0.258601 0.243148 0.637424 0.378913 0.726287 0.41944 0.874251
0.44362 0.550892 0.0281129 0.801759 0.567029 0.201754 0.162834 0.441746 0.495666 0.485458 0.35414 0.211187 0.635316 0.5415 0.592828 0.972544 0.888348 0.930011 0.951402 0.794471 0.51339 0.619046 0.776863 0.466258 0.218408 0.754311 0.929204 0.645151 0.0245334 0.149978 0.779309 0.521242 0.79665 0.767625 0.574344 0.966645 0.409909 0.909054 0.259653 0.3892 0.250537 0.605524 0.785442 0.120352 0.812685 0.16065 0.0408232 0.427419 0.0393612 0.694259 0.856108 0.0724609 0.649871 0.820798 0.85881 0.32803 0.707242 0.544867 0.818613 0.379787 0.114962 0.0119368 0.064048 0.505654 0.811789 0.335018 0.74323 0.644858 0.928175 0.315665 0.176692 0.277105 0.768731 0.527405 0.569534 0.267699 0.844163 0.522107 0.425174 0.15734 0.0592853 0.685329 0.448535 0.0867097 0.645218 0.386188 0.0614473 0.398734 0.537106 0.626749 0.391488 0.610698 0.10177 0.471762 0.609282 0.473488 0.461948 0.9982 0.57794 0.292395 0.827089 0.949779 0.801207 0.518917 0.742908 0.88654 0.931176 0.855563 0.348855 0.48766 0.0125152 0.238611 0.741191 0.948452 0.823689 0.993114 0.667348 0.503207 0.937772 0.0223437 0.973978 0.861137 0.506034 0.675778 0.854282 0.0749362 0.469273 0.086335 0.765746 0.395493 0.405412 0.277677 0.0300654 0.846572 0.433231 0.707275 0.997428 0.249679 0.0133561 0.548503 0.392118 0.205889 0.815762 0.856659 0.647172 0.125787 0.117925 0.130608 0.522128 0.760036 0.237294 0.196101 0.182794 0.358958 0.748932 0.347581 0.900392 0.501637 0.716447 0.633882 0.0824479 0.612844 0.216681 0.557687 0.789526 0.450236 0.271026 0.734872 0.697993 0.724625 0.907915 0.201461 0.685984 0.855998 0.372447 0.937665 0.477019 0.230662 0.798923 0.00719278 0.967066 0.777485 0.155299 0.639271 0.329271 0.850279 0.753053 0.324732 0.670748 0.54988 0.97201 0.470031 0.108057 0.693772 0.112426 0.614645 0.13702 0.671134 0.349247 0.947831
0.298287 0.333211 0.0163104 0.609763 0.569894 0.197645 0.617712 0.998083 0.146422 0.874283 0.882132 0.0919824 0.272305 0.467591 0.971027 0.280976 0.537653 0.161282 0.567334 0.307569 0.108866 0.767629 0.828808 0.00584183 0.171666 0.91846 0.409768 0.947367 0.976239 0.454793 0.833008 0.973212 0.258441 0.983329 0.183459 0.109991 0.626402 0.906463 0.917363 0.302501 0.501524 0.286361 0.213355 0.507177 0.179176 0.366174 0.92582 0.460559 0.599279 0.968456 0.163145 0.683051 0.453248 0.99855 0.0680743 0.492822 0.997444 0.978534 0.708435 0.322626 0.457202 0.229312 0.639878 0.385096 0.110917 0.442982 0.47357 0.295359 0.755758 0.491444 0.255756 0.918411 0.0116332 0.404833 0.514728 0.974454 0.676643 0.228647 0.378902 0.960386 0.402323 0.438503 0.210955 0.746818 0.00328681 0.458368 0.394833 0.724127 0.752646 0.691881 0.186369 0.825271 0.08441 0.671955 0.447812 0.0496011 0.0768517 0.587995 0.623653 0.201591 0.738304 0.489366 0.630007 0.778156 0.366485 0.0484927 0.364136 0.987546 0.94798 0.822263 0.275888 0.0592941 0.048644 0.278225 0.787192 0.0638937 0.725494 0.0906567 0.589292 0.344402 0.308582 0.617107 0.727199 0.946331 0.732267 0.943989 0.711696 0.987432 0.977666 0.0534571 0.610526 0.734589 0.552032 0.400746 0.139424 0.679093 0.13597 0.199664 0.655695 0.966571 0.601851 0.589982 0.584221 0.0632292 0.465782 0.844244 0.629586 0.383449 0.57097 0.93966 0.462922 0.601751 0.108508 0.697465 0.0776756 0.702757 0.976052 0.440791 0.415116 0.791355 0.736034 0.760027 0.286717 0.306122 0.665664 0.0420845 0.554665 0.502181 0.543609 0.979319 0.878978 0.50155 0.415057 0.055471 0.171567 0.294288 0.627325 0.689989 0.412711 0.435162 0.999086 0.669877 0.644726 0.631119 0.92212 0.743728 0.299213 0.554007 0.508816 0.244293 0.209769 0.747363 0.510488 0.357478 0.764429 0.509137 0.750457 0.337945 0.864388 0.783891
0.0570443 0.849829 0.170577 0.0354982 0.491532 0.199879 0.568969 0.462322 0.0840842 0.194259 0.40798 0.799155 0.735267 0.873369 0.496517 0.0305213 0.772987 0.813885 0.391268 0.770497 0.295241 0.936202 0.758735 0.408919 0.110531 0.218847 0.899186 0.318965 0.226157 0.794079 0.22771 0.910606 0.628799 0.565356 0.819887 0.856693 0.671694 0.423804 0.552596 0.507243 0.309656 0.508106 0.624362 0.731252 0.130856 0.432211 0.35007 0.914387 0.0502236 0.191615 0.590087 0.956912 0.568206 0.296661 0.35011 0.893939 0.790468 0.331892 0.22443 0.743946 0.0297435 0.152512 0.772429 0.771169 0.0806426 0.843079 0.367929 0.476168 0.21065 0.984138 0.777537 0.179812 0.0169902 0.207538 0.768278 0.336467 0.331813 0.364988 0.859063 0.588916 0.042863 0.252109 0.32596 0.535505 0.778535 0.876577 0.132346 0.674583 0.0948615 0.341734 0.977767 0.257308 0.494761 0.118456 0.0400435 0.269006 0.276652 0.520823 0.431089 0.125511 0.911744 0.0620509 0.823996 0.415152 0.498108 0.400179 0.0615866 0.577626 0.0585132 0.465165 0.210588 0.83015 0.579932 0.351729 0.36082 0.153184 0.847756 0.101339 0.529498 0.759332 0.0676992 0.44937 0.204755 0.417408 0.13373 0.527646 0.403469 0.413475 0.0641338 0.874498 0.855881 0.626953 0.179487 0.840195 0.179081 0.896224 0.12616 0.453401 0.179118 0.729112 0.600452 0.337583 0.915226 0.407376 0.164199 0.550105 0.430818 0.976487 0.873902 0.809215 0.723558 0.978625 0.0167872 0.70432 0.419735 0.356002 0.0292929 0.178877 0.0735006 0.414001 0.20464 0.790201 0.811123 0.592036 0.461593 0.0458711 0.689535 0.290838 0.712135 0.616172 0.453475 0.534082 0.804681 0.351056 0.83607 0.513197 0.504896 0.0262828 0.50708 0.828504 0.8951 0.922529 0.462541 0.559256 0.607269 0.771994 0.928608 0.351974 0.62917 0.959717 0.913458 0.360882 0.0678507 0.965873 0.530012 0.155335 0.76989 0.873231 0.733427 0.351875
0.769337 0.0768877 0.973214 0.514237 0.413197 0.384624 0.316309 0.546858 0.279902 0.93976 0.108574 0.656366 0.461198 0.993929 0.115827 0.657407 0.152214 0.588389 0.588844 0.919042 0.194363 0.0826942 0.511028 0.698836 0.913341 0.773297 0.343203 0.138807 0.301206 0.64954 0.0809051 0.444297 0.267087 0.742104 0.267616 0.631743 0.463365 0.338981 0.607629 0.628224 0.330547 0.813384 0.387129 0.0515652 0.520913 0.101388 0.623987 0.933349 0.459721 0.578136 0.0146841 0.620667 0.231849 0.427782 0.623433 0.756166 0.670953 0.0789173 0.648264 0.875226 0.368563 0.509897 0.0857772 0.71604 0.578826 0.555634 0.281094 0.185219 0.643096 0.937595 0.805841 0.291622 0.632921 0.265137 0.70475 0.486898 0.731365 0.486316 0.617864 0.429995 0.508961 0.0292961 0.868569 0.0660233 0.953468 0.788068 0.963054 0.359395 0.236126 0.403024 0.585713 0.0917552 0.789773 0.611024 0.845299 0.599506 0.389871 0.963425 0.699622 0.664749 0.0805758 0.698607 0.657823 0.716767 0.62106 0.465025 0.298652 0.638133 0.685194 0.689258 0.617718 0.595095 0.390031 0.103151 0.227004 0.188456 0.0822176 0.494154 0.664875 0.912026 0.770826 0.439762 0.102105 0.659856 0.47597 0.959092 0.219632 0.555459 0.588591 0.0989562 0.920934 0.10224 0.963574 0.336852 0.165398 0.396745 0.560407 0.34057 0.244834 0.523504 0.381332 0.95827 0.42645 0.609714 0.0998625 0.541851 0.560671 0.581494 0.214927 0.150818 0.0698715 0.230607 0.466841 0.704921 0.703813 0.243615 0.704189 0.135569 0.392845 0.160655 0.150945 0.358225 0.744419 0.0578518 0.00650947 0.422158 0.475805 0.257603 0.752919 0.392029 0.925692 0.0568715 0.530866 0.744056 0.961395 0.670055 0.368827 0.408733 0.453946 0.254787 0.714952 0.209841 0.690053 0.417509 0.284715 0.792828 0.283689 0.330151 0.398086 0.897444 0.501878 0.668983 0.462794 0.273716 0.674477 0.899834 0.317096 0.648834 0.179203 0.777213
0.602677 0.195974 0.0781826 0.525752 0.931173 0.823186 0.421328 0.750595 0.705485 0.444867 0.809094 0.380241 0.488658 0.696616 0.849708 0.973148 0.966405 0.476424 0.773399 0.601058 0.0373234 0.388252 0.660377 0.0105246 0.882592 0.944724 0.426219 0.759218 0.981117 0.289291 0.351798 0.168231 0.353558 0.97694 0.305001 0.471528 0.0195334 0.873462 0.940386 0.104087 0.745838 0.965211 0.805686 0.342226 0.124955 0.54751 0.412796 0.0621624 0.794119 0.867047 0.16218 0.146915 0.823735 0.0081367 0.698086 0.903393 0.982018 0.638756 0.180755 0.598999 0.788729 0.866341 0.830845 0.613023 0.9 0.647465 0.9627 0.0604582 0.383651 0.676227 0.107623 0.0300855 0.643017 0.0727523 0.96007 0.0429296 0.742784 0.973616 0.310468 0.669061 0.58617 0.925345 0.702045 0.751111 0.925218 0.0927861 0.490281 0.714476 0.919122 0.467805 0.995584 0.875713 0.879803 0.806346 0.603321 0.782588 0.0844047 0.34225 0.59143 0.549064 0.526246 0.0474273 0.261852 0.6719 0.704066 0.0151477 0.863858 0.727026 0.390161 0.535231 0.569725 0.0667217 0.0916279 0.756691 0.398792 0.316987 0.99811 0.631995 0.68618 0.524284 0.91963 0.606003 0.14647 0.868818 0.790188 0.447945 0.190737 0.985188 0.979033 0.233572 0.380482 0.133683 0.583498 0.71152 0.128898 0.364762 0.624047 0.84881 0.664866 0.913346 0.438359 0.807014 0.216191 0.579294 0.759169 0.655053 0.854228 0.155393 0.904527 0.0640286 0.141333 0.572686 0.275057 0.45414 0.172423 0.967015 0.746824 0.69634 0.867593 0.102723 0.477503 0.569814 0.827761 0.752623 0.722129 0.293621 0.00994037 0.0273452 0.888569 0.845528 0.674859 0.0810586 0.992425 0.981841 0.30883 0.328181 0.931595 0.248352 0.708143 0.791689 0.125105 0.186271 0.929084 0.99963 0.294955 0.642863 0.0949573 0.25611 0.918917 0.852473 0.484443 0.188693 0.892339 0.622064 0.0881385 0.694043 0.930807 0.670582 0.569604 0.521882
0.0351732 0.540004 0.174261 0.177199 0.263915 0.369025 0.642647 0.901293 0.225081 0.947355 0.040637 0.590287 0.134081 0.292539 0.932235 0.889775 0.055396 0.320729 0.153789 0.258753 0.657353 0.00671704 0.40269 0.471979 0.381245 0.321955 0.377835 0.538941 0.253691 0.665837 0.0699639 0.138547 0.429963 0.595857 0.932881 0.0945859 0.418859 0.760799 0.288637 0.848562 0.660379 0.876018 0.824523 0.0331461 0.295617 0.157251 0.00419465 0.548902 0.0592724 0.524024 0.475151 0.672306 0.323528 0.00233726 0.714912 0.628534 0.932256 0.163208 0.597936 0.0933463 0.808608 0.707609 0.383872 0.162359 0.39845 0.89441 0.32933 0.497458 0.198931 0.0267151 0.0694293 0.0384462 0.257351 0.567631 0.0014763 0.323492 0.951693 0.3565 0.886735 0.37746 0.819789 0.144697 0.922946 0.405623 0.20097 0.555209 0.620095 0.112982 0.936242 0.0183458 0.04484 0.521319 0.846875 0.388096 0.0803485 0.104057 0.292017 0.751884 0.645372 0.21119 0.241815 0.359645 0.536058 0.912773 0.42178 0.134469 0.199132 0.640357 0.627105 0.823962 0.654114 0.25549 0.30992 0.425635 0.404816 0.864139 0.163449 0.990201 0.0517455 0.930415 0.359573 0.803768 0.632674 0.786082 0.240819 0.0680507 0.257386 0.512738 0.421381 0.856332 0.268478 0.747613 0.233992 0.000128692 0.866996 0.696994 0.581858 0.59082 0.759996 0.283368 0.448146 0.701082 0.353461 0.505757 0.124213 0.65914 0.0878911 0.925121 0.275848 0.194931 0.4636 0.862427 0.129022 0.775738 0.906804 0.180621 0.169998 0.961333 0.306555 0.568117 0.367226 0.15748 0.837593 0.419181 0.386971 0.123658 0.747795 0.358749 0.269618 0.662414 0.590215 0.481015 0.478261 0.59291 0.161706 0.462019 0.568212 0.427807 0.018479 0.844012 0.851129 0.748153 0.183323 0.314162 0.105401 0.196027 0.329871 0.343247 0.00141802 0.456307 0.0355958 0.774176 0.402176 0.488347 0.180953 0.120193 0.612556 0.298471 0.575899 0.133184
0.139714 0.207322 0.508448 0.134542 0.0598086 0.513062 0.0357339 0.793226 0.804697 0.549491 0.313318 0.182608 0.0876279 0.262727 0.524902 0.0671202 0.185777 0.859435 0.953938 0.47822 0.926747 0.788485 0.336551 0.891014 0.910877 0.0856139 0.507604 0.228348 0.0214256 0.641696 0.966014 0.0182306 0.974694 0.428972 0.243142 0.487335 0.404136 0.363031 0.627627 0.0812445 0.516457 0.215805 0.946748 0.975456 0.160391 0.253202 0.223396 0.783095 0.220754 0.414653 0.793662 0.418959 0.12836 0.995792 0.599805 0.0932141 0.388135 0.796292 0.280002 0.739002 0.73544 0.0946862 0.150719 0.08615 0.569425 0.162427 0.53661 0.000882493 0.930024 0.209239 0.985437 0.897208 0.778301 0.471194 0.945611 0.484733 0.0523424 0.598152 0.811799 0.625209 0.224805 0.644033 0.819824 0.940861 0.440838 0.906555 0.803306 0.636158 0.226839 0.999961 0.726117 0.127829 0.704591 0.0137943 0.219036 0.685556 0.93529 0.129666 0.942782 0.974152 0.79126 0.68238 0.744933 0.500103 0.518987 0.769047 0.692592 0.0138768 0.0463279 0.988686 0.0896932 0.150926 0.404433 0.341929 0.0793686 0.157807 0.260564 0.702384 0.728557 0.628608 0.6329 0.609642 0.0554807 0.648882 0.344638 0.850836 0.552196 0.0505058 0.544451 0.0801121 0.681456 0.326045 0.114315 0.850187 0.616541 0.432701 0.0845619 0.807399 0.14978 0.332752 0.862498 0.0711536 0.58917 0.903871 0.217211 0.204606 0.053159 0.536451 0.149545 0.253036 0.894573 0.502839 0.0605242 0.935554 0.435474 0.351278 0.580302 0.058373 0.633848 0.781483 0.861599 0.291116 0.0152785 0.489061 0.0576103 0.956051 0.245237 0.736842 0.418541 0.901566 0.505629 0.788038 0.907309 0.686367 0.0406197 0.48317 0.902716 0.0751581 0.884287 0.159793 0.783675 0.471112 0.364472 0.704313 0.0366706 0.791043 0.682263 0.42293 0.812857 0.35803 0.381613 0.644489 0.36603 0.14507 0.93305 0.603832 0.385716 0.0452197 0.142329 0.832489
0.586301 0.0317379 0.874934 0.294349 0.926692 0.491513 0.784821 0.21472 0.522915 0.216193 0.621897 0.785696 0.750828 0.401148 0.156511 0.462091 0.671081 0.184758 0.897622 0.0621973 0.263362 0.403625 0.424442 0.496412 0.594566 0.550564 0.313915 0.842642 0.497297 0.777824 0.852606 0.905945 0.685905 0.208269 0.165595 0.285988 0.118466 0.273316 0.233626 0.800425 0.499141 0.230038 0.942972 0.978235 0.755519 0.293944 0.705925 0.420948 0.00484655 0.624575 0.961331 0.115696 0.901482 0.287344 0.44024 0.672508 0.478732 0.211128 0.694167 0.0842781 0.744887 0.651282 0.487338 0.0290359 0.510371 0.366163 0.533962 0.00771645 0.539685 0.0574323 0.422733 0.235437 0.754285 0.969752 0.0248002 0.827491 0.583298 0.574277 0.609154 0.244059 0.406536 0.0385411 0.946164 0.204033 0.109204 0.860184 0.744144 0.413921 0.704566 0.140823 0.956075 0.361429 0.339708 0.411425 0.986524 0.791224 0.837756 0.454714 0.30602 0.317569 0.709655 0.42257 0.461424 0.269505 0.890838 0.67099 0.875074 0.532519 0.915546 0.272066 0.585177 0.10234 0.24877 0.195326 0.713028 0.751791 0.113555 0.862848 0.531894 0.865585 0.746999 0.579785 0.0639103 0.162179 0.35745 0.087196 0.517719 0.857062 0.586439 0.0768228 0.409714 0.798106 0.44292 0.392706 0.23028 0.832217 0.443014 0.274962 0.335583 0.961804 0.0159148 0.852995 0.45892 0.648031 0.793222 0.94208 0.035155 0.789873 0.593882 0.233501 0.771165 0.604205 0.473295 0.115841 0.963384 0.343213 0.496226 0.606524 0.178851 0.47871 0.936221 0.944603 0.501201 0.471769 0.639307 0.878483 0.382425 0.132205 0.915432 0.720411 0.10225 0.451339 0.13738 0.627777 0.101445 0.592475 0.0808607 0.157724 0.499416 0.847863 0.0414891 0.286047 0.143376 0.242805 0.817026 0.318503 0.815187 0.530062 0.936556 0.474119 0.399549 0.277829 0.0963735 0.833704 0.767971 0.669873 0.250807 0.242261 0.0350353 0.688199
0.455517 0.797177 0.874961 0.885423 0.814178 0.308228 0.146092 0.505606 0.690728 0.792223 0.455233 0.50546 0.568821 0.661896 0.979324 0.162581 0.978174 0.736844 0.399555 0.300342 0.206903 0.0959796 0.853291 0.61475 0.984274 0.0178594 0.491004 0.972839 0.173724 0.743679 0.985432 0.567712 0.554914 0.0785742 0.601243 0.844007 0.187188 0.581006 0.92899 0.573004 0.163577 0.583478 0.0093455 0.185366 0.199624 0.720306 0.653449 0.592667 0.648807 0.504424 0.821441 0.594525 0.941791 0.912697 0.225898 0.126114 0.08724 0.322979 0.251705 0.124685 0.206818 0.557142 0.124436 0.826089 0.437525 0.0947467 0.958354 0.184609 0.121425 0.986712 0.482585 0.117184 0.489577 0.44937 0.555037 0.39492 0.617775 0.286899 0.599708 0.74915 0.586116 0.0175411 0.408234 0.371755 0.747612 0.427079 0.208075 0.644975 0.727519 0.00145052 0.383646 0.517008 0.997022 0.849587 0.69947 0.234384 0.0561438 0.445034 0.851641 0.489588 0.861543 0.651423 0.454221 0.112798 0.56832 0.234066 0.85505 0.646472 0.130113 0.348211 0.231598 0.980688 0.587537 0.431186 0.549718 0.869805 0.137515 0.812523 0.280256 0.61734 0.130957 0.257982 0.128993 0.610111 0.542403 0.506889 0.761215 0.155642 0.807546 0.354448 0.6775 0.730591 0.917561 0.862324 0.857197 0.978235 0.99584 0.254777 0.622491 0.22164 0.14349 0.767128 0.0832463 0.623835 0.832462 0.772991 0.571446 0.0721877 0.143755 0.714193 0.558244 0.259926 0.00137336 0.827753 0.623838 0.457464 0.654931 0.0451026 0.686755 0.662386 0.537585 0.974414 0.0457333 0.961911 0.133288 0.465948 0.710823 0.184657 0.854506 0.363363 0.57305 0.528991 0.708421 0.799324 0.951826 0.324778 0.185227 0.294486 0.698883 0.324237 0.75311 0.333655 0.530731 0.372277 0.565592 0.672112 0.182002 0.909021 0.807263 0.240392 0.495223 0.0796992 0.17455 0.851862 0.636394 0.117808 0.64697 0.590333 0.875769 0.533022
0.826192 0.711166 0.668369 0.967218 0.268707 0.393905 0.901686 0.868985 0.0272397 0.69088 0.236433 0.181068 0.00862657 0.297543 0.736483 0.318043 0.192357 0.921049 0.656309 0.0741267 0.963942 0.418058 0.456374 0.0894324 0.431493 0.84327 0.730493 0.389452 0.508317 0.439162 0.0275083 0.211143 0.0469742 0.905843 0.911348 0.510143 0.372124 0.988582 0.280342 0.211511 0.975887 0.892346 0.145852 0.0284192 0.533392 0.929609 0.792303 0.832706 0.00637356 0.00849174 0.312645 0.523049 0.659649 0.519507 0.638638 0.505312 0.608846 0.0191232 0.795692 0.826872 0.904685 0.53296 0.736769 0.350177 0.947835 0.868257 0.845151 0.647999 0.00673806 0.308691 0.61305 0.923255 0.859143 0.172197 0.717001 0.00604791 0.649349 0.883382 0.445866 0.142333 0.672367 0.425212 0.862937 0.461566 0.29726 0.0615796 0.322071 0.703935 0.668876 0.369969 0.471704 0.0067274 0.155894 0.763887 0.542761 0.0718588 0.186613 0.999893 0.237541 0.681062 0.132018 0.599062 0.534004 0.726324 0.697145 0.639065 0.488704 0.116229 0.140137 0.939209 0.645073 0.769762 0.849734 0.391907 0.90296 0.423895 0.876872 0.347512 0.95334 0.667574 0.026315 0.796642 0.57622 0.486312 0.314252 0.823815 0.877142 0.152636 0.166813 0.544659 0.216649 0.0849 0.706749 0.268347 0.948776 0.912176 0.305273 0.149339 0.348502 0.851468 0.392173 0.488492 0.979939 0.834532 0.806448 0.0803866 0.0566177 0.0627354 0.865074 0.397667 0.228913 0.242143 0.605392 0.153548 0.347826 0.253559 0.220992 0.259487 0.359224 0.961798 0.709914 0.709331 0.276787 0.768319 0.599727 0.156557 0.459818 0.600569 0.952479 0.0330364 0.0447076 0.413924 0.704803 0.121815 0.589787 0.205584 0.678533 0.60436 0.754148 0.348682 0.725463 0.72132 0.270276 0.615198 0.664582 0.281323 0.0145739 0.110809 0.797921 0.588374 0.392279 0.108853 0.943129 0.579093 0.994232 0.415424 0.477496 0.313958 0.679229 0.814695
0.122168 0.414179 0.465122 0.361927 0.883468 0.0974123 0.45192 0.484825 0.633448 0.276935 0.6296 0.00108632 0.140466 0.520279 0.397842 0.787656 0.984634 0.950204 0.64329 0.826877 0.647508 0.11101 0.154687 0.684291 0.673682 0.868265 0.0446784 0.681171 0.833424 0.482751 0.997043 0.51775 0.37648 0.30191 0.582134 0.0342322 0.622854 0.617571 0.606589 0.190983 0.174618 0.252146 0.807396 0.696152 0.166933 0.547134 0.22598 0.306967 0.511155 0.126756 0.938614 0.86297 0.265684 0.262473 0.918258 0.956814 0.169177 0.178915 0.656588 0.0620521 0.197505 0.211539 0.116412 0.932103 0.978711 0.294501 0.100245 0.9331 0.00574287 0.464364 0.715768 0.00956752 0.047656 0.194134 0.57881 0.62368 0.904826 0.286223 0.31443 0.0037106 0.754936 0.80656 0.4652 0.828097 0.0333866 0.803951 0.899912 0.682655 0.326408 0.866194 0.107029 0.184861 0.340665 0.408435 0.703895 0.190383 0.344055 0.206213 0.471444 0.406615 0.148003 0.17122 0.997682 0.607888 0.684939 0.513462 0.637984 0.387549 0.881532 0.319422 0.492414 0.179734 0.997451 0.770021 0.290552 0.829111 0.0314693 0.733246 0.409695 0.831186 0.896333 0.0529789 0.232778 0.0965142 0.822629 0.13835 0.887724 0.982981 0.0343642 0.764459 0.676262 0.180046 0.547372 0.00982197 0.294125 0.638942 0.428617 0.371658 0.347004 0.243846 0.379337 0.749959 0.255236 0.951342 0.842034 0.917782 0.305539 0.270793 0.134896 0.651579 0.433092 0.502385 0.58995 0.132737 0.530125 0.248146 0.858655 0.657524 0.113304 0.856684 0.659407 0.302985 0.113671 0.709419 0.961747 0.392374 0.496783 0.26194 0.348992 0.636405 0.9188 0.195973 0.524478 0.85914 0.250072 0.223717 0.717415 0.43033 0.749809 0.74772 0.474598 0.91873 0.603742 0.726156 0.925375 0.41011 0.0905416 0.498458 0.253605 0.594101 0.122981 0.519571 0.854115 0.930685 0.590299 0.370411 0.529631 0.410636 0.133018 0.231763
0.227892 0.809977 0.957679 0.503152 0.270747 0.862832 0.0933137 0.568898 0.0882763 0.270356 0.744975 0.998506 0.983254 0.390867 0.14066 0.774806 0.212672 0.130091 0.233603 0.399264 0.917448 0.514034 0.849271 0.665621 0.58822 0.98146 0.0080909 0.567698 0.040082 0.491545 0.572198 0.181766 0.32092 0.381083 0.670876 0.500536 0.547056 0.449178 0.3393 0.705602 0.591957 0.794739 0.764927 0.839178 0.439524 0.803695 0.763754 0.611546 0.95887 0.845034 0.71354 0.577971 0.0255089 0.699157 0.0135115 0.654152 0.669326 0.906691 0.019732 0.918636 0.835406 0.405597 0.414779 0.818291 0.0526447 0.668669 0.686681 0.520292 0.894992 0.111974 0.807763 0.135583 0.890837 0.827381 0.783112 0.93799 0.363041 0.416584 0.416488 0.172127 0.708331 0.238731 0.906007 0.419688 0.85745 0.0270159 0.437814 0.00221291 0.552666 0.819389 0.115426 0.371679 0.35446 0.78998 0.665804 0.775627 0.354668 0.974752 0.241059 0.810811 0.152134 0.127992 0.90049 0.126109 0.741904 0.456602 0.362907 0.27829 0.643887 0.0177922 0.946521 0.413002 0.381799 0.253856 0.292592 0.484451 0.833066 0.802593 0.316768 0.269403 0.998 0.340246 0.846133 0.220108 0.206437 0.762993 0.541867 0.971974 0.912126 0.202934 0.910191 0.140499 0.457026 0.707042 0.680981 0.261929 0.0868229 0.561248 0.843019 0.641112 0.270687 0.489294 0.0846334 0.14568 0.638406 0.81955 0.207633 0.577406 0.817511 0.858861 0.0896978 0.249153 0.747384 0.302397 0.18343 0.73329 0.279078 0.0646235 0.00923233 0.732862 0.894056 0.172001 0.893599 0.710904 0.0518175 0.473013 0.727065 0.335814 0.493135 0.261226 0.723931 0.120242 0.0107267 0.808516 0.384223 0.0308963 0.914971 0.506465 0.107773 0.628774 0.064727 0.827723 0.282532 0.89161 0.00572886 0.883646 0.62281 0.019139 0.779648 0.104208 0.836934 0.532833 0.835704 0.293589 0.788975 0.632278 0.920321 0.139602 0.234699 0.754158
0.180968 0.81966 0.913183 0.79729 0.713176 0.211599 0.591761 0.719707 0.524895 0.735217 0.721526 0.369719 0.176818 0.375786 0.683412 0.376462 0.40864 0.832896 0.485654 0.931609 0.124646 0.683992 0.900046 0.502297 0.718509 0.877703 0.196276 0.500521 0.00243254 0.176851 0.186349 0.620527 0.813603 0.457318 0.109484 0.727649 0.230503 0.93613 0.407698 0.75475 0.799557 0.555811 0.709336 0.549128 0.282784 0.700221 0.874094 0.861428 0.630635 0.0133263 0.761294 0.131613 0.834639 0.10996 0.445551 0.981199 0.35802 0.131088 0.729667 0.989511 0.355652 0.92909 0.772946 0.108694 0.798172 0.837933 0.408965 0.863574 0.751349 0.255335 0.473247 0.363233 0.697362 0.509984 0.466623 0.708048 0.170804 0.104707 0.14832 0.023183 0.548933 0.450679 0.897741 0.336305 0.97214 0.590194 0.978232 0.19455 0.703915 0.0789949 0.768106 0.320441 0.956 0.076607 0.274658 0.797882 0.634497 0.351955 0.260059 0.707014 0.169592 0.768816 0.0745967 0.381731 0.411902 0.367647 0.781038 0.222834 0.304604 0.835907 0.624696 0.168388 0.969679 0.708672 0.911816 0.741931 0.977847 0.872752 0.742225 0.228616 0.732061 0.614354 0.0490145 0.41728 0.929415 0.416944 0.47909 0.0669193 0.858145 0.754231 0.63685 0.517597 0.671001 0.0832324 0.049413 0.668468 0.414659 0.994681 0.316661 0.220199 0.0508771 0.434518 0.161452 0.191136 0.187316 0.50778 0.573914 0.40095 0.0930328 0.642859 0.617317 0.758831 0.517047 0.551919 0.393076 0.403996 0.102242 0.284478 0.2618 0.718945 0.39983 0.815171 0.631573 0.82814 0.806535 0.137835 0.115924 0.942925 0.522386 0.436357 0.88452 0.0646404 0.805895 0.199692 0.481317 0.238536 0.732959 0.639062 0.101714 0.765605 0.976164 0.129515 0.59075 0.702651 0.267915 0.451107 0.525515 0.255982 0.241127 0.937745 0.94717 0.404935 0.184002 0.943349 0.526035 0.102629 0.535352 0.711018 0.924702 0.61891
0.211461 0.770274 0.0674303 0.57609 0.024376 0.0699858 0.227769 0.0175997 0.271628 0.119892 0.287556 0.932188 0.172858 0.620765 0.610762 0.983657 0.0948633 0.980114 0.968359 0.48095 0.0667501 0.619774 0.184214 0.00978129 0.319524 0.309108 0.52246 0.965782 0.943695 0.311494 0.0391971 0.512762 0.660598 0.440053 0.495465 0.157597 0.997337 0.975606 0.336804 0.886881 0.160498 0.718631 0.455408 0.207481 0.490937 0.811092 0.0518404 0.513811 0.0298545 0.657073 0.773985 0.577491 0.824802 0.893266 0.187292 0.717437 0.237321 0.387831 0.142645 0.565519 0.228566 0.309725 0.725951 0.142319 0.0638458 0.195541 0.298725 0.747447 0.0790655 0.0278363 0.595172 0.152589 0.645343 0.0831157 0.384144 0.052292 0.207081 0.678327 0.168854 0.393447 0.111265 0.311585 0.0297828 0.771003 0.595818 0.0415882 0.124075 0.231775 0.205664 0.714683 0.380661 0.591534 0.443715 0.075075 0.2716 0.439888 0.575309 0.166673 0.322381 0.1066 0.438481 0.422987 0.427662 0.396134 0.254798 0.43857 0.173585 0.215619 0.897788 0.72634 0.720163 0.173338 0.00563327 0.47236 0.686728 0.603255 0.132969 0.175955 0.134649 0.364331 0.509913 0.681365 0.444935 0.426945 0.342062 0.878101 0.159735 0.332259 0.669609 0.447825 0.669881 0.950578 0.133435 0.260873 0.501972 0.444239 0.254748 0.646259 0.0700392 0.0409556 0.262062 0.22358 0.880616 0.401132 0.474251 0.567622 0.0312553 0.642913 0.728801 0.833072 0.80724 0.661835 0.310507 0.762333 0.841699 0.712301 0.845408 0.445341 0.878198 0.691942 0.372361 0.00270494 0.522984 0.67271 0.547702 0.947694 0.264147 0.137515 0.912781 0.483242 0.31514 0.69029 0.0738428 0.690354 0.501572 0.429899 0.608242 0.832824 0.0272924 0.709889 0.109728 0.0452579 0.631348 0.915875 0.143605 0.40856 0.627179 0.154424 0.200998 0.0129807 0.674119 0.730422 0.234424 0.10055 0.682186 0.457031 0.997956 0.172623 0.953386 0.96538
0.279364 0.708451 0.72137 0.633995 0.640639 0.963306 0.710974 0.332656 0.167658 0.842558 0.177336 0.988498 0.0302494 0.753442 0.374801 0.38089 0.311981 0.505829 0.17429 0.960491 0.400909 0.10758 0.79336 0.215971 0.0940901 0.357128 0.3223 0.231783 0.193839 0.0335886 0.955344 0.769816 0.915397 0.4004 0.043555 0.184224 0.345436 0.406178 0.880314 0.710082 0.801262 0.713331 0.566204 0.255409 0.426853 0.114664 0.434644 0.114757 0.0447994 0.424373 0.784623 0.944882 0.291979 0.857628 0.162057 0.453089 0.813416 0.831592 0.954232 0.481246 0.265987 0.357317 0.813338 0.431089 0.670147 0.832812 0.610195 0.814223 0.00918439 0.213312 0.203959 0.405815 0.62182 0.214369 0.251192 0.665945 0.752369 0.450686 0.263261 0.554269 0.533806 0.164796 0.473875 0.724742 0.792138 0.824202 0.677165 0.623091 0.605773 0.0159917 0.712536 0.0683845 0.0074829 0.245362 0.174846 0.103401 0.65853 0.730716 0.406641 0.960933 0.913768 0.627942 0.613739 0.964836 0.581658 0.380753 0.337919 0.0447294 0.105059 0.241962 0.130442 0.91316 0.988474 0.994735 0.846053 0.88882 0.30127 0.788537 0.588428 0.746283 0.166417 0.514481 0.879214 0.548557 0.539511 0.887522 0.932095 0.103536 0.151935 0.587992 0.773444 0.260381 0.0965362 0.650749 0.848002 0.961094 0.0336516 0.526047 0.184736 0.924472 0.0906586 0.396423 0.256213 0.725149 0.331461 0.168545 0.41343 0.320787 0.646244 0.623887 0.441907 0.890806 0.935594 0.939524 0.762165 0.0473027 0.425523 0.147823 0.522414 0.203729 0.38494 0.657649 0.237217 0.526297 0.557453 0.355757 0.297102 0.851867 0.436997 0.262324 0.382598 0.371678 0.351044 0.886181 0.660903 0.760042 0.452707 0.50016 0.137796 0.692473 0.885439 0.600705 0.277069 0.743157 0.00865604 0.873366 0.793106 0.250003 0.099461 0.746704 0.0670762 0.025316 0.984077 0.124849 0.201594 0.631159 0.696413 0.492843 0.189342 0.60745
0.570101 0.723457 0.542873 0.691934 0.905252 0.124643 0.977805 0.53842 0.0793875 0.131424 0.196022 0.924616 0.77115 0.902573 0.835461 0.165237 0.50124 0.32474 0.925839 0.465518 0.601734 0.149001 0.199585 0.108117 0.899606 0.609761 0.0688579 0.762096 0.0201523 0.741425 0.961281 0.0380474 0.121511 0.986462 0.834202 0.621432 0.379903 0.994111 0.323298 0.303139 0.307062 0.575 0.203 0.209208 0.232322 0.132257 0.458995 0.813962 0.30605 0.68883 0.628995 0.754501 0.561795 0.48897 0.469681 0.292026 0.15885 0.873115 0.826752 0.63668 0.711789 0.802142 0.720248 0.794009 0.085285 0.441446 0.807549 0.511912 0.439492 0.382721 0.98422 0.91646 0.602886 0.0784381 0.743974 0.550292 0.51845 0.699156 0.702628 0.311376 0.217473 0.76156 0.534968 0.591067 0.374107 0.932883 0.418886 0.962718 0.102431 0.0763424 0.595576 0.728612 0.46525 0.925823 0.653176 0.399486 0.0312976 0.923316 0.762062 0.764831 0.443452 0.406947 0.316154 0.27089 0.412709 0.920931 0.323046 0.945811 0.412021 0.467861 0.830757 0.362233 0.671896 0.227984 0.322706 0.771365 0.7365 0.0259565 0.37096 0.429358 0.664975 0.763166 0.621651 0.125855 0.756503 0.172622 0.0530137 0.821837 0.212962 0.373009 0.951287 0.758455 0.987902 0.0640658 0.566224 0.443001 0.372071 0.70929 0.164865 0.0330967 0.498244 0.500312 0.0432043 0.907108 0.174276 0.127046 0.713125 0.900268 0.832174 0.641324 0.148905 0.0719694 0.0469717 0.0815177 0.687205 0.0988236 0.129485 0.00854275 0.0504629 0.688316 0.683031 0.821297 0.49875 0.846471 0.338647 0.085659 0.291939 0.236771 0.542029 0.781373 0.875526 0.10217 0.751544 0.0497562 0.331489 0.251735 0.815016 0.316226 0.301819 0.925384 0.929169 0.124104 0.71581 0.222654 0.187745 0.469485 0.655881 0.706192 0.613505 0.195978 0.410033 0.634367 0.137611 0.782594 0.494473 0.736815 0.884726 0.979918 0.608796 0.0916685
0.222977 0.890717 0.660888 0.569784 0.547019 0.993527 0.989903 0.0990105 0.644596 0.518105 0.922131 0.591807 0.282384 0.314196 0.892944 0.736849 0.0264324 0.743467 0.714123 0.786644 0.31381 0.0424408 0.162352 0.411162 0.0183729 0.441768 0.245122 0.657801 0.604481 0.876827 0.46403 0.0141058 0.343886 0.279031 0.694658 0.923131 0.473548 0.830764 0.531846 0.0113069 0.89966 0.0842885 0.300061 0.0328245 0.768301 0.438523 0.349567 0.299428 0.117566 0.0759596 0.708098 0.546919 0.655499 0.212129 0.908369 0.745703 0.551266 0.22262 0.0522867 0.556743 0.869118 0.858175 0.990433 0.189852 0.84824 0.769347 0.57844 0.921558 0.230655 0.517908 0.838012 0.132844 0.163845 0.409131 0.850793 0.786052 0.541384 0.309787 0.855695 0.904074 0.373447 0.347181 0.284345 0.860692 0.727179 0.213168 0.684002 0.634607 0.632604 0.714702 0.243526 0.846873 0.33457 0.0094059 0.811755 0.459927 0.543599 0.330467 0.797769 0.689283 0.477028 0.244789 0.679886 0.216084 0.415613 0.257278 0.802031 0.111698 0.316345 0.562 0.231311 0.252185 0.593914 0.634079 0.436275 0.635645 0.0855323 0.219111 0.566054 0.583425 0.376689 0.656481 0.293918 0.0196125 0.142905 0.836029 0.799847 0.744566 0.124357 0.529153 0.348586 0.90959 0.478356 0.0826348 0.302967 0.541876 0.82886 0.115266 0.112135 0.00118405 0.831506 0.883429 0.426928 0.0224041 0.406852 0.36492 0.587567 0.768614 0.651915 0.305933 0.7814 0.88714 0.804419 0.0803464 0.523735 0.18623 0.789357 0.440069 0.0750956 0.971312 0.411233 0.551488 0.821997 0.885218 0.18065 0.508194 0.0110053 0.32787 0.646256 0.990345 0.722218 0.42632 0.747528 0.249331 0.000530086 0.704316 0.970212 0.388429 0.869167 0.430198 0.413069 0.213546 0.859816 0.99656 0.233277 0.878746 0.550622 0.0320147 0.033206 0.940832 0.0348343 0.836074 0.637195 0.715544 0.214354 0.0964212 0.139704 0.796313 0.263407 0.0792692
0.0107557 0.219441 0.597531 0.821899 0.659711 0.441584 0.0285211 0.778683 0.575248 0.772123 0.131768 0.0708273 0.840869 0.420429 0.315224 0.174593 0.91683 0.194722 0.669526 0.0777353 0.0682984 0.998691 0.660301 0.398839 0.263962 0.255285 0.49251 0.380676 0.163759 0.449361 0.575162 0.384289 0.0874903 0.544754 0.44431 0.445947 0.847648 0.109345 0.228148 0.391028 0.0983995 0.155998 0.698272 0.844244 0.763334 0.507197 0.714862 0.493367 0.155335 0.423054 0.945531 0.23089 0.727689 0.956275 0.865332 0.798962 0.94164 0.00546535 0.495952 0.522264 0.873202 0.493418 0.279084 0.949851 0.484409 0.527774 0.117088 0.441453 0.26645 0.867684 0.266565 0.690043 0.814825 0.493957 0.367069 0.68632 0.771947 0.0790388 0.991055 0.388282 0.402042 0.377578 0.646493 0.764281 0.333101 0.242223 0.312538 0.281167 0.696938 0.598648 0.203612 0.294594 0.818104 0.64269 0.197408 0.690727 0.883844 0.436891 0.756256 0.325374 0.0266159 0.590638 0.702798 0.590904 0.0879018 0.0830475 0.0254601 0.240481 0.372706 0.331164 0.497948 0.822129 0.159911 0.0184498 0.698039 0.101089 0.28167 0.540256 0.410831 0.963296 0.172393 0.804041 0.430149 0.0449161 0.0771676 0.743568 0.899048 0.0350343 0.878133 0.0996526 0.668582 0.397282 0.705713 0.391094 0.391404 0.727369 0.109126 0.601428 0.718245 0.702983 0.703584 0.179899 0.624837 0.649834 0.242528 0.938839 0.74907 0.998471 0.0805724 0.354547 0.95077 0.834477 0.405981 0.408357 0.311845 0.408502 0.448841 0.503006 0.0578209 0.309826 0.683014 0.438222 0.863957 0.518393 0.278872 0.815122 0.751433 0.234417 0.824166 0.834613 0.708472 0.121536 0.388507 0.390976 0.622077 0.827588 0.327923 0.325633 0.960411 0.329232 0.61472 0.106189 0.325264 0.776169 0.816886 0.578854 0.308199 0.367841 0.0632448 0.390732 0.276336 0.759604 0.983529 0.720489 0.557989 0.314251 0.0315976 0.629126 0.438439 0.383738
0.597635 0.235405 0.88407 0.422548 0.57366 0.0587115 0.8912 0.382857 0.471505 0.686513 0.0128212 0.426733 0.163075 0.015817 0.351425 0.613065 0.440819 0.944397 0.327038 0.127465 0.75624 0.600024 0.799996 0.285902 0.306641 0.37195 0.289552 0.205956 0.569817 0.0558997 0.599087 0.020302 0.803798 0.681233 0.315119 0.505514 0.0668349 0.731648 0.090291 0.182054 0.571176 0.192404 0.349228 0.489021 0.789034 0.86941 0.0109729 0.503964 0.644397 0.485537 0.802433 0.295044 0.471555 0.492914 0.241357 0.0135981 0.744824 0.220866 0.485266 0.77093 0.546629 0.640385 0.597955 0.823285 0.782157 0.81695 0.378145 0.171439 0.740919 0.676816 0.0203532 0.524915 0.611304 0.592237 0.73938 0.160583 0.978418 0.652157 0.599476 0.201731 0.324907 0.986352 0.607827 0.0494325 0.713975 0.235915 0.0392601 0.440194 0.210428 0.921571 0.476359 0.863279 0.284052 0.767379 0.88034 0.871717 0.456456 0.476446 0.426188 0.712686 0.404702 0.389533 0.0270354 0.0211705 0.420147 0.1147 0.457039 0.950827 0.910794 0.64481 0.463707 0.663396 0.199688 0.624285 0.511417 0.0959148 0.40583 0.348569 0.473033 0.779325 0.68945 0.456059 0.29612 0.0581116 0.286139 0.44177 0.546232 0.329297 0.190136 0.427688 0.783281 0.179783 0.136062 0.56885 0.994606 0.278357 0.823105 0.0544852 0.179915 0.28747 0.86881 0.124071 0.903523 0.0978389 0.374607 0.894794 0.777974 0.411726 0.53139 0.916852 0.317981 0.588342 0.834074 0.943775 0.760424 0.281059 0.368224 0.765109 0.214019 0.477527 0.310485 0.459708 0.227461 0.253561 0.387235 0.137471 0.800768 0.421648 0.320433 0.712223 0.624899 0.777389 0.554989 0.582244 0.133794 0.849943 0.374146 0.609434 0.506553 0.29308 0.199176 0.32382 0.50484 0.790529 0.690962 0.583248 0.222138 0.179942 0.790978 0.558341 0.0124294 0.11759 0.600496 0.409432 0.681173 0.346901 0.0190875 0.759632 0.0889705 0.731998
0.708835 0.78425 0.129487 0.543911 0.255191 0.624832 0.00614109 0.425457 0.890654 0.981547 0.301207 0.430866 0.834865 0.847481 0.699944 0.136724 0.423316 0.432923 0.346016 0.79929 0.419028 0.68912 0.504278 0.174473 0.335352 0.911989 0.154616 0.349866 0.450731 0.685928 0.429842 0.0798211 0.228742 0.21366 0.612228 0.396097 0.93762 0.386967 0.301461 0.880538 0.331978 0.800816 0.630938 0.20584 0.133886 0.335674 0.598157 0.667561 0.793638 0.473913 0.805419 0.168537 0.153766 0.436934 0.176019 0.291718 0.449605 0.0732105 0.633429 0.10442 0.709902 0.790897 0.925665 0.688003 0.177351 0.64039 0.625018 0.66913 0.566827 0.853542 0.946393 0.358296 0.815653 0.809812 0.718451 0.854878 0.607668 0.722151 0.355391 0.213118 0.200288 0.668484 0.906432 0.0638366 0.394499 0.879793 0.0245303 0.568675 0.276772 0.523483 0.50385 0.087224 0.169223 0.0531718 0.711606 0.33896 0.819441 0.702062 0.348558 0.189465 0.764444 0.368313 0.78275 0.690114 0.0573055 0.661568 0.474533 0.251844 0.739652 0.19676 0.873344 0.769883 0.246388 0.779357 0.482169 0.799888 0.781098 0.233691 0.119812 0.00160943 0.597262 0.874207 0.415354 0.969543 0.210232 0.300425 0.299266 0.865491 0.111947 0.333019 0.917401 0.270941 0.626491 0.213184 0.451215 0.710785 0.824359 0.536132 0.552351 0.102654 0.555761 0.473891 0.176511 0.127736 0.968082 0.833596 0.169921 0.479808 0.153926 0.965767 0.8936 0.201145 0.326907 0.63137 0.94775 0.147337 0.907023 0.434589 0.241382 0.664299 0.00253444 0.113244 0.335111 0.912143 0.786644 0.604742 0.383942 0.304953 0.38574 0.643206 0.353718 0.502493 0.53666 0.298608 0.102033 0.470841 0.930167 0.432566 0.0762763 0.951784 0.272656 0.710182 0.0486452 0.0456894 0.0538143 0.0235929 0.207845 0.134669 0.0762501 0.698421 0.440575 0.580985 0.734324 0.912691 0.269333 0.412667 0.167937 0.0161962 0.00415076 0.600708
0.48655 0.847096 0.587378 0.13969 0.887335 0.885419 0.0815578 0.226417 0.086283 0.301772 0.0595887 0.469993 0.567631 0.827303 0.644134 0.406154 0.844525 0.714837 0.864141 0.602283 0.595068 0.162668 0.869372 0.425255 0.483296 0.0619337 0.793946 0.795362 0.0593266 0.376664 0.336043 0.566835 0.892126 0.55315 0.566386 0.35139 0.946925 0.240586 0.798794 0.615691 0.355211 0.822073 0.767253 0.945851 0.696598 0.737883 0.784826 0.258785 0.708179 0.148476 0.114679 0.121533 0.0357094 0.909756 0.245239 0.967989 0.825361 0.876502 0.200589 0.754233 0.700582 0.311637 0.373723 0.825732 0.46345 0.248511 0.496541 0.130674 0.375844 0.880271 0.407606 0.419504 0.679403 0.381903 0.163822 0.645091 0.736372 0.56737 0.582795 0.203734 0.573736 0.189151 0.947548 0.711688 0.0354773 0.226318 0.655536 0.689182 0.462605 0.629111 0.902785 0.963793 0.545919 0.992966 0.0192851 0.0557585 0.9639 0.629921 0.842722 0.0748107 0.829376 0.66358 0.510702 0.983544 0.306884 0.965224 0.961048 0.174742 0.266654 0.78913 0.880715 0.0990419 0.756323 0.064857 0.10522 0.282727 0.666606 0.875977 0.2855 0.0896001 0.235533 0.257414 0.247832 0.716487 0.820745 0.198173 0.862113 0.18226 0.958414 0.563354 0.298434 0.695671 0.988156 0.112795 0.828867 0.495755 0.263464 0.883104 0.0663419 0.372435 0.897094 0.261343 0.780293 0.494569 0.192449 0.815484 0.593345 0.60697 0.325857 0.979098 0.636333 0.375535 0.826551 0.534226 0.781869 0.609185 0.338369 0.690294 0.528347 0.00443256 0.659208 0.844437 0.22153 0.0803389 0.291533 0.0810176 0.631566 0.377646 0.167706 0.545717 0.791933 0.64141 0.634833 0.00713826 0.847962 0.871167 0.321991 0.567061 0.888898 0.210941 0.60249 0.142897 0.610945 0.507572 0.339886 0.734063 0.214229 0.581179 0.421652 0.239135 0.712033 0.0372245 0.852326 0.97614 0.710978 0.24508 0.632804 0.827105 0.995591 0.617915
0.978002 0.18034 0.22874 0.00309428 0.162063 0.800555 0.853337 0.295895 0.811437 0.2832 0.234289 0.223667 0.827556 0.668142 0.377723 0.0866912 0.214125 0.0285205 0.103266 0.578759 0.46488 0.19788 0.143646 0.624313 0.0597929 0.00652486 0.477884 0.730525 0.41581 0.807494 0.304769 0.581503 0.269019 0.411975 0.759033 0.275606 0.223874 0.0707424 0.257508 0.656511 0.474259 0.55555 0.609313 0.175115 0.245627 0.654804 0.650193 0.302605 0.63914 0.382698 0.84932 0.485167 0.31655 0.509063 0.817443 0.670227 0.186119 0.585963 0.152594 0.403939 0.765418 0.898254 0.779598 0.598409 0.66466 0.348533 0.858512 0.482067 0.47324 0.149044 0.449445 0.768622 0.388331 0.967579 0.207948 0.0886251 0.572263 0.100205 0.0235405 0.217893 0.62106 0.695405 0.891328 0.308392 0.840735 0.0576395 0.17646 0.138541 0.399777 0.103777 0.445154 0.940268 0.609008 0.402053 0.528645 0.308668 0.0953136 0.667181 0.260948 0.197345 0.111847 0.394176 0.62261 0.167579 0.256899 0.0291832 0.196854 0.497791 0.209306 0.496825 0.432048 0.0727525 0.0218288 0.298606 0.606283 0.69732 0.170246 0.0714325 0.0178823 0.789023 0.0175726 0.079429 0.836444 0.348809 0.945611 0.292638 0.684965 0.492472 0.975331 0.844059 0.0894544 0.117073 0.342511 0.30523 0.347799 0.450014 0.327035 0.763002 0.139274 0.0551049 0.710741 0.0984548 0.9614 0.576173 0.121264 0.381452 0.485901 0.911144 0.644493 0.714591 0.554967 0.0924686 0.873365 0.678492 0.463533 0.539938 0.103726 0.987647 0.0647529 0.6196 0.49626 0.256003 0.609575 0.232927 0.912749 0.79148 0.560058 0.190572 0.305701 0.224449 0.216639 0.263772 0.650707 0.475564 0.278667 0.892323 0.676619 0.886909 0.379537 0.850275 0.85074 0.669722 0.379222 0.143856 0.185965 0.925497 0.0539698 0.476536 0.297722 0.67904 0.00109889 0.805851 0.445916 0.941136 0.697853 0.506818 0.974424 0.685567 0.402748 0.919765
0.231533 0.316043 0.263961 0.319611 0.335502 0.677656 0.550104 0.276333 0.925486 0.456203 0.0432171 0.698371 0.331955 0.351637 0.851326 0.536913 0.0179421 0.634558 0.73048 0.914008 0.861532 0.896565 0.653101 0.763797 0.89153 0.876709 0.722761 0.212408 0.346794 0.196285 0.743771 0.180669 0.634072 0.779864 0.620209 0.435903 0.797837 0.18788 0.340388 0.385331 0.769678 0.586241 0.512074 0.426163 0.0238627 0.761056 0.251856 0.323374 0.674957 0.637556 0.70123 0.368444 0.37987 0.484578 0.988518 0.64679 0.818195 0.976777 0.738639 0.791893 0.105053 0.544486 0.0528875 0.553324 0.0480532 0.608492 0.00828612 0.737582 0.758349 0.926648 0.73547 0.830325 0.826163 0.376714 0.537249 0.265749 0.0598596 0.725928 0.869565 0.287814 0.0927429 0.967724 0.0510511 0.621473 0.717467 0.266624 0.622232 0.582551 0.482905 0.576414 0.478232 0.914735 0.556133 0.426105 0.97968 0.0248598 0.580739 0.487935 0.361192 0.0950925 0.447282 0.85214 0.477464 0.445887 0.356722 0.424808 0.533002 0.578498 0.71803 0.884422 0.0698623 0.649736 0.294587 0.168505 0.422438 0.250173 0.59993 0.572293 0.174844 0.619668 0.847368 0.567242 0.38287 0.690833 0.973671 0.664007 0.0935465 0.534322 0.291097 0.468427 0.908355 0.203512 0.487579 0.500222 0.802285 0.51776 0.24291 0.605074 0.488295 0.807735 0.418979 0.137326 0.529431 0.909028 0.885851 0.720131 0.171402 0.139337 0.881613 0.498046 0.711796 0.587183 0.34579 0.711733 0.848946 0.0148639 0.655263 0.743845 0.144408 0.297356 0.018385 0.825948 0.62784 0.834884 0.951282 0.456392 0.403794 0.363611 0.286056 0.706588 0.325528 0.860611 0.132695 0.479328 0.113112 0.628732 0.281061 0.966295 0.257315 0.218235 0.217714 0.264145 0.544556 0.863806 0.550542 0.513943 0.00818569 0.808635 0.308097 0.472161 0.640044 0.133883 0.0735717 0.200288 0.42333 0.609947 0.275052 0.225789 0.834731 0.504988
0.382723 0.480569 0.0633895 0.861573 0.19849 0.00304979 0.716554 0.0611422 0.618938 0.826772 0.48282 0.182383 0.520561 0.258767 0.0739299 0.216729 0.688916 0.0419716 0.434523 0.390886 0.250698 0.914966 0.767836 0.672083 0.109066 0.85465 0.36542 0.733331 0.175901 0.857574 0.33713 0.368992 0.615128 0.459572 0.963603 0.538601 0.837937 0.53972 0.698487 0.729525 0.931054 0.126692 0.88434 0.0582065 0.279427 0.640909 0.484007 0.751055 0.139378 0.509188 0.234225 0.267372 0.305088 0.0891652 0.0147276 0.362162 0.877222 0.692851 0.458305 0.594157 0.930355 0.762193 0.783094 0.940522 0.168039 0.352849 0.0810017 0.605119 0.88497 0.814728 0.70215 0.835624 0.970141 0.808268 0.882003 0.463833 0.0481782 0.639044 0.862322 0.957321 0.246033 0.265276 0.443145 0.0157134 0.33726 0.0197487 0.0216729 0.0783158 0.129128 0.599112 0.896497 0.58561 0.796756 0.833009 0.752348 0.455823 0.47433 0.539309 0.540464 0.301112 0.249754 0.400379 0.846861 0.615055 0.0987591 0.283918 0.731328 0.395308 0.900623 0.0121337 0.297384 0.0106127 0.701531 0.25448 0.639135 0.159092 0.585264 0.230497 0.688299 0.765452 0.0732318 0.767562 0.334774 0.594539 0.722125 0.177223 0.21871 0.539894 0.850071 0.274327 0.713637 0.0640676 0.0160703 0.149408 0.491309 0.637982 0.687435 0.833648 0.498066 0.741689 0.0536916 0.337342 0.719574 0.371297 0.715366 0.408537 0.631838 0.869209 0.913891 0.212623 0.815172 0.592488 0.739741 0.758631 0.302148 0.614236 0.179135 0.144008 0.884346 0.307613 0.179408 0.405065 0.965344 0.328342 0.376917 0.0352058 0.18348 0.00996714 0.936517 0.304461 0.682092 0.246936 0.963165 0.862781 0.486868 0.925458 0.496487 0.913649 0.607 0.424003 0.393783 0.220003 0.361211 0.868057 0.102109 0.731408 0.387413 0.0652059 0.478689 0.68353 0.660025 0.270808 0.786223 0.0307205 0.691779 0.23439 0.772684 0.188897 0.321463 0.65036
0.881522 0.559657 0.372841 0.278776 0.65405 0.201929 0.419605 0.172939 0.868 0.54666 0.0862093 0.605492 0.599396 0.952311 0.514909 0.0113584 0.81029 0.139224 0.809324 0.55257 0.0974541 0.883289 0.539262 0.438398 0.385928 0.396629 0.138416 0.221181 0.194623 0.158769 0.993483 0.053341 0.429549 0.352329 0.5452 0.545396 0.175853 0.856525 0.482837 0.229247 0.037122 0.787438 0.523382 0.117541 0.588666 0.285662 0.786242 0.334695 0.122469 0.101398 0.720479 0.281719 0.413709 0.44086 0.223582 0.817779 0.129884 0.563231 0.625155 0.859076 0.747841 0.878952 0.262726 0.706834 0.780593 0.760546 0.464574 0.167076 0.361996 0.0760635 0.0218079 0.928892 0.159068 0.636529 0.878348 0.835689 0.499175 0.139813 0.978952 0.76932 0.33329 0.690834 0.278675 0.639593 0.363574 0.526358 0.475343 0.398652 0.517453 0.967003 0.94218 0.782573 0.0601686 0.476894 0.573656 0.0136145 0.530792 0.337739 0.565444 0.65712 0.795065 0.803071 0.834699 0.219557 0.996436 0.635333 0.257102 0.459676 0.906579 0.359134 0.372663 0.689175 0.0580914 0.362854 0.965312 0.853006 0.421477 0.889718 0.233659 0.92279 0.156898 0.718803 0.225018 0.234588 0.756285 0.961472 0.493263 0.986487 0.358919 0.488051 0.968956 0.738582 0.5265 0.219911 0.345334 0.137909 0.406307 0.511698 0.755502 0.622877 0.198387 0.77521 0.631913 0.0156036 0.861965 0.588678 0.668477 0.861604 0.736953 0.527505 0.15608 0.47429 0.317957 0.043206 0.0486157 0.222079 0.0596993 0.941715 0.285389 0.381714 0.717264 0.118114 0.227614 0.369207 0.626044 0.195843 0.912359 0.24007 0.189509 0.258553 0.428095 0.765961 0.426482 0.790313 0.351173 0.414037 0.764549 0.467772 0.8918 0.549707 0.900964 0.837549 0.51577 0.119318 0.149805 0.81086 0.802938 0.881351 0.235968 0.918415 0.734452 0.335776 0.597646 0.00778467 0.867167 0.761165 0.224316 0.414837 0.958802 0.567998
0.346765 0.495876 0.759223 0.468284 0.14114 0.229828 0.84132 0.648834 0.687887 0.203615 0.869834 0.412327 0.75574 0.0654729 0.531979 0.660516 0.579976 0.300974 0.217573 0.826726 0.958991 0.828163 0.251004 0.691821 0.599162 0.384512 0.376377 0.841865 0.470093 0.836669 0.850287 0.587349 0.585534 0.325081 0.0635335 0.735794 0.373488 0.596789 0.22657 0.211129 0.437215 0.247033 0.867342 0.0322889 0.830509 0.895597 0.954193 0.201493 0.53165 0.078137 0.899913 0.00605291 0.909229 0.0760745 0.658766 0.181406 0.608992 0.618515 0.976512 0.928009 0.185213 0.230349 0.388484 0.515108 0.85862 0.964382 0.225034 0.878305 0.535906 0.179853 0.261937 0.211629 0.498352 0.567895 0.923617 0.0877301 0.639107 0.468856 0.305856 0.639125 0.186804 0.294136 0.301472 0.575364 0.941538 0.811801 0.665667 0.692471 0.760485 0.819923 0.0148417 0.0183195 0.649075 0.330412 0.82208 0.531185 0.395705 0.935586 0.4083 0.953834 0.138401 0.352641 0.632064 0.359888 0.619816 0.414857 0.715131 0.720107 0.710336 0.610851 0.503308 0.717734 0.369291 0.147443 0.935138 0.777816 0.0576731 0.342931 0.126497 0.453421 0.849138 0.480136 0.36488 0.823102 0.927462 0.156345 0.766562 0.158203 0.281155 0.333161 0.798229 0.75239 0.467626 0.0513784 0.16525 0.0379011 0.200119 0.0815726 0.45857 0.522075 0.310212 0.503946 0.900402 0.292529 0.17167 0.0543365 0.314763 0.340469 0.819424 0.703637 0.865925 0.072147 0.26999 0.906687 0.116097 0.778076 0.769717 0.910228 0.220145 0.0552191 0.694778 0.806519 0.162016 0.707746 0.531708 0.309435 0.191271 0.728564 0.823843 0.954856 0.690113 0.228464 0.647571 0.463053 0.362625 0.0469419 0.277338 0.28133 0.981058 0.782958 0.397483 0.795633 0.549114 0.00517394 0.570689 0.620432 0.982648 0.370401 0.917015 0.962984 0.688359 0.145205 0.196586 0.239231 0.111722 0.0161085 0.816519 0.197453 0.843337 0.207421
0.648276 0.0310311 0.547114 0.750132 0.56822 0.318603 0.739128 0.663353 0.233311 0.767746 0.539226 0.17398 0.456811 0.130577 0.409386 0.80571 0.845874 0.0161357 0.691667 0.875591 0.787483 0.893671 0.333877 0.0221598 0.839249 0.0213921 0.563707 0.935312 0.00737762 0.860777 0.566406 0.307042 0.448418 0.36038 0.466951 0.0363214 0.804511 0.520304 0.0899452 0.550195 0.453266 0.487113 0.364974 0.640579 0.369573 0.495295 0.406098 0.586119 0.408037 0.293713 0.895696 0.147507 0.600389 0.551024 0.820929 0.360272 0.322648 0.890229 0.956827 0.325262 0.553831 0.937253 0.560584 0.978694 0.360679 0.715516 0.456152 0.935749 0.675946 0.476858 0.539649 0.372938 0.365165 0.363976 0.726115 0.429197 0.891161 0.43961 0.934348 0.897698 0.52593 0.553065 0.437447 0.874437 0.183356 0.529474 0.900831 0.405876 0.602318 0.523722 0.231625 0.684843 0.746518 0.531776 0.319785 0.258111 0.00334464 0.419116 0.369228 0.171653 0.3488 0.952689 0.845562 0.0989799 0.310142 0.652031 0.0600922 0.410035 0.00372505 0.944193 0.373989 0.436187 0.555121 0.678587 0.647998 0.268083 0.152859 0.428121 0.210663 0.118866 0.0144535 0.128713 0.878671 0.167073 0.250983 0.302309 0.184007 0.101406 0.397839 0.878288 0.978451 0.949295 0.776561 0.343519 0.18064 0.62857 0.234524 0.507519 0.472157 0.475144 0.903833 0.698436 0.584732 0.96428 0.310497 0.174132 0.347855 0.559529 0.628485 0.783648 0.475777 0.0803715 0.696204 0.490054 0.88799 0.949052 0.966616 0.332826 0.342999 0.568032 0.713859 0.51823 0.513646 0.467638 0.492027 0.876401 0.80656 0.412503 0.213823 0.958961 0.251283 0.0702926 0.553999 0.161312 0.324343 0.46991 0.490682 0.107171 0.947036 0.0369023 0.308822 0.726686 0.441561 0.309295 0.112783 0.433618 0.642982 0.100403 0.971589 0.226166 0.26767 0.228581 0.357335 0.00219389 0.619487 0.199062 0.649669 0.771364 0.859425 0.538709
0.789669 0.592921 0.0413089 0.325407 0.305092 0.0770046 0.916517 0.296864 0.789024 0.637647 0.938873 0.0497973 0.564303 0.427104 0.39617 0.951576 0.121982 0.31616 0.944269 0.552882 0.649762 0.252542 0.352456 0.779757 0.938195 0.16636 0.667157 0.274122 0.608253 0.322286 0.253306 0.845936 0.845576 0.80751 0.766131 0.522083 0.96575 0.081434 0.118285 0.472345 0.430871 0.944264 0.773809 0.66847 0.570088 0.0470581 0.574552 0.399192 0.820772 0.237274 0.192281 0.449303 0.330291 0.998131 0.526377 0.82275 0.471132 0.0239896 0.0502397 0.376743 0.323113 0.910326 0.667272 0.310825 0.308127 0.485636 0.98383 0.104372 0.680173 0.444716 0.425501 0.677997 0.895452 0.988108 0.646594 0.835331 0.889606 0.574553 0.817596 0.993188 0.225124 0.287194 0.609858 0.439192 0.39626 0.631265 0.320304 0.870689 0.242823 0.286443 0.271648 0.466867 0.0631655 0.588124 0.53363 0.288427 0.852727 0.664947 0.213053 0.994785 0.391753 0.254494 0.4601 0.659483 0.0552396 0.835059 0.875371 0.428668 0.848105 0.0883606 0.982949 0.667828 0.0454721 0.503989 0.434906 0.854864 0.128508 0.700949 0.283145 0.63632 0.21575 0.0490695 0.495008 0.423995 0.120329 0.301839 0.0687257 0.380466 0.422594 0.633528 0.456485 0.84048 0.057434 0.303224 0.0568409 0.762106 0.600674 0.706326 0.455888 0.676496 0.24091 0.21037 0.6681 0.180813 0.353118 0.382772 0.4444 0.599808 0.111661 0.911545 0.744064 0.244936 0.520257 0.906102 0.653231 0.538094 0.493408 0.226541 0.0165868 0.890383 0.401674 0.40151 0.338401 0.563139 0.80249 0.327592 0.576608 0.484639 0.308398 0.0719168 0.707356 0.816263 0.0259325 0.488277 0.517957 0.300243 0.269671 0.275648 0.397959 0.108098 0.474788 0.62082 0.544785 0.983286 0.397433 0.540192 0.753072 0.951282 0.639592 0.931058 0.0408368 0.366211 0.178792 0.565698 0.84199 0.285441 0.303855 0.0131455 0.716425 0.538556
0.695352 0.175296 0.217703 0.0347894 0.475248 0.293094 0.908572 0.440091 0.732985 0.0732639 0.255874 0.781379 0.386842 0.610137 0.877057 0.87476 0.337867 0.277963 0.539743 0.449072 0.820088 0.496651 0.743166 0.559125 0.816027 0.00417583 0.193878 0.984696 0.28972 0.23327 0.734545 0.0262759 0.85984 0.122101 0.203375 0.17262 0.960723 0.666504 0.520375 0.167165 0.254922 0.879835 0.595938 0.348151 0.905274 0.918489 0.312524 0.0188954 0.462399 0.132721 0.133751 0.0488866 0.842991 0.219932 0.638237 0.800179 0.684978 0.646281 0.268223 0.298224 0.811993 0.435566 0.799031 0.811996 0.876055 0.794485 0.349172 0.892039 0.512894 0.820533 0.934488 0.505662 0.569301 0.84701 0.56171 0.109626 0.0713013 0.63101 0.931835 0.531662 0.581987 0.101803 0.0471427 0.892871 0.435192 0.699551 0.211402 0.144453 0.126494 0.266984 0.234089 0.218195 0.149252 0.458717 0.811537 0.830413 0.150711 0.275032 0.920173 0.199944 0.995171 0.45476 0.994555 0.92903 0.237898 0.27651 0.95598 0.282616 0.957449 0.81478 0.864826 0.711768 0.154208 0.0286713 0.548974 0.621009 0.631043 0.602048 0.654336 0.922592 0.362356 0.48245 0.0180019 0.773438 0.157146 0.886087 0.350207 0.639809 0.52581 0.0744801 0.0306449 0.0941294 0.568113 0.0649201 0.328402 0.667906 0.685505 0.728879 0.94243 0.0754883 0.983748 0.146761 0.448573 0.710183 0.664023 0.269727 0.140233 0.410961 0.750704 0.323331 0.970594 0.237961 0.958902 0.902814 0.304589 0.998489 0.32005 0.139745 0.450255 0.545089 0.701612 0.499944 0.65647 0.848748 0.73751 0.635358 0.50678 0.80904 0.998684 0.671566 0.399752 0.974841 0.35937 0.837477 0.280224 0.488735 0.737815 0.470702 0.661018 0.108383 0.724998 0.00110047 0.971313 0.866417 0.407682 0.422667 0.104897 0.790077 0.105851 0.725145 0.117324 0.765161 0.427583 0.647515 0.594968 0.782747 0.113926 0.348705 0.778637 0.347098
0.142681 0.987659 0.24294 0.891381 0.480029 0.967914 0.791537 0.477555 0.0959333 0.127767 0.619069 0.289994 0.285464 0.79064 0.372258 0.193549 0.604494 0.911477 0.971814 0.753216 0.290397 0.00786533 0.0661635 0.88836 0.231517 0.585078 0.542758 0.571327 0.887568 0.88982 0.540858 0.987607 0.820237 0.119464 0.442869 0.0298643 0.753715 0.147236 0.229097 0.386444 0.593439 0.359938 0.351652 0.527622 0.302459 0.641056 0.860505 0.579373 0.421404 0.292712 0.44885 0.790943 0.485462 0.542958 0.4798 0.0599773 0.663534 0.232216 0.208882 0.741054 0.341652 0.191817 0.0744091 0.978846 0.688 0.792498 0.528843 0.458615 0.818456 0.195016 0.604724 0.189372 0.739425 0.505854 0.628988 0.622673 0.992708 0.956508 0.828958 0.372062 0.202196 0.968173 0.869969 0.985208 0.526963 0.750231 0.424485 0.615599 0.519645 0.808907 0.684298 0.863964 0.285895 0.601786 0.629299 0.321782 0.454139 0.901198 0.972427 0.641185 0.63405 0.780395 0.0180286 0.415891 0.738528 0.0550136 0.161999 0.793842 0.00813589 0.553785 0.714507 0.546127 0.913657 0.0575616 0.714015 0.471684 0.59918 0.554213 0.647932 0.129685 0.0322941 0.224318 0.411527 0.2438 0.887482 0.345205 0.968331 0.841744 0.0266242 0.940436 0.609519 0.84434 0.258769 0.261712 0.684679 0.861986 0.657549 0.350839 0.941829 0.525424 0.096943 0.330143 0.372415 0.952855 0.432132 0.401251 0.397028 0.642566 0.016945 0.688007 0.853786 0.657275 0.54881 0.573829 0.467617 0.134064 0.72631 0.288014 0.585434 0.82556 0.820276 0.36899 0.95435 0.461411 0.729651 0.937268 0.607369 0.82724 0.890354 0.605505 0.765866 0.709956 0.421308 0.302364 0.870582 0.441255 0.0656984 0.95345 0.365635 0.658465 0.440776 0.105315 0.295337 0.392034 0.887369 0.23133 0.788981 0.535141 0.271742 0.11496 0.573379 0.11961 0.122153 0.741349 0.597647 0.606193 0.965503 0.788651 0.45567 0.399321
0.0825928 0.300662 0.0689561 0.197609 0.57665 0.951435 0.564623 0.427168 0.0310629 0.566066 0.124704 0.784682 0.222372 0.219692 0.682056 0.894702 0.21666 0.284693 0.24329 0.648756 0.586961 0.095324 0.074494 0.462736 0.948604 0.772335 0.564518 0.342904 0.987748 0.223331 0.883278 0.997171 0.1212 0.685002 0.932244 0.398376 0.51029 0.596428 0.518065 0.940568 0.353241 0.77446 0.171819 0.675559 0.82178 0.362377 0.534378 0.656256 0.610949 0.129462 0.864707 0.732027 0.105443 0.977841 0.709621 0.0653263 0.170211 0.945513 0.869965 0.882433 0.704737 0.48353 0.790595 0.125618 0.678984 0.126398 0.424319 0.553512 0.082783 0.813824 0.240105 0.644788 0.839081 0.973616 0.699908 0.222887 0.0817249 0.906533 0.361271 0.219002 0.466903 0.251687 0.561123 0.0373536 0.5432 0.639736 0.804625 0.330323 0.856811 0.441687 0.98421 0.874739 0.350363 0.669475 0.71942 0.807771 0.0232962 0.117117 0.170573 0.756395 0.977125 0.313707 0.58711 0.683936 0.970441 0.81726 0.721267 0.0168899 0.717008 0.935361 0.862775 0.0576303 0.851508 0.240443 0.43711 0.871469 0.93005 0.902321 0.769465 0.702663 0.880091 0.262426 0.203549 0.608146 0.282247 0.0730635 0.433689 0.224664 0.00505907 0.138833 0.342191 0.6319 0.249866 0.394839 0.182346 0.529726 0.820623 0.393807 0.450139 0.333666 0.499567 0.863105 0.69434 0.245053 0.142 0.573869 0.729882 0.772734 0.253673 0.125691 0.504028 0.524137 0.605659 0.425395 0.362851 0.086749 0.00496077 0.284763 0.0347763 0.146279 0.666361 0.994091 0.478354 0.681782 0.384223 0.684453 0.993855 0.287436 0.47712 0.0306246 0.0395179 0.329453 0.148144 0.819332 0.161114 0.423934 0.328447 0.0314691 0.82509 0.422954 0.0572882 0.306753 0.703295 0.595534 0.203434 0.559776 0.695679 0.500379 0.91647 0.0771386 0.43736 0.664303 0.826707 0.0693307 0.0389263 0.386307 0.213982 0.814502 0.149794 0.681098
0.610102 0.894288 0.470445 0.3161 0.965805 0.514319 0.380633 0.257033 0.243583 0.983713 0.416284 0.191294 0.773199 0.424305 0.234187 0.974893 0.834346 0.709492 0.778332 0.30289 0.829441 0.160652 0.448596 0.963274 0.0326183 0.477158 0.97076 0.591245 0.956223 0.807154 0.60672 0.861658 0.41284 0.801736 0.774654 0.283529 0.134841 0.0497886 0.851616 0.793024 0.833678 0.173259 0.431661 0.238939 0.0811751 0.602531 0.726303 0.289545 0.364904 0.0383858 0.912392 0.155752 0.662508 0.260163 0.140156 0.726842 0.21977 0.830227 0.54957 0.549624 0.464167 0.0100391 0.816535 0.337621 0.578135 0.822177 0.985616 0.932014 0.681847 0.240005 0.737742 0.94808 0.627646 0.0675876 0.239783 0.475282 0.836416 0.370151 0.481573 0.753678 0.283853 0.709499 0.0281324 0.363144 0.326 0.174304 0.384916 0.362852 0.683243 0.253247 0.521381 0.865038 0.317701 0.670722 0.511366 0.567727 0.200547 0.542926 0.758076 0.533969 0.638065 0.742689 0.100237 0.736645 0.397145 0.293412 0.11633 0.710322 0.493217 0.222555 0.349852 0.486228 0.386956 0.23682 0.0903876 0.359487 0.477793 0.410448 0.732464 0.767354 0.296475 0.0675182 0.84149 0.853514 0.450544 0.278552 0.755651 0.890868 0.541797 0.921011 0.0773871 0.125719 0.0194971 0.465764 0.559419 0.14495 0.035552 0.31601 0.485581 0.984091 0.527701 0.510756 0.26073 0.860768 0.648562 0.211891 0.848985 0.932848 0.735577 0.846713 0.116481 0.995657 0.715124 0.51542 0.291053 0.792443 0.51336 0.0120888 0.946729 0.844778 0.164823 0.247977 0.704565 0.0279173 0.00401463 0.542313 0.718554 0.641677 0.125648 0.413314 0.457504 0.137534 0.719118 0.814937 0.596507 0.965494 0.897278 0.333714 0.20057 0.677395 0.873967 0.307056 0.199575 0.290645 0.17915 0.0280237 0.601193 0.530213 0.0353213 0.741602 0.87262 0.833187 0.770969 0.162516 0.444098 0.614975 0.945233 0.65049 0.934922 0.738341
0.271121 0.672584 0.0972223 0.69192 0.425797 0.111126 0.118244 0.273011 0.44001 0.484717 0.646515 0.619696 0.599504 0.49484 0.488316 0.570634 0.884344 0.7856 0.096914 0.685872 0.860476 0.159103 0.504092 0.353579 0.681342 0.00702127 0.937772 0.435323 0.580735 0.838758 0.690811 0.904267 0.506659 0.310722 0.488685 0.712457 0.648537 0.618163 0.266204 0.236943 0.237383 0.335447 0.968497 0.806177 0.639291 0.328189 0.212014 0.864195 0.858912 0.359106 0.669171 0.885993 0.472623 0.559269 0.965075 0.506468 0.5633 0.441166 0.64215 0.11144 0.691163 0.987006 0.140917 0.152093 0.0859763 0.422382 0.221243 0.0447146 0.306796 0.229048 0.652771 0.243258 0.588118 0.67019 0.5714 0.160981 0.0172727 0.40564 0.208929 0.257679 0.558896 0.705512 0.810699 0.274818 0.0760278 0.219182 0.0794979 0.990024 0.610951 0.806074 0.0302192 0.373514 0.631447 0.294211 0.0522869 0.960062 0.544684 0.110447 0.866429 0.164597 0.569235 0.139021 0.155622 0.302062 0.502972 0.762988 0.175556 0.40273 0.680564 0.943464 0.843294 0.16177 0.306637 0.539733 0.152659 0.996303 0.46039 0.496437 0.807541 0.0945183 0.391452 0.404548 0.544726 0.895744 0.71388 0.949691 0.143824 0.128057 0.540178 0.363256 0.00195679 0.663383 0.565492 0.176139 0.438265 0.851434 0.207732 0.878436 0.257686 0.167789 0.210292 0.637538 0.866496 0.0675797 0.873138 0.555103 0.920272 0.352976 0.123513 0.166149 0.395682 0.902615 0.716145 0.568201 0.3395 0.0279349 0.902762 0.580987 0.423725 0.393655 0.362052 0.849638 0.159744 0.697019 0.280909 0.364761 0.547709 0.64962 0.974814 0.512835 0.813268 0.171786 0.355297 0.19682 0.867133 0.184182 0.736983 0.109471 0.873045 0.268586 0.903149 0.393504 0.122827 0.857345 0.275776 0.417288 0.458206 0.0774158 0.714843 0.0902336 0.757359 0.405137 0.935849 0.851632 0.453605 0.555362 0.0671398 0.485374 0.680429 0.284164
0.549246 0.524558 0.822089 0.618937 0.853871 0.366738 0.739502 0.900782 0.356104 0.4187 0.993878 0.0104811 0.656712 0.0764438 0.594295 0.0906689 0.538267 0.477714 0.246544 0.874289 0.847031 0.317899 0.278478 0.320287 0.832231 0.709119 0.567962 0.0627134 0.182458 0.369836 0.744184 0.439326 0.207049 0.71816 0.537041 0.891365 0.848658 0.866247 0.641733 0.778574 0.18721 0.514674 0.93819 0.928548 0.960496 0.236874 0.331983 0.18537 0.00750783 0.6655 0.480694 0.258793 0.552263 0.817455 0.237315 0.173181 0.819339 0.817503 0.934553 0.307684 0.367857 0.92166 0.658745 0.90299 0.247868 0.982571 0.379578 0.130787 0.817673 0.0109857 0.743103 0.877588 0.496815 0.828204 0.29563 0.483006 0.984366 0.863174 0.593718 0.737917 0.591322 0.350851 0.120703 0.152877 0.535445 0.619125 0.0316828 0.483858 0.342472 0.741688 0.476958 0.893614 0.367299 0.775468 0.538329 0.773835 0.960622 0.3996 0.0665199 0.192916 0.904087 0.121912 0.949563 0.643535 0.974757 0.97629 0.570092 0.274139 0.21789 0.193152 0.104053 0.931248 0.615927 0.387828 0.483324 0.230106 0.965225 0.270238 0.911097 0.738043 0.637239 0.550735 0.940986 0.80225 0.534674 0.795554 0.775107 0.99846 0.871685 0.384791 0.620985 0.741397 0.836583 0.378165 0.0936039 0.228353 0.488812 0.903718 0.427759 0.286228 0.8248 0.798056 0.927694 0.477364 0.692605 0.744843 0.644072 0.127238 0.937963 0.205891 0.697155 0.606876 0.225447 0.026764 0.179288 0.959042 0.306195 0.368343 0.146646 0.52755 0.932632 0.240557 0.874474 0.0968833 0.252038 0.597519 0.747214 0.141235 0.4698 0.113303 0.733352 0.167113 0.16908 0.899958 0.16597 0.776497 0.795233 0.255089 0.668676 0.86107 0.519907 0.490088 0.347207 0.607353 0.462122 0.197138 0.137518 0.480934 0.842838 0.101382 0.720624 0.948702 0.0981819 0.962598 0.482717 0.435825 0.046146 0.970096 0.187051 0.87708
0.822505 0.892746 0.251013 0.272264 0.856486 0.208468 0.372046 0.0826524 0.767954 0.0314383 0.278358 0.123385 0.010386 0.853145 0.340889 0.262123 0.490725 0.059553 0.224988 0.264417 0.840206 0.0612956 0.377617 0.958847 0.402877 0.199954 0.23924 0.568637 0.759894 0.34939 0.728864 0.303825 0.41201 0.656875 0.251589 0.936078 0.529797 0.164544 0.572185 0.64799 0.607325 0.850792 0.557182 0.053732 0.100562 0.054754 0.456823 0.410608 0.348306 0.624646 0.899763 0.80476 0.180433 0.0408579 0.0970044 0.429748 0.627378 0.040745 0.138006 0.759752 0.542487 0.878633 0.485534 0.00223787 0.873358 0.674915 0.25785 0.556284 0.870104 0.889581 0.923292 0.468352 0.84966 0.752621 0.199024 0.330041 0.639765 0.0690541 0.913326 0.607196 0.530838 0.467603 0.62894 0.757703 0.623872 0.600443 0.940684 0.985533 0.835128 0.146122 0.78679 0.601079 0.0620081 0.494704 0.661554 0.53167 0.82834 0.241787 0.0849101 0.53101 0.151426 0.812542 0.986549 0.695943 0.717594 0.0392789 0.647412 0.265634 0.341305 0.265752 0.727378 0.965111 0.509961 0.280396 0.200693 0.545276 0.862802 0.503554 0.699856 0.695467 0.777471 0.481534 0.0305319 0.784368 0.671431 0.750076 0.256688 0.00068081 0.775426 0.515464 0.660007 0.743038 0.277898 0.819717 0.216662 0.851698 0.283141 0.929428 0.160715 0.935395 0.278224 0.893341 0.127899 0.936722 0.332088 0.886743 0.381484 0.422403 0.0941903 0.570849 0.30859 0.649402 0.0424742 0.260818 0.516397 0.825682 0.989967 0.0670169 0.721018 0.615218 0.169307 0.90344 0.694698 0.34971 0.26011 0.595285 0.990472 0.86889 0.849887 0.48725 0.59914 0.613448 0.93375 0.4144 0.638822 0.533121 0.991361 0.725132 0.600037 0.254998 0.00132487 0.866159 0.440932 0.120047 0.00849772 0.24238 0.771682 0.917147 0.69595 0.870721 0.929474 0.0067063 0.449678 0.78037 0.969358 0.145066 0.433762 0.221996 0.333535 0.515147
0.0949954 0.646923 0.831507 0.917472 0.733767 0.630886 0.547943 0.0303359 0.784987 0.925 0.964016 0.68142 0.651526 0.881239 0.460554 0.153503 0.0198863 0.927797 0.167682 0.707252 0.388085 0.730202 0.664234 0.632508 0.832859 0.58431 0.943843 0.218144 0.343334 0.8937 0.412671 0.0776659 0.193893 0.173905 0.0914368 0.248695 0.441969 0.523766 0.816624 0.553452 0.668146 0.932424 0.0609334 0.774896 0.627901 0.866542 0.410683 0.0583944 0.989588 0.91615 0.177715 0.390217 0.906009 0.995303 0.305081 0.614719 0.317407 0.353599 0.705276 0.546626 0.383075 0.364579 0.242592 0.379817 0.153384 0.0860116 0.309028 0.962723 0.0688043 0.321821 0.737002 0.0798128 0.386624 0.293311 0.464651 0.790403 0.490951 0.217498 0.435567 0.163063 0.185774 0.813364 0.495678 0.639245 0.417324 0.209994 0.142196 0.23062 0.641527 0.226856 0.861973 0.225856 0.621365 0.458823 0.510386 0.665495 0.763736 0.768718 0.144389 0.442682 0.0887651 0.0946377 0.0184022 0.744427 0.161313 0.320795 0.164327 0.0791568 0.893569 0.543753 0.36811 0.714868 0.0999728 0.559711 0.715797 0.584912 0.58352 0.276142 0.652522 0.194883 0.385638 0.294837 0.84927 0.930581 0.988214 0.00789274 0.284337 0.977391 0.461585 0.48415 0.408431 0.226067 0.0807666 0.950471 0.13224 0.722275 0.614639 0.828867 0.153341 0.641373 0.704364 0.507862 0.713081 0.0945736 0.891952 0.937727 0.24086 0.618845 0.766138 0.101404 0.683525 0.814423 0.717777 0.52322 0.949503 0.0507277 0.395645 0.866375 0.493091 0.968186 0.810835 0.779768 0.0139123 0.344273 0.514336 0.228558 0.59605 0.428315 0.594435 0.613574 0.93224 0.120865 0.218656 0.601133 0.382007 0.810149 0.595113 0.464379 0.787247 0.514438 0.587131 0.426558 0.808859 0.810071 0.928513 0.680386 0.204386 0.526893 0.63938 0.770791 0.479401 0.363064 0.17934 0.361941 0.779038 0.467944 0.464193 0.578117 0.586984 0.886869
0.21207 0.756026 0.310447 0.649139 0.248933 0.541785 0.788881 0.454942 0.847867 0.489411 0.162069 0.230053 0.441775 0.333504 0.350388 0.459761 0.469456 0.194609 0.563281 0.991748 0.213813 0.85937 0.661043 0.508167 0.130432 0.875983 0.514268 0.2169 0.238383 0.376545 0.302806 0.944455 0.72657 0.697312 0.855863 0.14932 0.811541 0.624778 0.187449 0.0981011 0.536926 0.309692 0.763397 0.217233 0.296413 0.205069 0.278539 0.549536 0.922356 0.681234 0.466028 0.0705221 0.720778 0.802686 0.788514 0.139065 0.796922 0.220228 0.104576 0.771725 0.145356 0.861393 0.418056 0.611892 0.855128 0.959259 0.744447 0.628119 0.848319 0.830781 0.791772 0.460883 0.734882 0.728024 0.68147 0.0950095 0.202433 0.1666 0.365255 0.149388 0.0992192 0.68478 0.774073 0.734235 0.10394 0.77181 0.938041 0.00705976 0.747159 0.736032 0.463974 0.120097 0.651509 0.683735 0.878002 0.365061 0.41643 0.121316 0.790592 0.334183 0.961642 0.205416 0.967175 0.331341 0.150973 0.591591 0.938886 0.571051 0.622203 0.469294 0.184645 0.968265 0.233925 0.0174197 0.523192 0.988508 0.892308 0.55928 0.00995184 0.216247 0.17029 0.580291 0.767825 0.976248 0.305564 0.342775 0.994431 0.0350521 0.720811 0.199522 0.59328 0.0336297 0.317474 0.834049 0.602672 0.433353 0.0392693 0.958382 0.154548 0.778762 0.402128 0.15702 0.873829 0.225337 0.265991 0.513972 0.0241474 0.756181 0.894219 0.871133 0.499678 0.607874 0.697157 0.980957 0.517866 0.0526195 0.132593 0.0538212 0.945211 0.108512 0.279536 0.684486 0.810129 0.0699716 0.631653 0.664707 0.0250251 0.514665 0.0380964 0.134246 0.654658 0.0569042 0.319667 0.346003 0.168603 0.812015 0.0214972 0.425328 0.66202 0.834166 0.393523 0.401084 0.634776 0.977094 0.166964 0.145131 0.761483 0.0527149 0.926409 0.352769 0.157004 0.868712 0.932711 0.405043 0.429466 0.582273 0.546025 0.139828 0.0894059 0.128324
0.46518 0.297023 0.933188 0.425584 0.053751 0.608036 0.022357 0.167167 0.345396 0.165279 0.926667 0.367469 0.131164 0.25538 0.836356 0.800661 0.870918 0.881336 0.595251 0.29697 0.564156 0.0931707 0.266562 0.0744737 0.20235 0.648621 0.878 0.675613 0.114476 0.23778 0.94492 0.700395 0.177652 0.991074 0.474253 0.699531 0.627854 0.570845 0.271877 0.227351 0.714426 0.744832 0.487875 0.776239 0.357051 0.301562 0.514243 0.566161 0.723745 0.0745255 0.955836 0.846528 0.492518 0.808718 0.903358 0.503549 0.697645 0.727612 0.0672928 0.0857337 0.20635 0.838581 0.484325 0.115416 0.17118 0.99902 0.0890525 0.990523 0.750397 0.103136 0.188137 0.564725 0.606579 0.882313 0.186629 0.654265 0.916198 0.662441 0.810069 0.947476 0.929157 0.210716 0.310599 0.558282 0.325915 0.322923 0.0879956 0.369752 0.231385 0.441173 0.742867 0.0131151 0.0933127 0.775234 0.40779 0.190233 0.366681 0.899897 0.0478762 0.0895376 0.8002 0.0907142 0.363271 0.67145 0.336051 0.782161 0.458382 0.210235 0.190716 0.901807 0.540671 0.584981 0.255499 0.916758 0.477817 0.542117 0.990721 0.215799 0.175259 0.361605 0.387381 0.798337 0.609746 0.0849085 0.908376 0.927081 0.676863 0.797966 0.97807 0.179578 0.823052 0.449845 0.411665 0.102897 0.362781 0.450187 0.91169 0.103925 0.727436 0.604563 0.996147 0.394305 0.412566 0.55708 0.702714 0.863724 0.189387 0.804339 0.0317363 0.914638 0.695715 0.910962 0.869933 0.695146 0.893432 0.333271 0.610899 0.312856 0.515201 0.0640804 0.374163 0.912595 0.0465516 0.286773 0.732375 0.736174 0.21202 0.567219 0.401308 0.266042 0.758792 0.312832 0.109941 0.0614001 0.295825 0.0783436 0.731497 0.0332803 0.22103 0.0288208 0.0715391 0.40094 0.942943 0.0299447 0.895237 0.725006 0.233507 0.18997 0.185973 0.25356 0.394044 0.118849 0.934013 0.942473 0.98962 0.870114 0.197802 0.489616 0.187514 0.0534981
0.355147 0.143029 0.224727 0.889311 0.809109 0.462228 0.718014 0.513579 0.726283 0.717474 0.250595 0.328454 0.34341 0.105814 0.857859 0.841854 0.944816 0.00876392 0.615108 0.706144 0.632961 0.969154 0.0560657 0.961314 0.718991 0.257495 0.15963 0.426564 0.120503 0.565842 0.147531 0.849131 0.674688 0.388883 0.0850954 0.53414 0.195314 0.666248 0.601175 0.0222574 0.353216 0.278809 0.458767 0.0333932 0.125588 0.368577 0.516632 0.536477 0.927398 0.838438 0.0981201 0.82376 0.15025 0.993243 0.726319 0.549622 0.747791 0.728368 0.368302 0.707883 0.67126 0.789614 0.595759 0.789531 0.385584 0.438282 0.0975386 0.571568 0.756203 0.251099 0.471211 0.97589 0.0513271 0.94471 0.203413 0.264856 0.106786 0.98834 0.315124 0.998451 0.241358 0.651737 0.394548 0.617469 0.83148 0.668789 0.641845 0.531527 0.965904 0.38058 0.586511 0.772206 0.555987 0.868238 0.469237 0.00316366 0.866428 0.538201 0.816843 0.421351 0.836981 0.28804 0.7092 0.831215 0.452791 0.200321 0.638641 0.329515 0.717007 0.337415 0.0864617 0.632298 0.204053 0.648941 0.286108 0.343325 0.787859 0.872637 0.851015 0.833621 0.703591 0.515223 0.387855 0.62767 0.926973 0.981487 0.323998 0.857011 0.590115 0.426962 0.273787 0.48364 0.0781752 0.32691 0.901987 0.773274 0.399239 0.399618 0.339047 0.0239998 0.366502 0.67094 0.702325 0.688964 0.588779 0.844595 0.47714 0.264424 0.628 0.533189 0.822364 0.8084 0.364832 0.509316 0.495111 0.440368 0.219857 0.00550668 0.191262 0.237057 0.246984 0.691701 0.687669 0.680516 0.336052 0.771307 0.190772 0.869617 0.00308338 0.93121 0.353448 0.159169 0.603909 0.821857 0.478091 0.503799 0.280227 0.45091 0.58944 0.730209 0.255342 0.753425 0.545397 0.930825 0.531129 0.869539 0.646063 0.600807 0.330416 0.741761 0.101497 0.261328 0.265786 0.83733 0.291193 0.292861 0.802381 0.723159 0.162226 0.809805
0.357168 0.106853 0.0945892 0.915243 0.881917 0.980279 0.899048 0.623509 0.420501 0.00281791 0.816522 0.826999 0.500241 0.519088 0.676251 0.298579 0.0285201 0.788043 0.248474 0.923355 0.666285 0.462057 0.531341 0.384135 0.104271 0.345088 0.516496 0.288355 0.24828 0.394996 0.0577692 0.175858 0.769248 0.140107 0.321384 0.570934 0.70711 0.0759159 0.597954 0.147929 0.795055 0.539843 0.753875 0.957142 0.463697 0.865325 0.323954 0.698216 0.954391 0.742037 0.962922 0.868969 0.268831 0.851846 0.857533 0.0238538 0.120017 0.523592 0.0263764 0.30899 0.692874 0.637606 0.0590097 0.962437 0.230689 0.882789 0.445893 0.110034 0.927386 0.230989 0.825452 0.316813 0.984129 0.465664 0.152399 0.944432 0.325361 0.315436 0.0517757 0.665762 0.947466 0.763745 0.0561148 0.665849 0.463062 0.822809 0.214207 0.0941046 0.786918 0.892741 0.44417 0.0925561 0.15991 0.432574 0.924119 0.258801 0.235355 0.0167693 0.003585 0.698297 0.488644 0.281168 0.600193 0.476071 0.878074 0.298249 0.646856 0.946084 0.815901 0.632705 0.401512 0.719714 0.0857276 0.093116 0.550561 0.743375 0.781315 0.313267 0.0995489 0.215314 0.455003 0.102881 0.843356 0.185388 0.713612 0.699861 0.857878 0.298986 0.468364 0.72573 0.28269 0.0704776 0.640604 0.650991 0.110249 0.85846 0.0807681 0.528504 0.139374 0.415414 0.0625996 0.944451 0.673367 0.509534 0.239375 0.660466 0.604995 0.0892175 0.302635 0.168162 0.0294397 0.230324 0.172744 0.120824 0.497118 0.779547 0.762079 0.358083 0.699282 0.130404 0.153406 0.0363331 0.297494 0.111322 0.502368 0.0598958 0.930279 0.277507 0.0615997 0.403545 0.943762 0.924634 0.834572 0.816144 0.244735 0.480653 0.568829 0.476057 0.256418 0.541791 0.49354 0.364297 0.294596 0.313305 0.127746 0.246759 0.599764 0.719729 0.827878 0.685379 0.943577 0.45528 0.852876 0.87395 0.675143 0.926221 0.317151 0.767564 0.0713862 0.0640583
0.694239 0.695405 0.902218 0.635879 0.801913 0.643928 0.318912 0.793266 0.643423 0.571398 0.37937 0.549169 0.368598 0.733962 0.470226 0.590907 0.258935 0.0588149 0.884863 0.000603782 0.685039 0.026695 0.0373431 0.401904 0.854212 0.681412 0.760005 0.775274 0.348601 0.356771 0.92086 0.00555133 0.335748 0.52678 0.96206 0.945812 0.221706 0.931974 0.856162 0.318511 0.885203 0.737573 0.12268 0.422766 0.942115 0.440463 0.0795894 0.852087 0.788171 0.479326 0.770186 0.336118 0.135695 0.866086 0.615415 0.727506 0.752118 0.655334 0.937442 0.120351 0.558122 0.178997 0.467676 0.90416 0.826559 0.69022 0.505314 0.402644 0.591453 0.153077 0.27698 0.777398 0.479992 0.59268 0.776323 0.220672 0.734344 0.24041 0.508012 0.519114 0.353638 0.949635 0.767922 0.990254 0.862099 0.908815 0.408524 0.987898 0.58452 0.886802 0.12317 0.780534 0.0301145 0.564244 0.742821 0.272829 0.764751 0.0849815 0.4045 0.679528 0.63234 0.173321 0.943133 0.00679613 0.64695 0.727102 0.71888 0.927998 0.38008 0.636738 0.488769 0.206863 0.108971 0.108309 0.354368 0.430031 0.400905 0.974507 0.851489 0.825142 0.602576 0.273548 0.928692 0.439394 0.181522 0.852892 0.859876 0.0670567 0.206053 0.123482 0.825188 0.643346 0.492243 0.321174 0.830438 0.660866 0.875585 0.66707 0.900444 0.586916 0.390138 0.444741 0.342764 0.429568 0.723272 0.947288 0.885644 0.0831874 0.915139 0.434326 0.0870822 0.0297177 0.0459342 0.707669 0.195923 0.589672 0.368311 0.48376 0.966631 0.92069 0.516669 0.155595 0.084343 0.23739 0.979238 0.563356 0.176116 0.922866 0.651576 0.290344 0.718732 0.77386 0.982085 0.58647 0.3379 0.649429 0.789517 0.0111006 0.63543 0.771995 0.503821 0.297403 0.621098 0.747608 0.150614 0.640699 0.1635 0.444595 0.697317 0.142214 0.580252 0.560466 0.828639 0.794163 0.951708 0.161773 0.0782348 0.211872 0.200851 0.0498626
0.74164 0.68588 0.950506 0.620168 0.197752 0.77339 0.828138 0.145934 0.716814 0.714399 0.380465 0.9631 0.101119 0.786878 0.889551 0.7316 0.690334 0.971312 0.361654 0.84915 0.400381 0.614304 0.0609534 0.0785903 0.584525 0.477759 0.186076 0.517461 0.898249 0.260342 0.220977 0.787549 0.595149 0.890296 0.311443 0.559613 0.928539 0.174056 0.0472685 0.0383099 0.705437 0.424447 0.887074 0.469795 0.639328 0.172712 0.134173 0.448611 0.506645 0.48218 0.967195 0.625952 0.896999 0.347171 0.330872 0.15692 0.254389 0.564141 0.853912 0.946983 0.972031 0.353331 0.331192 0.884108 0.669229 0.254559 0.926106 0.800549 0.525399 0.697141 0.817585 0.651769 0.556964 0.0571468 0.526834 0.0797161 0.928224 0.179897 0.205159 0.640813 0.308661 0.726774 0.366342 0.273873 0.624347 0.376697 0.00863542 0.310841 0.771835 0.586911 0.83976 0.656473 0.741831 0.355379 0.751101 0.586632 0.382055 0.083802 0.862753 0.0672302 0.0244917 0.50032 0.906807 0.475157 0.436302 0.0116789 0.582754 0.767361 0.743553 0.296673 0.955919 0.756793 0.139676 0.964482 0.590808 0.584082 0.652383 0.914861 0.437014 0.113893 0.709956 0.563939 0.567596 0.882969 0.351557 0.402285 0.742035 0.176798 0.93786 0.260425 0.262015 0.994933 0.991248 0.962777 0.807259 0.287167 0.603117 0.284453 0.144926 0.44376 0.87146 0.619094 0.756885 0.0287753 0.460096 0.249593 0.875222 0.692565 0.69574 0.31194 0.269303 0.977031 0.304438 0.736391 0.984951 0.0358842 0.327166 0.171205 0.806264 0.756478 0.863206 0.165768 0.739982 0.230316 0.450853 0.142966 0.948152 0.855842 0.73793 0.0988886 0.201893 0.465931 0.434041 0.949036 0.879427 0.828562 0.224362 0.900288 0.702191 0.129115 0.25586 0.41606 0.0771558 0.408681 0.769457 0.74882 0.896799 0.146724 0.468571 0.95872 0.830032 0.194663 0.560886 0.917282 0.347947 0.774068 0.497465 0.991014 0.653787 0.51935
0.18557 0.484167 0.326493 0.70469 0.491451 0.54381 0.750374 0.574168 0.0319344 0.801027 0.105619 0.216491 0.658426 0.199396 0.0514896 0.834086 0.353381 0.520676 0.291373 0.478012 0.20173 0.555348 0.0746753 0.0919135 0.348873 0.179568 0.634952 0.0306927 0.522301 0.64702 0.769475 0.0486688 0.182769 0.389218 0.114349 0.465059 0.339967 0.446536 0.429602 0.0519433 0.969141 0.267713 0.800223 0.0670426 0.291886 0.353466 0.351933 0.25904 0.0312289 0.524454 0.072092 0.723799 0.679666 0.278142 0.130575 0.444142 0.625247 0.439063 0.356762 0.466108 0.571396 0.877639 0.0521754 0.0532044 0.385597 0.167854 0.901913 0.395621 0.850602 0.0144505 0.444441 0.406098 0.299924 0.324904 0.17249 0.864419 0.963039 0.841673 0.0666918 0.273472 0.349806 0.850811 0.768012 0.564141 0.140128 0.984801 0.483464 0.497756 0.42687 0.790741 0.382303 0.755784 0.0810506 0.529857 0.262849 0.167547 0.35782 0.870805 0.567612 0.22153 0.673978 0.915079 0.668655 0.726861 0.717638 0.136267 0.755182 0.282507 0.280176 0.265786 0.931881 0.783659 0.921432 0.273448 0.376608 0.405368 0.199812 0.40755 0.78025 0.867635 0.0407782 0.822831 0.540576 0.0164233 0.860841 0.0113194 0.157161 0.656043 0.597717 0.304645 0.529342 0.828188 0.946445 0.637008 0.794297 0.971183 0.420842 0.419935 0.209116 0.361649 0.929951 0.678291 0.219889 0.178745 0.0956039 0.240474 0.905001 0.806041 0.589421 0.646645 0.499497 0.690783 0.764201 0.234818 0.621611 0.221459 0.611024 0.926374 0.546241 0.580484 0.991865 0.712892 0.567403 0.135182 0.57167 0.412355 0.726736 0.163193 0.911255 0.285637 0.741895 0.723112 0.450874 0.419288 0.793179 0.669372 0.765835 0.258382 0.382551 0.0833517 0.381109 0.629019 0.645535 0.148869 0.80548 0.489489 0.442601 0.0575239 0.53763 0.901602 0.315022 0.664502 0.662368 0.750029 0.512624 0.947203 0.0515514 0.444681 0.742691 0.161429
0.158102 0.023975 0.430782 0.217433 0.109488 0.184361 0.246067 0.180815 0.516689 0.491172 0.970344 0.899353 0.976723 0.761778 0.6951 0.934638 0.244874 0.0549705 0.698814 0.480795 0.805973 0.321321 0.870984 0.962753 0.729042 0.165909 0.70859 0.228534 0.529077 0.386169 0.335547 0.665936 0.58273 0.430014 0.564846 0.723342 0.723192 0.970051 0.913344 0.463812 0.266299 0.502939 0.764825 0.835254 0.401938 0.72704 0.7222 0.0890768 0.342502 0.452607 0.360133 0.100697 0.556584 0.451443 0.136606 0.252249 0.614517 0.654883 0.302318 0.0385558 0.397361 0.361986 0.32083 0.784233 0.463053 0.716415 0.396136 0.979118 0.21266 0.4275 0.822903 0.220481 0.100321 0.928548 0.824707 0.0714906 0.564204 0.751817 0.471458 0.214974 0.954294 0.104182 0.0712753 0.798362 0.672015 0.0473733 0.664038 0.351426 0.283403 0.431635 0.0681791 0.0282841 0.522865 0.898473 0.864679 0.987667 0.487418 0.914327 0.71353 0.224521 0.583294 0.949007 0.229511 0.167764 0.338081 0.515587 0.521798 0.99143 0.748872 0.830249 0.142538 0.680242 0.964225 0.743811 0.634545 0.356994 0.284763 0.669814 0.759545 0.876831 0.207136 0.189306 0.802525 0.742701 0.887866 0.893982 0.441097 0.183857 0.819527 0.52905 0.979702 0.183987 0.113463 0.258458 0.680759 0.705 0.485669 0.349814 0.665128 0.407115 0.391944 0.334005 0.229845 0.445396 0.305046 0.450766 0.997166 0.421439 0.147074 0.0735571 0.633728 0.0255564 0.112293 0.339551 0.370998 0.579186 0.635915 0.0369902 0.265582 0.727679 0.346585 0.484488 0.899012 0.45731 0.196327 0.804979 0.718242 0.868218 0.830706 0.823389 0.261205 0.173455 0.707041 0.276942 0.510412 0.748453 0.909331 0.218709 0.0415755 0.268077 0.880619 0.853816 0.253777 0.192184 0.956181 0.209034 0.321491 0.308406 0.0109311 0.592753 0.928563 0.985825 0.721177 0.606918 0.256824 0.357227 0.596184 0.630276 0.374039 0.645099
0.420204 0.502507 0.576247 0.605951 0.741013 0.19093 0.284467 0.58904 0.995347 0.0808561 0.0985074 0.275708 0.599959 0.121343 0.940952 0.802453 0.559537 0.410195 0.888018 0.208227 0.58783 0.374409 0.753324 0.639012 0.410117 0.59861 0.881519 0.860482 0.637427 0.511215 0.980586 0.769556 0.893815 0.16123 0.234266 0.671205 0.284959 0.149506 0.250585 0.733244 0.105672 0.959313 0.919118 0.0224349 0.930155 0.324912 0.977018 0.194905 0.0976793 0.69274 0.405256 0.983214 0.0467133 0.320288 0.905086 0.102567 0.882865 0.885299 0.0773584 0.21121 0.115896 0.631269 0.483459 0.082162 0.851131 0.0957506 0.893191 0.386225 0.0110185 0.564279 0.355924 0.650603 0.321102 0.992646 0.672109 0.863776 0.556273 0.723886 0.0336209 0.145565 0.40877 0.484981 0.434356 0.439368 0.136862 0.341233 0.692692 0.485146 0.716185 0.464198 0.793117 0.451827 0.551984 0.636262 0.878616 0.194207 0.788349 0.290525 0.953366 0.854902 0.455976 0.633345 0.510598 0.169298 0.465067 0.112229 0.88352 0.353872 0.392222 0.908373 0.36976 0.338852 0.106493 0.518083 0.491878 0.153994 0.345142 0.659776 0.980712 0.474077 0.508396 0.14367 0.520255 0.924824 0.750582 0.571216 0.0227524 0.444965 0.611494 0.89984 0.356894 0.242756 0.575017 0.822351 0.332941 0.182632 0.0307324 0.00682851 0.324524 0.951219 0.615501 0.529374 0.0333081 0.255116 0.954604 0.932205 0.773966 0.177135 0.363217 0.85553 0.0859513 0.757314 0.436104 0.782696 0.45602 0.849332 0.101617 0.387064 0.817987 0.00568524 0.0102613 0.36798 0.317474 0.886317 0.0267489 0.770326 0.846976 0.861232 0.0666572 0.14398 0.383268 0.55378 0.091922 0.756604 0.0477498 0.0613455 0.66882 0.55908 0.285467 0.0127364 0.327424 0.0617868 0.345677 0.350482 0.418041 0.470134 0.573826 0.159894 0.388721 0.982161 0.88216 0.424511 0.561987 0.925703 0.628091 0.0514505 0.807175 0.844192 0.331866 0.844358
0.170531 0.669134 0.879222 0.738372 0.893601 0.0533238 0.135566 0.943791 0.945593 0.662449 0.096135 0.289618 0.229516 0.63253 0.784352 0.953301 0.0495972 0.455257 0.251086 0.613293 0.245728 0.0866056 0.812585 0.348782 0.296334 0.138636 0.213679 0.197652 0.166952 0.0825333 0.141235 0.213517 0.691093 0.987202 0.929343 0.164419 0.0690625 0.237641 0.805394 0.0811504 0.107179 0.427018 0.396234 0.476629 0.0523609 0.335353 0.694939 0.910709 0.30423 0.612623 0.365829 0.341537 0.286762 0.459181 0.517845 0.460356 0.0317305 0.649659 0.469754 0.526209 0.682066 0.929336 0.720212 0.172976 0.684825 0.0827184 0.532569 0.141877 0.545142 0.67148 0.691706 0.382869 0.053991 0.204133 0.254242 0.986695 0.543616 0.294797 0.64545 0.262087 0.30368 0.677282 0.47116 0.554642 0.16524 0.61523 0.411669 0.851477 0.377574 0.542262 0.640464 0.847887 0.293668 0.855673 0.449894 0.233546 0.788215 0.293611 0.341838 0.366181 0.573345 0.492887 0.968067 0.362812 0.453146 0.708684 0.22938 0.377052 0.37753 0.770432 0.0899706 0.910347 0.452635 0.996985 0.693904 0.0731921 0.930374 0.49469 0.0421592 0.718167 0.464535 0.709061 0.114614 0.870215 0.466066 0.34303 0.483609 0.342787 0.678272 0.923939 0.668852 0.916288 0.692883 0.960264 0.412546 0.772437 0.629217 0.32913 0.127025 0.64623 0.562043 0.768494 0.455187 0.569506 0.305874 0.943663 0.838524 0.145552 0.155322 0.733076 0.902497 0.051151 0.650214 0.916563 0.597448 0.6831 0.691445 0.299133 0.36357 0.13787 0.548488 0.949872 0.770854 0.669313 0.433099 0.69295 0.48246 0.423821 0.307251 0.839963 0.233177 0.868502 0.388289 0.442765 0.0605683 0.422176 0.96339 0.231786 0.234708 0.230712 0.0915723 0.115879 0.527729 0.270523 0.767134 0.285964 0.263673 0.141195 0.0165088 0.168018 0.750742 0.782032 0.255617 0.717561 0.3711 0.364584 0.255051 0.431849 0.892142 0.0771872
0.696633 0.728596 0.0068734 0.188761 0.89294 0.183747 0.216682 0.978261 0.147866 0.455491 0.206551 0.29059 0.157821 0.996534 0.796829 0.257272 0.914629 0.413731 0.233711 0.0309105 0.0471067 0.673541 0.0423132 0.292241 0.311447 0.809489 0.116514 0.119281 0.670234 0.988739 0.75314 0.962123 0.299293 0.81694 0.628161 0.932566 0.69165 0.482477 0.926172 0.733191 0.657629 0.986088 0.925 0.105304 0.33755 0.666801 0.837961 0.90448 0.31722 0.857617 0.485288 0.0451736 0.107272 0.200034 0.766789 0.1028 0.0208777 0.646007 0.356102 0.920112 0.614481 0.631367 0.3896 0.365094 0.171809 0.807171 0.113057 0.0253765 0.113778 0.503714 0.485949 0.182145 0.0758438 0.748973 0.517966 0.0517782 0.704935 0.0191278 0.340525 0.962878 0.958752 0.830056 0.0411836 0.583402 0.931661 0.627901 0.282288 0.724615 0.0234557 0.163699 0.656577 0.159801 0.798055 0.501588 0.89126 0.677927 0.0195768 0.227211 0.979348 0.404002 0.613682 0.999932 0.048451 0.115135 0.232756 0.81829 0.707921 0.620732 0.343126 0.492721 0.618963 0.980958 0.168085 0.528169 0.532009 0.044275 0.934135 0.349638 0.934431 0.224599 0.759361 0.560703 0.92125 0.518446 0.851042 0.632661 0.543577 0.945334 0.899844 0.879689 0.458072 0.560566 0.171749 0.200075 0.567304 0.405088 0.0781651 0.978155 0.871756 0.679839 0.839619 0.628121 0.153391 0.442949 0.194544 0.143439 0.783454 0.230483 0.911835 0.716103 0.440491 0.0672112 0.134162 0.858709 0.716115 0.0190123 0.763156 0.428235 0.174371 0.801384 0.859031 0.304823 0.433429 0.365148 0.00266407 0.222728 0.500817 0.720345 0.640221 0.892529 0.970728 0.447294 0.199084 0.999585 0.904536 0.0285409 0.578055 0.0905649 0.527937 0.698264 0.30228 0.196406 0.285879 0.640758 0.704995 0.415215 0.433124 0.989203 0.266151 0.306067 0.606763 0.455652 0.619058 0.0367115 0.17111 0.457252 0.815021 0.449787 0.777638 0.498651
0.777393 0.689837 0.943568 0.699992 0.811368 0.918739 0.789438 0.321519 0.0104709 0.404233 0.327686 0.0797859 0.466438 0.655223 0.203953 0.694341 0.899292 0.446066 0.942555 0.301792 0.978297 0.698603 0.099677 0.799549 0.00146346 0.0405151 0.671327 0.786903 0.343457 0.937297 0.080496 0.508494 0.43526 0.403233 0.371296 0.593214 0.718684 0.707313 0.596241 0.910751 0.235052 0.603077 0.235814 0.964296 0.721275 0.977858 0.359003 0.365681 0.614471 0.793078 0.555963 0.553454 0.545809 0.0396062 0.939434 0.357918 0.518386 0.774386 0.349676 0.369597 0.830845 0.495874 0.121693 0.19542 0.130922 0.848695 0.80254 0.0508244 0.332221 0.939521 0.70094 0.497949 0.166032 0.454556 0.394852 0.981097 0.91959 0.931256 0.841449 0.109943 0.526931 0.702263 0.103614 0.591718 0.401362 0.450769 0.910298 0.218721 0.439554 0.851851 0.39485 0.630502 0.480189 0.790945 0.390708 0.489344 0.947895 0.731287 0.916038 0.198434 0.618798 0.386002 0.947778 0.785978 0.672855 0.154232 0.498009 0.856385 0.0987383 0.234723 0.860758 0.492544 0.492529 0.914632 0.037037 0.0955672 0.415798 0.96421 0.346024 0.141405 0.802096 0.457438 0.908294 0.197691 0.138677 0.432423 0.390429 0.547376 0.814092 0.597629 0.239707 0.0773935 0.0806022 0.934282 0.884104 0.613959 0.300518 0.240952 0.112128 0.287207 0.166819 0.809116 0.188405 0.590141 0.571457 0.41825 0.975795 0.959668 0.969737 0.104862 0.606259 0.715059 0.54233 0.573586 0.234421 0.747688 0.0606165 0.854468 0.0390299 0.233355 0.773348 0.113411 0.479462 0.200843 0.591301 0.358027 0.484905 0.153366 0.433271 0.930161 0.645796 0.153444 0.119245 0.716851 0.367903 0.693479 0.676376 0.773797 0.497677 0.352735 0.207963 0.0464141 0.503215 0.73212 0.376258 0.950501 0.138881 0.4982 0.952626 0.0270607 0.353027 0.188588 0.500156 0.271561 0.69287 0.836179 0.58477 0.0445077 0.659023 0.209024
0.170572 0.987198 0.120919 0.471196 0.819579 0.450841 0.755481 0.886424 0.246281 0.830078 0.799981 0.502118 0.0703162 0.40303 0.602177 0.469221 0.61967 0.29603 0.89362 0.827747 0.330353 0.985497 0.823909 0.256319 0.477672 0.351919 0.807413 0.236383 0.49618 0.0376742 0.815021 0.176871 0.295612 0.362142 0.73419 0.985499 0.219059 0.312664 0.548012 0.911567 0.282111 0.319649 0.420888 0.667811 0.380297 0.0703625 0.64537 0.936971 0.385425 0.563106 0.399502 0.801122 0.0670715 0.277704 0.473239 0.884078 0.203897 0.523081 0.819701 0.799917 0.627932 0.374043 0.555272 0.915122 0.166307 0.53461 0.75349 0.604165 0.844768 0.632733 0.185478 0.304436 0.258876 0.155245 0.605345 0.345709 0.901089 0.183067 0.556081 0.322822 0.0161845 0.423678 0.201586 0.642618 0.435028 0.84282 0.311672 0.410563 0.423333 0.123647 0.873642 0.425628 0.257495 0.23643 0.602464 0.776864 0.369774 0.652712 0.487885 0.250451 0.26303 0.396009 0.11154 0.0194868 0.812677 0.144827 0.444256 0.657836 0.659623 0.708619 0.675304 0.743087 0.347614 0.327152 0.391363 0.557933 0.797293 0.285469 0.270432 0.752359 0.943864 0.108712 0.0159449 0.550081 0.423464 0.770561 0.846056 0.307936 0.268743 0.674456 0.64434 0.356823 0.280081 0.454262 0.949588 0.546375 0.258599 0.501756 0.803102 0.753294 0.204753 0.41581 0.214291 0.223244 0.0564852 0.949266 0.28821 0.721308 0.0125776 0.467787 0.0253736 0.357453 0.690405 0.511439 0.279835 0.0986415 0.080871 0.949645 0.185273 0.470243 0.379226 0.00742327 0.59505 0.850251 0.506252 0.503365 0.975309 0.189179 0.388408 0.155627 0.401572 0.0348931 0.773917 0.911441 0.0909752 0.601935 0.48832 0.562275 0.567833 0.945237 0.932178 0.0537439 0.647693 0.493286 0.156959 0.218295 0.83965 0.746369 0.584689 0.0188194 0.702884 0.533341 0.455438 0.563578 0.689113 0.401527 0.156249 0.637478 0.368749 0.629472
0.529759 0.0950253 0.750927 0.709365 0.350176 0.820256 0.963815 0.766916 0.145358 0.828032 0.0641154 0.104985 0.479774 0.733359 0.136543 0.972378 0.128356 0.369059 0.602 0.515667 0.352069 0.387428 0.523166 0.00348234 0.144673 0.526538 0.960366 0.785116 0.275311 0.0367167 0.324422 0.0882552 0.379208 0.406077 0.743415 0.909983 0.550679 0.456931 0.460621 0.084434 0.0953941 0.70522 0.0167516 0.980144 0.378507 0.503128 0.0432244 0.326615 0.718929 0.965085 0.912671 0.623883 0.8556 0.815157 0.885903 0.685788 0.908839 0.103227 0.119997 0.324242 0.282954 0.0775206 0.884936 0.329354 0.933119 0.680499 0.552147 0.289453 0.864066 0.98137 0.81522 0.867697 0.965909 0.851457 0.381464 0.233169 0.355623 0.160627 0.793878 0.967521 0.0128129 0.265998 0.216904 0.0455546 0.120178 0.212932 0.637988 0.00373428 0.310164 0.0126707 0.822142 0.70668 0.750694 0.834898 0.33654 0.227552 0.824741 0.153896 0.0415319 0.0165295 0.549057 0.679681 0.45567 0.321099 0.00978258 0.444388 0.247862 0.0169319 0.994642 0.88279 0.137577 0.0269725 0.199038 0.348617 0.614486 0.55414 0.955947 0.724992 0.436662 0.402459 0.508854 0.107975 0.199144 0.292676 0.890839 0.831797 0.189808 0.369065 0.547779 0.279832 0.371195 0.881008 0.824759 0.679784 0.588962 0.119782 0.494617 0.0607686 0.354781 0.974756 0.567962 0.336153 0.944697 0.320494 0.774151 0.28513 0.573176 0.320894 0.906814 0.910217 0.985581 0.833557 0.641109 0.190225 0.332152 0.140082 0.311399 0.205383 0.518028 0.334927 0.686084 0.546885 0.15134 0.482457 0.673652 0.283704 0.364596 0.58327 0.489876 0.666509 0.532684 0.241261 0.975621 0.119438 0.863339 0.773192 0.19792 0.300712 0.401321 0.837181 0.92648 0.36975 0.429696 0.293094 0.461703 0.725977 0.329008 0.738796 0.919459 0.0250472 0.366979 0.642178 0.354944 0.197273 0.923959 0.949189 0.0424701 0.790619 0.163087 0.037225
0.332249 0.200421 0.805842 0.102239 0.645904 0.239854 0.782646 0.836545 0.394672 0.173921 0.0467709 0.669512 0.804026 0.303414 0.14644 0.744531 0.26652 0.901566 0.0176528 0.34364 0.96773 0.163494 0.681701 0.207828 0.960501 0.451178 0.59978 0.8963 0.0967177 0.540554 0.838768 0.251246 0.320877 0.55182 0.26793 0.98078 0.829789 0.548561 0.892603 0.193737 0.810295 0.317605 0.677289 0.162507 0.730543 0.0491194 0.94787 0.658359 0.689628 0.0353854 0.127938 0.875562 0.487978 0.997708 0.806934 0.150987 0.277837 0.804634 0.176813 0.573281 0.0536595 0.415903 0.707904 0.864342 0.976743 0.765471 0.931133 0.404865 0.459232 0.646035 0.87258 0.891312 0.118968 0.722466 0.666217 0.764926 0.858295 0.227303 0.200307 0.406843 0.669249 0.42137 0.234411 0.0286758 0.856903 0.669337 0.718787 0.373385 0.0391371 0.861576 0.394962 0.154069 0.662733 0.188784 0.577583 0.0436139 0.111047 0.197857 0.157177 0.223835 0.960388 0.84459 0.553975 0.491812 0.407299 0.0718523 0.205149 0.0858273 0.626979 0.44574 0.87621 0.957713 0.820068 0.608648 0.150502 0.420388 0.281326 0.287443 0.493406 0.328435 0.115496 0.63894 0.481869 0.139697 0.0503342 0.624807 0.226595 0.774 0.161233 0.56926 0.0371782 0.76436 0.872309 0.130515 0.802698 0.768595 0.597505 0.626446 0.868982 0.430142 0.34495 0.673846 0.734469 0.250779 0.172562 0.899473 0.654591 0.652245 0.658965 0.720611 0.5425 0.541303 0.518856 0.648963 0.630584 0.869929 0.130205 0.506512 0.119499 0.141811 0.315151 0.372063 0.108971 0.530247 0.562914 0.898369 0.348291 0.739617 0.658723 0.689534 0.508106 0.810298 0.675082 0.505357 0.599784 0.806255 0.152802 0.871835 0.330071 0.481566 0.893928 0.0734597 0.78 0.661479 0.15938 0.639286 0.621533 0.504831 0.0391573 0.643764 0.560016 0.164562 0.292825 0.0310795 0.911926 0.0800442 0.605323 0.833053 0.630502 0.835178
0.767767 0.923208 0.32783 0.29209 0.342336 0.865871 0.0510878 0.947396 0.442065 0.867651 0.810423 0.144603 0.210079 0.614446 0.792388 0.51052 0.685994 0.560778 0.388296 0.900576 0.215561 0.849537 0.830577 0.426398 0.81323 0.807161 0.0176139 0.894632 0.468767 0.461222 0.519089 0.259476 0.575669 0.874498 0.381562 0.442502 0.591997 0.251964 0.171723 0.828765 0.960251 0.240552 0.72833 0.327128 0.572169 0.774071 0.90182 0.984853 0.783031 0.0562199 0.334008 0.658735 0.534115 0.677801 0.835464 0.403804 0.977597 0.0747833 0.956779 0.726764 0.509658 0.482486 0.765402 0.55266 0.194105 0.549029 0.0889533 0.458569 0.813007 0.641181 0.305256 0.291272 0.179058 0.355982 0.0858783 0.0525727 0.795648 0.72275 0.353616 0.118623 0.781928 0.944432 0.915458 0.716675 0.463967 0.546631 0.379644 0.559144 0.863719 0.785386 0.999233 0.0479788 0.877977 0.242858 0.308408 0.831978 0.689775 0.192221 0.842861 0.372109 0.89089 0.839762 0.45551 0.417479 0.130289 0.965103 0.0380245 0.343832 0.181927 0.174338 0.686929 0.576579 0.0496643 0.131751 0.70262 0.949003 0.59773 0.160861 0.312842 0.889569 0.952725 0.581144 0.166546 0.827546 0.169112 0.740587 0.0183282 0.688841 0.987481 0.260518 0.0132311 0.182599 0.442656 0.822207 0.16139 0.323297 0.794115 0.832811 0.27349 0.594642 0.938013 0.59088 0.0564259 0.553994 0.958032 0.430339 0.0920946 0.667509 0.875471 0.881096 0.294817 0.30926 0.24913 0.384346 0.740102 0.941192 0.0841693 0.47202 0.605889 0.497683 0.10789 0.789369 0.305136 0.771354 0.0933896 0.717193 0.336757 0.721301 0.0826539 0.685724 0.247482 0.183107 0.907817 0.16274 0.853082 0.823059 0.487686 0.531308 0.297658 0.37841 0.45209 0.480087 0.787259 0.0468405 0.642176 0.890207 0.960646 0.359308 0.346649 0.992646 0.712051 0.000681717 0.741167 0.773473 0.773657 0.417079 0.659765 0.804321 0.94268 0.764982
0.630258 0.737879 0.859327 0.203689 0.871392 0.704258 0.0617985 0.412106 0.917541 0.426516 0.239975 0.96947 0.274063 0.316673 0.393889 0.0447595 0.644642 0.647233 0.94002 0.796029 0.191 0.850585 0.531505 0.534591 0.615213 0.0423203 0.875318 0.690948 0.60002 0.241907 0.6094 0.851249 0.869768 0.370041 0.779943 0.55485 0.419055 0.289742 0.795039 0.350246 0.848788 0.644574 0.488861 0.82089 0.377999 0.895697 0.109174 0.143879 0.214567 0.335376 0.592053 0.209478 0.870232 0.781596 0.660465 0.606226 0.238067 0.270927 0.177935 0.274277 0.426856 0.370842 0.364606 0.935016 0.854204 0.0365548 0.843186 0.33946 0.0264254 0.908188 0.632641 0.398453 0.236361 0.326785 0.639674 0.280398 0.555246 0.464716 0.0212293 0.859974 0.156827 0.492608 0.612018 0.63066 0.348441 0.188726 0.403678 0.0405036 0.621892 0.94038 0.327874 0.265051 0.327157 0.818543 0.329136 0.98452 0.953765 0.334662 0.284748 0.496516 0.666343 0.992287 0.179302 0.609389 0.00925577 0.814575 0.321461 0.301963 0.307241 0.623211 0.920422 0.800542 0.499692 0.0745404 0.104842 0.733191 0.787204 0.148713 0.637849 0.459186 0.0345782 0.395659 0.945787 0.726581 0.166448 0.261651 0.116821 0.763047 0.264741 0.513875 0.383448 0.653051 0.0985176 0.219298 0.510192 0.503666 0.0745905 0.695346 0.072183 0.442656 0.685949 0.611152 0.671679 0.387516 0.761677 0.625633 0.0681663 0.576077 0.75846 0.454153 0.0947559 0.34585 0.360287 0.30378 0.95801 0.875788 0.699233 0.71633 0.620925 0.786969 0.936758 0.0329675 0.667646 0.296523 0.880792 0.228658 0.257553 0.642233 0.955196 0.680644 0.473547 0.767428 0.591857 0.101029 0.00911026 0.852019 0.616409 0.492102 0.616513 0.242368 0.200089 0.144537 0.335353 0.802893 0.159125 0.536289 0.503613 0.599751 0.768599 0.121483 0.90422 0.552826 0.398468 0.379793 0.0908822 0.340715 0.195275 0.436872 0.694723 0.127155
0.96477 0.951308 0.330926 0.844366 0.05568 0.210913 0.359462 0.367111 0.673299 0.427921 0.683764 0.769328 0.730234 0.152927 0.711782 0.340363 0.343138 0.964788 0.393313 0.0898843 0.766344 0.722187 0.406762 0.779267 0.761948 0.411834 0.575565 0.345514 0.237786 0.242131 0.13234 0.582407 0.177362 0.0458382 0.598259 0.0450706 0.379597 0.504947 0.685968 0.038895 0.625691 0.0600778 0.481337 0.0987354 0.463593 0.15941 0.738661 0.493232 0.221391 0.338461 0.356952 0.983655 0.415454 0.0629 0.160976 0.501635 0.2104 0.38121 0.653846 0.500787 0.168266 0.942843 0.0904788 0.570309 0.242408 0.510956 0.0961682 0.115099 0.10155 0.916282 0.572247 0.898266 0.970691 0.563879 0.0661476 0.184758 0.17333 0.843598 0.937029 0.616239 0.944545 0.406913 0.363637 0.29966 0.140679 0.529477 0.632243 0.497315 0.891413 0.686585 0.0658737 0.6098 0.744862 0.228152 0.294096 0.983761 0.23991 0.682057 0.775133 0.289634 0.434102 0.00518561 0.613829 0.398453 0.425123 0.302392 0.381638 0.281037 0.346324 0.801677 0.386225 0.922328 0.0124668 0.289944 0.196273 0.765578 0.370366 0.982712 0.812088 0.123793 0.00476566 0.386546 0.854329 0.010199 0.596666 0.670464 0.875921 0.944665 0.286766 0.439171 0.335349 0.256359 0.184647 0.62173 0.681991 0.796086 0.616263 0.728272 0.358918 0.514429 0.596841 0.243336 0.962072 0.797056 0.409052 0.114884 0.655698 0.133449 0.880571 0.774628 0.59309 0.948033 0.293641 0.456429 0.11478 0.983739 0.607567 0.640329 0.151437 0.838417 0.875571 0.961815 0.148549 0.845392 0.411251 0.878005 0.950616 0.584249 0.762621 0.169526 0.475854 0.670226 0.0282336 0.455903 0.438863 0.447783 0.431198 0.859192 0.107943 0.115335 0.0072205 0.10725 0.630996 0.274027 0.199939 0.679051 0.24298 0.077014 0.507226 0.478172 0.363259 0.401393 0.229466 0.938542 0.241118 0.237324 0.703692 0.118057 0.854078 0.406318
0.221026 0.249114 0.142455 0.0205537 0.262752 0.152008 0.5457 0.817577 0.813457 0.471788 0.83434 0.81323 0.602874 0.0646165 0.66149 0.714855 0.583123 0.749344 0.166706 0.16786 0.456517 0.631207 0.811077 0.623698 0.690711 0.845245 0.119574 0.0493408 0.0294289 0.617365 0.6653 0.114102 0.692238 0.651783 0.0115019 0.992396 0.698596 0.482979 0.534888 0.705968 0.585953 0.716492 0.518958 0.965497 0.0183404 0.801803 0.889429 0.410109 0.407906 0.76017 0.31036 0.492747 0.546691 0.49269 0.439207 0.959975 0.46782 0.807326 0.0402872 0.476656 0.665875 0.659595 0.234543 0.00224737 0.864803 0.17249 0.518728 0.167946 0.461389 0.514995 0.831231 0.0817788 0.0651862 0.302044 0.87662 0.684217 0.805857 0.413271 0.510577 0.808814 0.665282 0.843088 0.635096 0.89103 0.151554 0.0608498 0.93557 0.347818 0.0819373 0.634296 0.844615 0.0856962 0.266966 0.742006 0.758906 0.110062 0.818044 0.312911 0.789554 0.762906 0.20314 0.620484 0.132639 0.301637 0.52065 0.563505 0.419377 0.45013 0.792529 0.566688 0.336508 0.0841249 0.688626 0.100993 0.696329 0.412914 0.90998 0.377802 0.652873 0.20081 0.587449 0.964143 0.214592 0.231853 0.922763 0.605473 0.153421 0.982759 0.766767 0.231968 0.386281 0.340164 0.653972 0.318553 0.308113 0.962248 0.44138 0.563092 0.949102 0.684178 0.846425 0.425827 0.212566 0.486433 0.333531 0.888305 0.0708156 0.668225 0.811379 0.624775 0.129609 0.125745 0.940892 0.990899 0.133325 0.619428 0.264348 0.268654 0.647968 0.102575 0.797401 0.689613 0.167117 0.98185 0.0777828 0.337363 0.164282 0.49262 0.831669 0.949303 0.00512512 0.393526 0.247928 0.800503 0.18691 0.733626 0.249717 0.23714 0.724856 0.00952676 0.693519 0.993339 0.577428 0.197244 0.55013 0.118451 0.503492 0.990596 0.785124 0.91842 0.462458 0.0770796 0.0788762 0.150934 0.837583 0.551231 0.159169 0.216395 0.748341 0.842951
0.495784 0.710868 0.895349 0.689554 0.648707 0.316367 0.960229 0.117037 0.364318 0.293163 0.452298 0.6063 0.325527 0.859454 0.0779039 0.453338 0.41852 0.508913 0.707026 0.97711 0.671871 0.349727 0.714348 0.408419 0.434118 0.932814 0.122006 0.560797 0.126198 0.0607213 0.669087 0.286831 0.58328 0.160166 0.274773 0.198051 0.960284 0.383412 0.358813 0.588633 0.710882 0.244283 0.33939 0.642027 0.92132 0.776173 0.553693 0.278243 0.708458 0.584195 0.631047 0.303828 0.121085 0.763252 0.795612 0.226477 0.339113 0.980794 0.00214294 0.965445 0.915154 0.891488 0.350314 0.648926 0.380906 0.924619 0.341782 0.979147 0.254379 0.302875 0.61733 0.421155 0.563269 0.506202 0.570668 0.108051 0.145461 0.556155 0.501925 0.119739 0.94722 0.64772 0.656595 0.0761111 0.555192 0.31039 0.22118 0.864572 0.914486 0.655693 0.449596 0.803832 0.356261 0.714751 0.0793493 0.485254 0.10371 0.92404 0.0791623 0.903801 0.1574 0.270714 0.224667 0.798154 0.538412 0.744231 0.0462338 0.222797 0.606347 0.0584756 0.894307 0.127977 0.0852073 0.945118 0.972866 0.219448 0.484142 0.110749 0.204832 0.179013 0.481398 0.614246 0.535927 0.716683 0.770656 0.433425 0.0443285 0.344578 0.748302 0.265965 0.796804 0.53594 0.322982 0.959263 0.356681 0.282988 0.779566 0.629449 0.43518 0.718999 0.88113 0.663147 0.334952 0.894668 0.229757 0.560782 0.718578 0.137145 0.711738 0.464111 0.63398 0.080319 0.976162 0.158366 0.93985 0.230776 0.303972 0.00446519 0.668957 0.00978645 0.46366 0.480005 0.749433 0.0374494 0.846551 0.852371 0.817121 0.411228 0.0757107 0.330702 0.929252 0.131944 0.539069 0.563044 0.351335 0.79188 0.178468 0.488996 0.644624 0.397175 0.588929 0.524149 0.639812 0.383775 0.696964 0.458388 0.211712 0.124286 0.750442 0.016107 0.0253712 0.47758 0.572013 0.982742 0.994581 0.637777 0.123817 0.331256 0.989816 0.106271
0.136801 0.994073 0.719563 0.565049 0.405169 0.938162 0.834892 0.0888492 0.958831 0.195673 0.446618 0.625728 0.305144 0.492288 0.974018 0.0813223 0.619377 0.810461 0.845429 0.529327 0.836766 0.714155 0.411325 0.563818 0.600224 0.251629 0.935814 0.389067 0.403395 0.961685 0.683974 0.598056 0.971493 0.664533 0.386234 0.262429 0.878931 0.324177 0.123036 0.684768 0.271981 0.0545928 0.046265 0.455067 0.426294 0.442496 0.468812 0.226011 0.671675 0.132082 0.759524 0.0108182 0.507059 0.75516 0.0895347 0.660868 0.378215 0.449519 0.772217 0.73382 0.032791 0.211131 0.119152 0.545183 0.805544 0.473275 0.979494 0.370478 0.776904 0.160735 0.149612 0.879797 0.856126 0.111285 0.0300033 0.0326885 0.621565 0.801281 0.0829645 0.310697 0.192635 0.801059 0.0320639 0.0718488 0.699044 0.579639 0.929175 0.970499 0.113799 0.242918 0.982162 0.805561 0.463321 0.0508224 0.44092 0.563179 0.255332 0.660821 0.117787 0.530371 0.603247 0.626664 0.856052 0.725993 0.371087 0.429376 0.781905 0.135464 0.288105 0.256345 0.367039 0.576213 0.222247 0.341011 0.149091 0.394832 0.884337 0.271806 0.581608 0.61674 0.439508 0.445608 0.06413 0.519732 0.283397 0.0104492 0.491489 0.180653 0.397177 0.888871 0.262778 0.103486 0.685266 0.333478 0.862062 0.683847 0.604799 0.928982 0.664524 0.404098 0.350439 0.887103 0.488 0.680074 0.841294 0.838527 0.804556 0.567548 0.947534 0.993322 0.671367 0.585584 0.173082 0.524584 0.0388707 0.0100642 0.371215 0.821686 0.303653 0.178118 0.208141 0.498748 0.15592 0.471884 0.705552 0.697851 0.409654 0.921337 0.586406 0.327336 0.725648 0.919971 0.201599 0.8439 0.297836 0.052385 0.946601 0.153912 0.149709 0.32945 0.321397 0.546668 0.404787 0.197229 0.664715 0.677987 0.025108 0.114042 0.496997 0.94224 0.409107 0.945832 0.998749 0.182167 0.267251 0.520999 0.839739 0.706659 0.937967 0.70723
0.277888 0.414021 0.261961 0.682022 0.963253 0.975726 0.399452 0.489322 0.52197 0.323082 0.796614 0.551257 0.706656 0.0397001 0.717662 0.294305 0.626577 0.55896 0.810505 0.730709 0.0593708 0.895033 0.421456 0.985963 0.842731 0.341843 0.678588 0.92618 0.125375 0.596036 0.408081 0.278661 0.0937485 0.822552 0.264098 0.403167 0.393344 0.857741 0.632272 0.822852 0.711505 0.728541 0.222949 0.153518 0.169434 0.449955 0.495486 0.654809 0.528285 0.395345 0.854138 0.268005 0.232222 0.787237 0.80574 0.943116 0.390237 0.487567 0.25815 0.957474 0.582398 0.556589 0.13257 0.264361 0.437005 0.350893 0.652948 0.582689 0.802057 0.374713 0.87795 0.0245552 0.187643 0.681333 0.495314 0.506459 0.73241 0.752122 0.590682 0.971309 0.953599 0.314166 0.490095 0.683894 0.775121 0.122031 0.497943 0.290227 0.728116 0.38607 0.977751 0.0588185 0.0751524 0.704859 0.365039 0.457056 0.267084 0.463721 0.0574186 0.657927 0.0702704 0.96054 0.41546 0.267063 0.576139 0.0575156 0.686483 0.00109533 0.180574 0.618658 0.467938 0.689761 0.366308 0.041949 0.569832 0.00855424 0.782975 0.566739 0.172796 0.478649 0.374532 0.391345 0.336022 0.999 0.71478 0.179648 0.342924 0.700941 0.338472 0.274102 0.614271 0.152586 0.67446 0.435705 0.101399 0.292443 0.873269 0.124552 0.407432 0.374995 0.733106 0.662138 0.556139 0.0665219 0.348984 0.226212 0.542809 0.337323 0.0930622 0.710774 0.424555 0.480202 0.165194 0.28928 0.162899 0.577938 0.089451 0.989641 0.196186 0.269251 0.341284 0.68847 0.393902 0.140686 0.0493646 0.89485 0.515186 0.316415 0.681123 0.331417 0.581031 0.77077 0.194828 0.253183 0.460267 0.405772 0.351022 0.729607 0.127549 0.766859 0.401076 0.957383 0.73007 0.643987 0.288001 0.105128 0.977721 0.811343 0.33105 0.591582 0.110289 0.69899 0.236364 0.74936 0.611008 0.388313 0.791768 0.593279 0.0699485 0.83699
0.14276 0.981934 0.851149 0.168416 0.951597 0.875404 0.996862 0.205767 0.842294 0.312362 0.722116 0.801289 0.548984 0.76116 0.10379 0.240031 0.649124 0.171761 0.830141 0.14759 0.868089 0.726763 0.337042 0.369087 0.36351 0.291886 0.0952531 0.227116 0.76572 0.463815 0.820822 0.682266 0.152247 0.474789 0.578873 0.396772 0.365317 0.0543091 0.816716 0.263967 0.218751 0.66692 0.991342 0.810742 0.105743 0.0361672 0.567446 0.753213 0.357107 0.432342 0.066763 0.0363941 0.411409 0.80178 0.423334 0.544151 0.79663 0.0359523 0.0404136 0.673146 0.536952 0.761132 0.0263117 0.0240929 0.943301 0.822087 0.420906 0.30344 0.416661 0.40944 0.64817 0.547233 0.198042 0.829549 0.405369 0.3812 0.847778 0.0106456 0.252662 0.429122 0.197807 0.57067 0.521596 0.143394 0.17886 0.12469 0.336629 0.398486 0.434717 0.552745 0.050384 0.630082 0.0768603 0.454104 0.441274 0.175224 0.784235 0.625692 0.0220252 0.133295 0.89293 0.400366 0.594495 0.408226 0.469734 0.391227 0.548918 0.080367 0.878566 0.142068 0.0928494 0.934189 0.210406 0.930205 0.491744 0.827609 0.282057 0.821569 0.22688 0.148766 0.236258 0.157659 0.559735 0.817447 0.651224 0.298864 0.0267059 0.316653 0.554295 0.758789 0.559378 0.95098 0.798729 0.50025 0.663113 0.970034 0.717941 0.725815 0.794412 0.710198 0.981248 0.896899 0.414324 0.546954 0.297035 0.881391 0.562339 0.848684 0.190686 0.619911 0.649066 0.459707 0.811429 0.147591 0.697058 0.953697 0.935126 0.837758 0.552529 0.625478 0.450687 0.962824 0.306718 0.657141 0.564106 0.456824 0.131307 0.335003 0.281249 0.0632973 0.0799787 0.703922 0.0365319 0.985011 0.317634 0.101384 0.198812 0.992671 0.761916 0.85062 0.280583 0.189706 0.368813 0.666706 0.300878 0.443867 0.545792 0.226164 0.884241 0.177369 0.99777 0.724357 0.924466 0.498696 0.43881 0.679092 0.0932503 0.32274 0.0866883 0.56028
0.882531 0.595545 0.535787 0.886328 0.0272915 0.0786093 0.437708 0.645883 0.0989918 0.00881106 0.13616 0.3428 0.202977 0.794945 0.568837 0.203567 0.683553 0.0333536 0.866037 0.286195 0.305477 0.216902 0.165038 0.479186 0.302785 0.346217 0.14462 0.960236 0.5541 0.13746 0.743161 0.905994 0.660622 0.676428 0.130839 0.128156 0.459885 0.0662749 0.549438 0.647255 0.620635 0.80511 0.877681 0.523603 0.79552 0.73841 0.198874 0.187376 0.800852 0.505145 0.207775 0.382983 0.170024 0.727479 0.338739 0.537205 0.958218 0.170491 0.0175055 0.796831 0.231104 0.576012 0.567891 0.349633 0.879692 0.17054 0.932419 0.28347 0.213253 0.283057 0.27594 0.846294 0.0950828 0.897701 0.145329 0.59725 0.474658 0.935713 0.225218 0.236473 0.232886 0.91054 0.757384 0.481063 0.729216 0.654535 0.826231 0.686034 0.712107 0.264321 0.0713961 0.231129 0.0168094 0.50685 0.692391 0.939289 0.653548 0.973029 0.416802 0.123734 0.361992 0.823462 0.0602751 0.318923 0.518446 0.880875 0.935488 0.569323 0.781947 0.658379 0.658031 0.607061 0.721595 0.133716 0.95071 0.746852 0.138457 0.944897 0.57826 0.390852 0.228223 0.501857 0.451823 0.982914 0.387477 0.667471 0.168234 0.640949 0.245595 0.721031 0.626654 0.986976 0.462406 0.77483 0.353757 0.763533 0.943273 0.0333675 0.840402 0.706168 0.389504 0.752706 0.61878 0.293975 0.476368 0.771039 0.26161 0.00350307 0.331214 0.284156 0.516955 0.181931 0.996432 0.529188 0.902596 0.199376 0.114546 0.578167 0.963381 0.87092 0.440031 0.794272 0.593729 0.419203 0.0379131 0.339298 0.60851 0.217848 0.37966 0.237732 0.322047 0.470688 0.83531 0.460392 0.311661 0.232231 0.440015 0.850029 0.330581 0.700323 0.081086 0.416092 0.000281314 0.031536 0.413893 0.831972 0.817403 0.809114 0.841382 0.16892 0.615782 0.0600193 0.672581 0.367074 0.751733 0.318526 0.284382 0.596729 0.0799186 0.764929
0.0119585 0.47779 0.66295 0.185364 0.571987 0.475774 0.248977 0.154865 0.45705 0.103581 0.683167 0.666012 0.318806 0.957299 0.571403 0.929154 0.516793 0.964672 0.0417417 0.614393 0.162074 0.25315 0.352274 0.873705 0.679561 0.61737 0.15673 0.790247 0.688823 0.778325 0.219811 0.863777 0.549516 0.204638 0.657792 0.0107195 0.822757 0.925109 0.323889 0.549231 0.601642 0.400778 0.643245 0.045277 0.179561 0.503864 0.353506 0.215979 0.21694 0.532841 0.803663 0.772139 0.544113 0.157746 0.0233526 0.829813 0.401825 0.418313 0.530041 0.767021 0.433268 0.74258 0.604305 0.837008 0.476327 0.139249 0.061394 0.613764 0.832935 0.554888 0.918063 0.647755 0.926166 0.403822 0.918854 0.0918101 0.976783 0.0528611 0.722711 0.134442 0.862024 0.875288 0.220591 0.260795 0.375911 0.613656 0.457257 0.384956 0.27333 0.103257 0.842178 0.410842 0.581021 0.75289 0.908121 0.93807 0.937888 0.554226 0.0862822 0.0804448 0.328129 0.819184 0.658632 0.680593 0.610579 0.388368 0.982345 0.017803 0.404334 0.80373 0.549035 0.0579488 0.232471 0.513103 0.289363 0.731777 0.293986 0.557922 0.849545 0.788484 0.0422025 0.666469 0.0419912 0.267157 0.381285 0.0282085 0.416664 0.893957 0.441064 0.369604 0.129961 0.56498 0.0511618 0.507188 0.501192 0.437142 0.777231 0.587629 0.49905 0.286092 0.094864 0.355133 0.84324 0.822663 0.269531 0.113055 0.602213 0.329753 0.800114 0.0675254 0.109297 0.907937 0.855742 0.0802853 0.0929711 0.467199 0.20781 0.412479 0.75572 0.125129 0.261585 0.635397 0.111973 0.16781 0.155955 0.108649 0.36025 0.715594 0.41487 0.663802 0.372697 0.730315 0.691866 0.30361 0.939428 0.985452 0.153972 0.00211171 0.469222 0.377557 0.529537 0.229464 0.271167 0.523482 0.553319 0.630657 0.138979 0.197767 0.752243 0.0547273 0.607863 0.046951 0.515576 0.143927 0.86118 0.702875 0.504578 0.135368 0.932351 0.312081
0.254533 0.621398 0.196949 0.137625 0.955512 0.3359 0.977778 0.859137 0.83526 0.116131 0.374395 0.332759 0.0508815 0.444966 0.749771 0.527197 0.74272 0.950645 0.986042 0.558111 0.277573 0.833364 0.361702 0.212926 0.660518 0.854711 0.64262 0.18229 0.817628 0.623753 0.643528 0.867674 0.359398 0.772811 0.652985 0.0812743 0.471733 0.795006 0.394858 0.121035 0.474071 0.0535323 0.395782 0.0728444 0.807434 0.4157 0.0992208 0.0700677 0.79286 0.459283 0.00493976 0.97406 0.649911 0.711621 0.792469 0.832116 0.0300732 0.580486 0.636363 0.195675 0.991116 0.336386 0.254278 0.311257 0.2945 0.774844 0.285923 0.460307 0.734993 0.638233 0.057537 0.526936 0.0374513 0.331663 0.38732 0.921953 0.699618 0.0494206 0.892806 0.675023 0.569701 0.828017 0.149812 0.677429 0.790383 0.327106 0.951113 0.114223 0.069977 0.488801 0.817115 0.930182 0.19761 0.856949 0.0259599 0.39128 0.325081 0.957602 0.0974446 0.113264 0.410152 0.487218 0.822515 0.0255292 0.378682 0.800863 0.94482 0.8651 0.959957 0.147959 0.00765551 0.815542 0.695364 0.0260723 0.684228 0.159232 0.408478 0.884922 0.562315 0.579558 0.788483 0.187495 0.0611895 0.73122 0.360725 0.381309 0.778543 0.123176 0.0816785 0.95228 0.240617 0.47258 0.656491 0.958157 0.148347 0.238875 0.0176455 0.880481 0.532068 0.257187 0.702949 0.502218 0.30435 0.225448 0.297543 0.694038 0.0414846 0.176227 0.316136 0.529374 0.533503 0.337172 0.849241 0.514426 0.368603 0.942927 0.973515 0.054205 0.014636 0.261619 0.75115 0.216899 0.511761 0.51188 0.899731 0.715999 0.176155 0.445245 0.761463 0.0351791 0.000913996 0.435852 0.601537 0.108194 0.138076 0.870499 0.84071 0.847362 0.49693 0.0449761 0.780769 0.828205 0.0256016 0.814048 0.754775 0.992376 0.994687 0.462772 0.391557 0.247928 0.61656 0.865707 0.310814 0.729387 0.583552 0.78946 0.264801 0.162694 0.209474 0.481323
0.4456 0.0401514 0.503839 0.654786 0.161744 0.388352 0.427441 0.0832015 0.581536 0.171268 0.0902653 0.670204 0.426184 0.0476354 0.684665 0.704199 0.0476248 0.55518 0.405859 0.464156 0.0465465 0.855767 0.165028 0.543085 0.0152408 0.610501 0.402093 0.0610108 0.931058 0.629366 0.15139 0.825513 0.867857 0.22847 0.256949 0.820966 0.370971 0.62093 0.0730097 0.650115 0.211993 0.65496 0.264021 0.00612201 0.958223 0.828271 0.84505 0.370434 0.414608 0.333903 0.563411 0.208033 0.657576 0.57559 0.328839 0.151536 0.0540232 0.609696 0.763522 0.510403 0.775279 0.510855 0.706896 0.896261 0.752418 0.566977 0.20717 0.929544 0.356012 0.165515 0.147771 0.754895 0.348347 0.797306 0.0943218 0.88859 0.558376 0.104298 0.0743232 0.190758 0.212791 0.82282 0.733766 0.262278 0.360012 0.673595 0.0357827 0.872109 0.516786 0.640859 0.099164 0.834135 0.40939 0.81508 0.0312898 0.622293 0.647768 0.936212 0.693872 0.360377 0.334856 0.21948 0.197456 0.565506 0.714962 0.315142 0.433438 0.461081 0.981798 0.69327 0.30992 0.416718 0.0813991 0.671877 0.250957 0.56365 0.347881 0.354533 0.0236785 0.00502384 0.0622613 0.696592 0.86762 0.865747 0.33323 0.694951 0.12613 0.640303 0.589778 0.0264607 0.717303 0.225151 0.0156786 0.43051 0.0225722 0.429645 0.276683 0.303524 0.5616 0.988446 0.708484 0.650256 0.103418 0.158884 0.982826 0.159421 0.00947608 0.620607 0.789678 0.256378 0.815791 0.56167 0.311293 0.323531 0.977986 0.405552 0.46112 0.137378 0.990092 0.860616 0.7116 0.362869 0.550218 0.179223 0.203679 0.957185 0.896859 0.566981 0.398791 0.495628 0.658599 0.576572 0.759867 0.996537 0.0509513 0.753676 0.973601 0.0911824 0.742577 0.0174272 0.0407056 0.412669 0.956769 0.164091 0.00908504 0.757225 0.807513 0.163056 0.124279 0.72006 0.835361 0.989594 0.0998022 0.414439 0.809989 0.980755 0.883343 0.584924 0.317745 0.0731056
0.606421 0.00583315 0.806223 0.509207 0.834621 0.377057 0.700669 0.728536 0.859172 0.661098 0.474565 0.712175 0.285449 0.78379 0.661672 0.997493 0.940571 0.661913 0.847917 0.274904 0.737248 0.514809 0.333194 0.894565 0.680927 0.693335 0.133686 0.433806 0.329172 0.783042 0.00573548 0.127568 0.176675 0.0186006 0.204447 0.456329 0.037782 0.0126901 0.994197 0.977337 0.98851 0.591133 0.258002 0.881251 0.228564 0.456239 0.484558 0.946834 0.327249 0.128378 0.753273 0.607996 0.887978 0.44854 0.404486 0.186863 0.944915 0.558818 0.204354 0.821075 0.312857 0.527081 0.427195 0.92996 0.109038 0.12043 0.480798 0.873115 0.610172 0.55177 0.527363 0.664194 0.125065 0.325382 0.172306 0.575112 0.276912 0.504268 0.11411 0.591077 0.387915 0.834542 0.209564 0.474614 0.813839 0.252811 0.198779 0.735218 0.679429 0.269008 0.059197 0.556758 0.888259 0.175396 0.0129928 0.919764 0.719436 0.171283 0.0985843 0.908115 0.81244 0.0825211 0.0580273 0.585152 0.651643 0.848733 0.774367 0.115613 0.0245529 0.429312 0.581978 0.154217 0.287423 0.563435 0.142622 0.208702 0.540479 0.576379 0.917523 0.252179 0.112249 0.165748 0.356063 0.406352 0.534356 0.484508 0.363543 0.236982 0.646689 0.45995 0.591448 0.534824 0.204253 0.655339 0.42325 0.96043 0.241933 0.00414333 0.425125 0.880323 0.00908607 0.243715 0.712949 0.615379 0.31757 0.125129 0.727933 0.461711 0.387681 0.00858776 0.0220559 0.30522 0.0472355 0.780161 0.66969 0.0557738 0.104427 0.992068 0.462418 0.806909 0.430143 0.788712 0.755059 0.239898 0.769628 0.9476 0.316309 0.171927 0.270279 0.028479 0.417172 0.0405195 0.149267 0.503483 0.848616 0.779254 0.110667 0.785748 0.000148196 0.788323 0.227442 0.433968 0.873971 0.329261 0.911271 0.123509 0.8339 0.677796 0.400759 0.0934087 0.160452 0.629822 0.872073 0.150355 0.734078 0.19448 0.857569 0.869853 0.818048 0.362368
0.113676 0.672732 0.166793 0.606859 0.25556 0.449283 0.403216 0.370738 0.313523 0.335844 0.861126 0.0603026 0.829045 0.40481 0.882919 0.249448 0.699693 0.931381 0.905089 0.211712 0.666223 0.426467 0.622992 0.876469 0.377838 0.0909762 0.695956 0.852184 0.447711 0.213899 0.866852 0.63633 0.689007 0.0957899 0.805685 0.592397 0.480057 0.0662624 0.975308 0.074967 0.629958 0.131033 0.9048 0.322336 0.201234 0.74361 0.496242 0.106129 0.00112365 0.298837 0.179236 0.639746 0.939425 0.279872 0.347408 0.652912 0.969125 0.789525 0.675567 0.652105 0.779515 0.697826 0.362503 0.494045 0.480976 0.214455 0.573916 0.603561 0.0856771 0.78363 0.859543 0.186265 0.298484 0.434248 0.814233 0.621282 0.381386 0.571593 0.260533 0.519851 0.789618 0.726766 0.116732 0.0469927 0.381692 0.385663 0.295978 0.0146328 0.978441 0.768713 0.668997 0.451883 0.362308 0.0854902 0.647456 0.116116 0.355511 0.578981 0.525914 0.573178 0.182935 0.330011 0.958622 0.80022 0.650324 0.111998 0.665965 0.943504 0.20758 0.517983 0.62222 0.14838 0.914518 0.0589621 0.391864 0.55691 0.00580997 0.066373 0.0999204 0.978436 0.656002 0.0300436 0.0665123 0.167262 0.35515 0.823432 0.332544 0.528214 0.507518 0.35655 0.243525 0.69099 0.629516 0.531785 0.263284 0.540671 0.800901 0.024632 0.0176097 0.438257 0.289013 0.410605 0.0536486 0.290452 0.535182 0.303718 0.46869 0.152464 0.542451 0.619708 0.384596 0.879737 0.198395 0.407752 0.927506 0.269972 0.399917 0.841223 0.853391 0.978832 0.802353 0.909993 0.101684 0.309025 0.110833 0.435379 0.256401 0.337792 0.601936 0.932601 0.485597 0.575739 0.568902 0.298283 0.177338 0.0916709 0.826975 0.425092 0.402894 0.589665 0.380151 0.587986 0.130297 0.910631 0.514584 0.52805 0.631514 0.132772 0.259023 0.653263 0.396486 0.554636 0.480985 0.219728 0.485152 0.092152 0.0171516 0.334148 0.337424 0.484069
